[dotenv@17.3.1] injecting env (27) from .env -- tip: 🤖 agentic secret storage: https://dotenvx.com/as2
[32m[Nest] 26296  - [39m2026/08/14 10:09:12 [32m    LOG[39m [38;5;3m[NestFactory] [39m[32mStarting Nest application...[39m
[32m[Nest] 26296  - [39m2026/08/14 10:09:12 [32m    LOG[39m [38;5;3m[InstanceLoader] [39m[32mCacheModule dependencies initialized[39m[38;5;3m +49ms[39m
[32m[Nest] 26296  - [39m2026/08/14 10:09:12 [32m    LOG[39m [38;5;3m[InstanceLoader] [39m[32mTypeOrmModule dependencies initialized[39m[38;5;3m +0ms[39m
[32m[Nest] 26296  - [39m2026/08/14 10:09:12 [32m    LOG[39m [38;5;3m[InstanceLoader] [39m[32mSpiModule dependencies initialized[39m[38;5;3m +0ms[39m
[32m[Nest] 26296  - [39m2026/08/14 10:09:12 [32m    LOG[39m [38;5;3m[InstanceLoader] [39m[32mMulterModule dependencies initialized[39m[38;5;3m +0ms[39m
[32m[Nest] 26296  - [39m2026/08/14 10:09:12 [32m    LOG[39m [38;5;3m[InstanceLoader] [39m[32mAppModule dependencies initialized[39m[38;5;3m +0ms[39m
[32m[Nest] 26296  - [39m2026/08/14 10:09:12 [32m    LOG[39m [38;5;3m[InstanceLoader] [39m[32mJwtModule dependencies initialized[39m[38;5;3m +3ms[39m
[32m[Nest] 26296  - [39m2026/08/14 10:09:12 [32m    LOG[39m [38;5;3m[InstanceLoader] [39m[32mConfigHostModule dependencies initialized[39m[38;5;3m +0ms[39m
[32m[Nest] 26296  - [39m2026/08/14 10:09:12 [32m    LOG[39m [38;5;3m[InstanceLoader] [39m[32mRouterModule dependencies initialized[39m[38;5;3m +1ms[39m
[32m[Nest] 26296  - [39m2026/08/14 10:09:12 [32m    LOG[39m [38;5;3m[InstanceLoader] [39m[32mRouterModule dependencies initialized[39m[38;5;3m +0ms[39m
[32m[Nest] 26296  - [39m2026/08/14 10:09:12 [32m    LOG[39m [38;5;3m[InstanceLoader] [39m[32mRouterModule dependencies initialized[39m[38;5;3m +0ms[39m
[32m[Nest] 26296  - [39m2026/08/14 10:09:12 [32m    LOG[39m [38;5;3m[InstanceLoader] [39m[32mRouterModule dependencies initialized[39m[38;5;3m +0ms[39m
[32m[Nest] 26296  - [39m2026/08/14 10:09:12 [32m    LOG[39m [38;5;3m[InstanceLoader] [39m[32mRouterModule dependencies initialized[39m[38;5;3m +0ms[39m
[32m[Nest] 26296  - [39m2026/08/14 10:09:12 [32m    LOG[39m [38;5;3m[InstanceLoader] [39m[32mConfigModule dependencies initialized[39m[38;5;3m +1ms[39m
[32m[Nest] 26296  - [39m2026/08/14 10:09:12 [32m    LOG[39m [38;5;3m[InstanceLoader] [39m[32mConfigModule dependencies initialized[39m[38;5;3m +0ms[39m
[32m[Nest] 26296  - [39m2026/08/14 10:09:13 [32m    LOG[39m [38;5;3m[InstanceLoader] [39m[32mUploadFileModule dependencies initialized[39m[38;5;3m +104ms[39m
[32m[Nest] 26296  - [39m2026/08/14 10:09:13 [32m    LOG[39m [38;5;3m[InstanceLoader] [39m[32mTypeOrmCoreModule dependencies initialized[39m[38;5;3m +283ms[39m
[32m[Nest] 26296  - [39m2026/08/14 10:09:13 [32m    LOG[39m [38;5;3m[InstanceLoader] [39m[32mHealthModule dependencies initialized[39m[38;5;3m +0ms[39m
[32m[Nest] 26296  - [39m2026/08/14 10:09:13 [32m    LOG[39m [38;5;3m[InstanceLoader] [39m[32mTypeOrmModule dependencies initialized[39m[38;5;3m +0ms[39m
[32m[Nest] 26296  - [39m2026/08/14 10:09:13 [32m    LOG[39m [38;5;3m[InstanceLoader] [39m[32mTypeOrmModule dependencies initialized[39m[38;5;3m +0ms[39m
[32m[Nest] 26296  - [39m2026/08/14 10:09:13 [32m    LOG[39m [38;5;3m[InstanceLoader] [39m[32mTypeOrmModule dependencies initialized[39m[38;5;3m +0ms[39m
[32m[Nest] 26296  - [39m2026/08/14 10:09:13 [32m    LOG[39m [38;5;3m[InstanceLoader] [39m[32mTypeOrmModule dependencies initialized[39m[38;5;3m +0ms[39m
[32m[Nest] 26296  - [39m2026/08/14 10:09:13 [32m    LOG[39m [38;5;3m[InstanceLoader] [39m[32mTypeOrmModule dependencies initialized[39m[38;5;3m +0ms[39m
[32m[Nest] 26296  - [39m2026/08/14 10:09:13 [32m    LOG[39m [38;5;3m[InstanceLoader] [39m[32mTypeOrmModule dependencies initialized[39m[38;5;3m +0ms[39m
[32m[Nest] 26296  - [39m2026/08/14 10:09:13 [32m    LOG[39m [38;5;3m[InstanceLoader] [39m[32mTypeOrmModule dependencies initialized[39m[38;5;3m +0ms[39m
[32m[Nest] 26296  - [39m2026/08/14 10:09:13 [32m    LOG[39m [38;5;3m[InstanceLoader] [39m[32mTypeOrmModule dependencies initialized[39m[38;5;3m +1ms[39m
[32m[Nest] 26296  - [39m2026/08/14 10:09:13 [32m    LOG[39m [38;5;3m[InstanceLoader] [39m[32mTypeOrmModule dependencies initialized[39m[38;5;3m +0ms[39m
[32m[Nest] 26296  - [39m2026/08/14 10:09:13 [32m    LOG[39m [38;5;3m[InstanceLoader] [39m[32mTypeOrmModule dependencies initialized[39m[38;5;3m +0ms[39m
[32m[Nest] 26296  - [39m2026/08/14 10:09:13 [32m    LOG[39m [38;5;3m[InstanceLoader] [39m[32mTypeOrmModule dependencies initialized[39m[38;5;3m +0ms[39m
[32m[Nest] 26296  - [39m2026/08/14 10:09:13 [32m    LOG[39m [38;5;3m[InstanceLoader] [39m[32mTypeOrmModule dependencies initialized[39m[38;5;3m +0ms[39m
[32m[Nest] 26296  - [39m2026/08/14 10:09:13 [32m    LOG[39m [38;5;3m[InstanceLoader] [39m[32mTypeOrmModule dependencies initialized[39m[38;5;3m +0ms[39m
[32m[Nest] 26296  - [39m2026/08/14 10:09:13 [32m    LOG[39m [38;5;3m[InstanceLoader] [39m[32mTypeOrmModule dependencies initialized[39m[38;5;3m +0ms[39m
[32m[Nest] 26296  - [39m2026/08/14 10:09:13 [32m    LOG[39m [38;5;3m[InstanceLoader] [39m[32mTypeOrmModule dependencies initialized[39m[38;5;3m +0ms[39m
[32m[Nest] 26296  - [39m2026/08/14 10:09:13 [32m    LOG[39m [38;5;3m[InstanceLoader] [39m[32mTypeOrmModule dependencies initialized[39m[38;5;3m +0ms[39m
[32m[Nest] 26296  - [39m2026/08/14 10:09:13 [32m    LOG[39m [38;5;3m[InstanceLoader] [39m[32mTypeOrmModule dependencies initialized[39m[38;5;3m +0ms[39m
[32m[Nest] 26296  - [39m2026/08/14 10:09:13 [32m    LOG[39m [38;5;3m[InstanceLoader] [39m[32mDynamicAppModule dependencies initialized[39m[38;5;3m +0ms[39m
[32m[Nest] 26296  - [39m2026/08/14 10:09:13 [32m    LOG[39m [38;5;3m[InstanceLoader] [39m[32mLedgerModule dependencies initialized[39m[38;5;3m +4ms[39m
[32m[Nest] 26296  - [39m2026/08/14 10:09:13 [32m    LOG[39m [38;5;3m[TaskPreloaderService] [39m[32m预加载服务初始化: executorId=JIAOMOYAN-26296-b6a27e50, 动态分片[39m
[32m[Nest] 26296  - [39m2026/08/14 10:09:13 [32m    LOG[39m [38;5;3m[InstanceLoader] [39m[32mAuthModule dependencies initialized[39m[38;5;3m +0ms[39m
[32m[Nest] 26296  - [39m2026/08/14 10:09:13 [32m    LOG[39m [38;5;3m[InstanceLoader] [39m[32mInstallModule dependencies initialized[39m[38;5;3m +0ms[39m
[32m[Nest] 26296  - [39m2026/08/14 10:09:13 [32m    LOG[39m [38;5;3m[InstanceLoader] [39m[32mRouteSyncModule dependencies initialized[39m[38;5;3m +0ms[39m
[32m[Nest] 26296  - [39m2026/08/14 10:09:13 [32m    LOG[39m [38;5;3m[InstanceLoader] [39m[32mSupplierModule dependencies initialized[39m[38;5;3m +0ms[39m
[32m[Nest] 26296  - [39m2026/08/14 10:09:13 [32m    LOG[39m [38;5;3m[InstanceLoader] [39m[32mConfigModule dependencies initialized[39m[38;5;3m +0ms[39m
[32m[Nest] 26296  - [39m2026/08/14 10:09:13 [32m    LOG[39m [38;5;3m[InstanceLoader] [39m[32mDocumentModule dependencies initialized[39m[38;5;3m +0ms[39m
[32m[Nest] 26296  - [39m2026/08/14 10:09:13 [32m    LOG[39m [38;5;3m[InstanceLoader] [39m[32mSysModule dependencies initialized[39m[38;5;3m +0ms[39m
[32m[Nest] 26296  - [39m2026/08/14 10:09:13 [32m    LOG[39m [38;5;3m[InstanceLoader] [39m[32mDemoSchedulerModule dependencies initialized[39m[38;5;3m +1ms[39m
[32m[Nest] 26296  - [39m2026/08/14 10:09:13 [32m    LOG[39m [38;5;3m[InstanceLoader] [39m[32mUserModule dependencies initialized[39m[38;5;3m +0ms[39m
[32m[Nest] 26296  - [39m2026/08/14 10:09:13 [32m    LOG[39m [38;5;3m[InstanceLoader] [39m[32mRoleModule dependencies initialized[39m[38;5;3m +1ms[39m
[32m[Nest] 26296  - [39m2026/08/14 10:09:13 [32m    LOG[39m [38;5;3m[InstanceLoader] [39m[32mPermissionModule dependencies initialized[39m[38;5;3m +0ms[39m
[32m[Nest] 26296  - [39m2026/08/14 10:09:13 [32m    LOG[39m [38;5;3m[InstanceLoader] [39m[32mAppTypeModule dependencies initialized[39m[38;5;3m +0ms[39m
[32m[Nest] 26296  - [39m2026/08/14 10:09:13 [32m    LOG[39m [38;5;3m[InstanceLoader] [39m[32mAppModule dependencies initialized[39m[38;5;3m +0ms[39m
[32m[Nest] 26296  - [39m2026/08/14 10:09:13 [32m    LOG[39m [38;5;3m[InstanceLoader] [39m[32mAdModule dependencies initialized[39m[38;5;3m +0ms[39m
[32m[Nest] 26296  - [39m2026/08/14 10:09:13 [32m    LOG[39m [38;5;3m[InstanceLoader] [39m[32mMerchantModule dependencies initialized[39m[38;5;3m +0ms[39m
[32m[Nest] 26296  - [39m2026/08/14 10:09:13 [32m    LOG[39m [38;5;3m[InstanceLoader] [39m[32mAuditLogModule dependencies initialized[39m[38;5;3m +0ms[39m
[32m[Nest] 26296  - [39m2026/08/14 10:09:13 [32m    LOG[39m [38;5;3m[InstanceLoader] [39m[32mSchedulerModule dependencies initialized[39m[38;5;3m +0ms[39m
[Swagger] Document "sys" available at /api-docs/sys
[Swagger] Document "supplier" available at /api-docs/supplier
[Swagger] Document "merchant" available at /api-docs/merchant
[Swagger] Document "ad-extension" available at /api-docs/ad-extension
[Swagger] Document "document-extension" available at /api-docs/document-extension
[Swagger] Document "scheduler-extension" available at /api-docs/scheduler-extension
[32m[Nest] 26296  - [39m2026/08/14 10:09:13 [32m    LOG[39m [38;5;3m[PermissionValueSyncService] [39m[32m权限值缓存已初始化 (13 个标签)[39m
[Backend] 应用初始化完成
🔄 开始同步业务应用类型配置...
  √ 应用类型已存在：供应商 (supplier)
    √ 内置角色已存在：供应商管理员 (supplier_admin)
    √ 内置角色已存在：供应商成员 (supplier_member)
  √ 应用类型已存在：商家 (merchant)
    √ 内置角色已存在：商家管理员 (merchant_admin)
    √ 内置角色已存在：商家成员 (merchant_member)
✅ 业务应用类型配置同步完成
[32m[Nest] 26296  - [39m2026/08/14 10:09:13 [32m    LOG[39m [38;5;3m[RoutesResolver] [39m[32mAuthController {/api/auth}:[39m[38;5;3m +19ms[39m
[32m[Nest] 26296  - [39m2026/08/14 10:09:13 [32m    LOG[39m [38;5;3m[RouterExplorer] [39m[32mMapped {/api/auth/login, POST} route[39m[38;5;3m +3ms[39m
[32m[Nest] 26296  - [39m2026/08/14 10:09:13 [32m    LOG[39m [38;5;3m[RouterExplorer] [39m[32mMapped {/api/auth/refresh, POST} route[39m[38;5;3m +1ms[39m
[32m[Nest] 26296  - [39m2026/08/14 10:09:13 [32m    LOG[39m [38;5;3m[RouterExplorer] [39m[32mMapped {/api/auth/userinfo, POST} route[39m[38;5;3m +0ms[39m
[32m[Nest] 26296  - [39m2026/08/14 10:09:13 [32m    LOG[39m [38;5;3m[RouterExplorer] [39m[32mMapped {/api/auth/logout, POST} route[39m[38;5;3m +0ms[39m
[32m[Nest] 26296  - [39m2026/08/14 10:09:13 [32m    LOG[39m [38;5;3m[RouterExplorer] [39m[32mMapped {/api/auth/apps, GET} route[39m[38;5;3m +1ms[39m
[32m[Nest] 26296  - [39m2026/08/14 10:09:13 [32m    LOG[39m [38;5;3m[RouterExplorer] [39m[32mMapped {/api/auth/permissions, GET} route[39m[38;5;3m +0ms[39m
[32m[Nest] 26296  - [39m2026/08/14 10:09:13 [32m    LOG[39m [38;5;3m[RouterExplorer] [39m[32mMapped {/api/auth/register, POST} route[39m[38;5;3m +0ms[39m
[32m[Nest] 26296  - [39m2026/08/14 10:09:13 [32m    LOG[39m [38;5;3m[RouterExplorer] [39m[32mMapped {/api/auth/check-availability, GET} route[39m[38;5;3m +0ms[39m
[32m[Nest] 26296  - [39m2026/08/14 10:09:13 [32m    LOG[39m [38;5;3m[RouterExplorer] [39m[32mMapped {/api/auth/change-password, POST} route[39m[38;5;3m +1ms[39m
[32m[Nest] 26296  - [39m2026/08/14 10:09:13 [32m    LOG[39m [38;5;3m[RouterExplorer] [39m[32mMapped {/api/auth/sync-permissions, POST} route[39m[38;5;3m +0ms[39m
[32m[Nest] 26296  - [39m2026/08/14 10:09:13 [32m    LOG[39m [38;5;3m[RouterExplorer] [39m[32mMapped {/api/auth/verify-developer, POST} route[39m[38;5;3m +0ms[39m
[32m[Nest] 26296  - [39m2026/08/14 10:09:13 [32m    LOG[39m [38;5;3m[RouterExplorer] [39m[32mMapped {/api/auth/set-developer-password, POST} route[39m[38;5;3m +0ms[39m
[32m[Nest] 26296  - [39m2026/08/14 10:09:13 [32m    LOG[39m [38;5;3m[RoutesResolver] [39m[32mUserController {/api/users}:[39m[38;5;3m +0ms[39m
[32m[Nest] 26296  - [39m2026/08/14 10:09:13 [32m    LOG[39m [38;5;3m[RouterExplorer] [39m[32mMapped {/api/users, POST} route[39m[38;5;3m +1ms[39m
[32m[Nest] 26296  - [39m2026/08/14 10:09:13 [32m    LOG[39m [38;5;3m[RouterExplorer] [39m[32mMapped {/api/users/admin-create, POST} route[39m[38;5;3m +0ms[39m
[32m[Nest] 26296  - [39m2026/08/14 10:09:13 [32m    LOG[39m [38;5;3m[RouterExplorer] [39m[32mMapped {/api/users, GET} route[39m[38;5;3m +0ms[39m
[32m[Nest] 26296  - [39m2026/08/14 10:09:13 [32m    LOG[39m [38;5;3m[RouterExplorer] [39m[32mMapped {/api/users/find-one, GET} route[39m[38;5;3m +0ms[39m
[32m[Nest] 26296  - [39m2026/08/14 10:09:13 [32m    LOG[39m [38;5;3m[RouterExplorer] [39m[32mMapped {/api/users/:id, GET} route[39m[38;5;3m +0ms[39m
[32m[Nest] 26296  - [39m2026/08/14 10:09:13 [32m    LOG[39m [38;5;3m[RouterExplorer] [39m[32mMapped {/api/users/:id, PUT} route[39m[38;5;3m +1ms[39m
[32m[Nest] 26296  - [39m2026/08/14 10:09:13 [32m    LOG[39m [38;5;3m[RouterExplorer] [39m[32mMapped {/api/users/:id, DELETE} route[39m[38;5;3m +0ms[39m
[32m[Nest] 26296  - [39m2026/08/14 10:09:13 [32m    LOG[39m [38;5;3m[RouterExplorer] [39m[32mMapped {/api/users/:id/status, PUT} route[39m[38;5;3m +0ms[39m
[32m[Nest] 26296  - [39m2026/08/14 10:09:13 [32m    LOG[39m [38;5;3m[RouterExplorer] [39m[32mMapped {/api/users/:id/reset-password, POST} route[39m[38;5;3m +0ms[39m
[32m[Nest] 26296  - [39m2026/08/14 10:09:13 [32m    LOG[39m [38;5;3m[RoutesResolver] [39m[32mRoleController {/api/roles}:[39m[38;5;3m +0ms[39m
[32m[Nest] 26296  - [39m2026/08/14 10:09:13 [32m    LOG[39m [38;5;3m[RouterExplorer] [39m[32mMapped {/api/roles, POST} route[39m[38;5;3m +0ms[39m
[32m[Nest] 26296  - [39m2026/08/14 10:09:13 [32m    LOG[39m [38;5;3m[RouterExplorer] [39m[32mMapped {/api/roles, GET} route[39m[38;5;3m +0ms[39m
[32m[Nest] 26296  - [39m2026/08/14 10:09:13 [32m    LOG[39m [38;5;3m[RouterExplorer] [39m[32mMapped {/api/roles/:id, GET} route[39m[38;5;3m +1ms[39m
[32m[Nest] 26296  - [39m2026/08/14 10:09:13 [32m    LOG[39m [38;5;3m[RouterExplorer] [39m[32mMapped {/api/roles/:id, PUT} route[39m[38;5;3m +0ms[39m
[32m[Nest] 26296  - [39m2026/08/14 10:09:13 [32m    LOG[39m [38;5;3m[RouterExplorer] [39m[32mMapped {/api/roles/:id, DELETE} route[39m[38;5;3m +0ms[39m
[32m[Nest] 26296  - [39m2026/08/14 10:09:13 [32m    LOG[39m [38;5;3m[RouterExplorer] [39m[32mMapped {/api/roles/:id/permissions, POST} route[39m[38;5;3m +0ms[39m
[32m[Nest] 26296  - [39m2026/08/14 10:09:13 [32m    LOG[39m [38;5;3m[RouterExplorer] [39m[32mMapped {/api/roles/:id/permissions, GET} route[39m[38;5;3m +0ms[39m
[32m[Nest] 26296  - [39m2026/08/14 10:09:13 [32m    LOG[39m [38;5;3m[RoutesResolver] [39m[32mPermissionController {/api/permissions}:[39m[38;5;3m +0ms[39m
[32m[Nest] 26296  - [39m2026/08/14 10:09:13 [32m    LOG[39m [38;5;3m[RouterExplorer] [39m[32mMapped {/api/permissions, POST} route[39m[38;5;3m +0ms[39m
[32m[Nest] 26296  - [39m2026/08/14 10:09:13 [32m    LOG[39m [38;5;3m[RouterExplorer] [39m[32mMapped {/api/permissions, GET} route[39m[38;5;3m +1ms[39m
[32m[Nest] 26296  - [39m2026/08/14 10:09:13 [32m    LOG[39m [38;5;3m[RouterExplorer] [39m[32mMapped {/api/permissions/tree/all, GET} route[39m[38;5;3m +0ms[39m
[32m[Nest] 26296  - [39m2026/08/14 10:09:13 [32m    LOG[39m [38;5;3m[RouterExplorer] [39m[32mMapped {/api/permissions/tree, GET} route[39m[38;5;3m +0ms[39m
[32m[Nest] 26296  - [39m2026/08/14 10:09:13 [32m    LOG[39m [38;5;3m[RouterExplorer] [39m[32mMapped {/api/permissions/:id, GET} route[39m[38;5;3m +0ms[39m
[32m[Nest] 26296  - [39m2026/08/14 10:09:13 [32m    LOG[39m [38;5;3m[RouterExplorer] [39m[32mMapped {/api/permissions/:id, PUT} route[39m[38;5;3m +1ms[39m
[32m[Nest] 26296  - [39m2026/08/14 10:09:13 [32m    LOG[39m [38;5;3m[RouterExplorer] [39m[32mMapped {/api/permissions/:id, DELETE} route[39m[38;5;3m +0ms[39m
[32m[Nest] 26296  - [39m2026/08/14 10:09:13 [32m    LOG[39m [38;5;3m[RouterExplorer] [39m[32mMapped {/api/permissions/batch, POST} route[39m[38;5;3m +0ms[39m
[32m[Nest] 26296  - [39m2026/08/14 10:09:13 [32m    LOG[39m [38;5;3m[RoutesResolver] [39m[32mPermissionValuesController {/api/permission-values}:[39m[38;5;3m +0ms[39m
[32m[Nest] 26296  - [39m2026/08/14 10:09:13 [32m    LOG[39m [38;5;3m[RouterExplorer] [39m[32mMapped {/api/permission-values, GET} route[39m[38;5;3m +0ms[39m
[32m[Nest] 26296  - [39m2026/08/14 10:09:13 [32m    LOG[39m [38;5;3m[RoutesResolver] [39m[32mAppTypeController {/api/app-types}:[39m[38;5;3m +0ms[39m
[32m[Nest] 26296  - [39m2026/08/14 10:09:13 [32m    LOG[39m [38;5;3m[RouterExplorer] [39m[32mMapped {/api/app-types, POST} route[39m[38;5;3m +0ms[39m
[32m[Nest] 26296  - [39m2026/08/14 10:09:13 [32m    LOG[39m [38;5;3m[RouterExplorer] [39m[32mMapped {/api/app-types, GET} route[39m[38;5;3m +0ms[39m
[32m[Nest] 26296  - [39m2026/08/14 10:09:13 [32m    LOG[39m [38;5;3m[RouterExplorer] [39m[32mMapped {/api/app-types/all, GET} route[39m[38;5;3m +1ms[39m
[32m[Nest] 26296  - [39m2026/08/14 10:09:13 [32m    LOG[39m [38;5;3m[RouterExplorer] [39m[32mMapped {/api/app-types/:id, GET} route[39m[38;5;3m +0ms[39m
[32m[Nest] 26296  - [39m2026/08/14 10:09:13 [32m    LOG[39m [38;5;3m[RouterExplorer] [39m[32mMapped {/api/app-types/:appTypeId/permission-pool, GET} route[39m[38;5;3m +0ms[39m
[32m[Nest] 26296  - [39m2026/08/14 10:09:13 [32m    LOG[39m [38;5;3m[RouterExplorer] [39m[32mMapped {/api/app-types/:appTypeId/permission-pool, PUT} route[39m[38;5;3m +0ms[39m
[32m[Nest] 26296  - [39m2026/08/14 10:09:13 [32m    LOG[39m [38;5;3m[RouterExplorer] [39m[32mMapped {/api/app-types/:id, PUT} route[39m[38;5;3m +0ms[39m
[32m[Nest] 26296  - [39m2026/08/14 10:09:13 [32m    LOG[39m [38;5;3m[RouterExplorer] [39m[32mMapped {/api/app-types/:id, DELETE} route[39m[38;5;3m +0ms[39m
[32m[Nest] 26296  - [39m2026/08/14 10:09:13 [32m    LOG[39m [38;5;3m[RouterExplorer] [39m[32mMapped {/api/app-types/:id/status, PUT} route[39m[38;5;3m +0ms[39m
[32m[Nest] 26296  - [39m2026/08/14 10:09:13 [32m    LOG[39m [38;5;3m[RouterExplorer] [39m[32mMapped {/api/app-types/:id/custom-menu, GET} route[39m[38;5;3m +1ms[39m
[32m[Nest] 26296  - [39m2026/08/14 10:09:13 [32m    LOG[39m [38;5;3m[RouterExplorer] [39m[32mMapped {/api/app-types/:id/custom-menu, PUT} route[39m[38;5;3m +0ms[39m
[32m[Nest] 26296  - [39m2026/08/14 10:09:13 [32m    LOG[39m [38;5;3m[RouterExplorer] [39m[32mMapped {/api/app-types/:id/custom-menu, DELETE} route[39m[38;5;3m +0ms[39m
[32m[Nest] 26296  - [39m2026/08/14 10:09:13 [32m    LOG[39m [38;5;3m[RoutesResolver] [39m[32mAppController {/api/apps}:[39m[38;5;3m +0ms[39m
[32m[Nest] 26296  - [39m2026/08/14 10:09:13 [32m    LOG[39m [38;5;3m[RouterExplorer] [39m[32mMapped {/api/apps, POST} route[39m[38;5;3m +0ms[39m
[32m[Nest] 26296  - [39m2026/08/14 10:09:13 [32m    LOG[39m [38;5;3m[RouterExplorer] [39m[32mMapped {/api/apps, GET} route[39m[38;5;3m +0ms[39m
[32m[Nest] 26296  - [39m2026/08/14 10:09:13 [32m    LOG[39m [38;5;3m[RouterExplorer] [39m[32mMapped {/api/apps/:id, GET} route[39m[38;5;3m +0ms[39m
[32m[Nest] 26296  - [39m2026/08/14 10:09:13 [32m    LOG[39m [38;5;3m[RouterExplorer] [39m[32mMapped {/api/apps/:id, PUT} route[39m[38;5;3m +0ms[39m
[32m[Nest] 26296  - [39m2026/08/14 10:09:13 [32m    LOG[39m [38;5;3m[RouterExplorer] [39m[32mMapped {/api/apps/:id, DELETE} route[39m[38;5;3m +0ms[39m
[32m[Nest] 26296  - [39m2026/08/14 10:09:13 [32m    LOG[39m [38;5;3m[RouterExplorer] [39m[32mMapped {/api/apps/:id/owner, PUT} route[39m[38;5;3m +1ms[39m
[32m[Nest] 26296  - [39m2026/08/14 10:09:13 [32m    LOG[39m [38;5;3m[RouterExplorer] [39m[32mMapped {/api/apps/:id/status, PUT} route[39m[38;5;3m +0ms[39m
[32m[Nest] 26296  - [39m2026/08/14 10:09:13 [32m    LOG[39m [38;5;3m[RoutesResolver] [39m[32mAppMemberController {/api/apps/:appId/members}:[39m[38;5;3m +0ms[39m
[32m[Nest] 26296  - [39m2026/08/14 10:09:13 [32m    LOG[39m [38;5;3m[RouterExplorer] [39m[32mMapped {/api/apps/:appId/members, POST} route[39m[38;5;3m +0ms[39m
[32m[Nest] 26296  - [39m2026/08/14 10:09:13 [32m    LOG[39m [38;5;3m[RouterExplorer] [39m[32mMapped {/api/apps/:appId/members, GET} route[39m[38;5;3m +0ms[39m
[32m[Nest] 26296  - [39m2026/08/14 10:09:13 [32m    LOG[39m [38;5;3m[RouterExplorer] [39m[32mMapped {/api/apps/:appId/members/:userId/roles, PUT} route[39m[38;5;3m +0ms[39m
[32m[Nest] 26296  - [39m2026/08/14 10:09:13 [32m    LOG[39m [38;5;3m[RouterExplorer] [39m[32mMapped {/api/apps/:appId/members/:userId, DELETE} route[39m[38;5;3m +0ms[39m
[32m[Nest] 26296  - [39m2026/08/14 10:09:13 [32m    LOG[39m [38;5;3m[RouterExplorer] [39m[32mMapped {/api/apps/:appId/members/available-roles, GET} route[39m[38;5;3m +1ms[39m
[32m[Nest] 26296  - [39m2026/08/14 10:09:13 [32m    LOG[39m [38;5;3m[RoutesResolver] [39m[32mAuditLogController {/api/audit-logs}:[39m[38;5;3m +0ms[39m
[32m[Nest] 26296  - [39m2026/08/14 10:09:13 [32m    LOG[39m [38;5;3m[RouterExplorer] [39m[32mMapped {/api/audit-logs, GET} route[39m[38;5;3m +0ms[39m
[32m[Nest] 26296  - [39m2026/08/14 10:09:13 [32m    LOG[39m [38;5;3m[RouterExplorer] [39m[32mMapped {/api/audit-logs/:id, GET} route[39m[38;5;3m +0ms[39m
[32m[Nest] 26296  - [39m2026/08/14 10:09:13 [32m    LOG[39m [38;5;3m[RouterExplorer] [39m[32mMapped {/api/audit-logs/target/:targetId, GET} route[39m[38;5;3m +0ms[39m
[32m[Nest] 26296  - [39m2026/08/14 10:09:13 [32m    LOG[39m [38;5;3m[RouterExplorer] [39m[32mMapped {/api/audit-logs/operator/:operatorId, GET} route[39m[38;5;3m +0ms[39m
[32m[Nest] 26296  - [39m2026/08/14 10:09:13 [32m    LOG[39m [38;5;3m[RouterExplorer] [39m[32mMapped {/api/audit-logs/before/:beforeDate, DELETE} route[39m[38;5;3m +0ms[39m
[32m[Nest] 26296  - [39m2026/08/14 10:09:13 [32m    LOG[39m [38;5;3m[RoutesResolver] [39m[32mInstallController {/api/install}:[39m[38;5;3m +0ms[39m
[32m[Nest] 26296  - [39m2026/08/14 10:09:13 [32m    LOG[39m [38;5;3m[RouterExplorer] [39m[32mMapped {/api/install/status, GET} route[39m[38;5;3m +1ms[39m
[32m[Nest] 26296  - [39m2026/08/14 10:09:13 [32m    LOG[39m [38;5;3m[RouterExplorer] [39m[32mMapped {/api/install/init, POST} route[39m[38;5;3m +0ms[39m
[32m[Nest] 26296  - [39m2026/08/14 10:09:13 [32m    LOG[39m [38;5;3m[RoutesResolver] [39m[32mUploadFileController {/api/upload-files}:[39m[38;5;3m +0ms[39m
[32m[Nest] 26296  - [39m2026/08/14 10:09:13 [32m    LOG[39m [38;5;3m[RouterExplorer] [39m[32mMapped {/api/upload-files/oss-authorization, GET} route[39m[38;5;3m +0ms[39m
[32m[Nest] 26296  - [39m2026/08/14 10:09:13 [32m    LOG[39m [38;5;3m[RouterExplorer] [39m[32mMapped {/api/upload-files, POST} route[39m[38;5;3m +0ms[39m
[32m[Nest] 26296  - [39m2026/08/14 10:09:13 [32m    LOG[39m [38;5;3m[RouterExplorer] [39m[32mMapped {/api/upload-files/batch, POST} route[39m[38;5;3m +0ms[39m
[32m[Nest] 26296  - [39m2026/08/14 10:09:13 [32m    LOG[39m [38;5;3m[RoutesResolver] [39m[32mRouteSyncController {/api/route-sync}:[39m[38;5;3m +0ms[39m
[32m[Nest] 26296  - [39m2026/08/14 10:09:13 [32m    LOG[39m [38;5;3m[RouterExplorer] [39m[32mMapped {/api/route-sync/check, POST} route[39m[38;5;3m +0ms[39m
[32m[Nest] 26296  - [39m2026/08/14 10:09:13 [32m    LOG[39m [38;5;3m[RouterExplorer] [39m[32mMapped {/api/route-sync/sync, POST} route[39m[38;5;3m +1ms[39m
[32m[Nest] 26296  - [39m2026/08/14 10:09:13 [32m    LOG[39m [38;5;3m[RoutesResolver] [39m[32mHealthController {/api/health}:[39m[38;5;3m +0ms[39m
[32m[Nest] 26296  - [39m2026/08/14 10:09:13 [32m    LOG[39m [38;5;3m[RouterExplorer] [39m[32mMapped {/api/health, GET} route[39m[38;5;3m +0ms[39m
[32m[Nest] 26296  - [39m2026/08/14 10:09:13 [32m    LOG[39m [38;5;3m[RouterExplorer] [39m[32mMapped {/api/health/ready, GET} route[39m[38;5;3m +0ms[39m
[32m[Nest] 26296  - [39m2026/08/14 10:09:13 [32m    LOG[39m [38;5;3m[RouterExplorer] [39m[32mMapped {/api/health/live, GET} route[39m[38;5;3m +0ms[39m
[32m[Nest] 26296  - [39m2026/08/14 10:09:13 [32m    LOG[39m [38;5;3m[RoutesResolver] [39m[32mSupplierController {/api/supplier}:[39m[38;5;3m +0ms[39m
[32m[Nest] 26296  - [39m2026/08/14 10:09:13 [32m    LOG[39m [38;5;3m[RouterExplorer] [39m[32mMapped {/api/supplier/profile/:memberId, POST} route[39m[38;5;3m +1ms[39m
[32m[Nest] 26296  - [39m2026/08/14 10:09:13 [32m    LOG[39m [38;5;3m[RouterExplorer] [39m[32mMapped {/api/supplier/profile/:memberId, GET} route[39m[38;5;3m +0ms[39m
[32m[Nest] 26296  - [39m2026/08/14 10:09:13 [32m    LOG[39m [38;5;3m[RouterExplorer] [39m[32mMapped {/api/supplier/profile/:memberId, PUT} route[39m[38;5;3m +0ms[39m
[32m[Nest] 26296  - [39m2026/08/14 10:09:13 [32m    LOG[39m [38;5;3m[RouterExplorer] [39m[32mMapped {/api/supplier/profiles, GET} route[39m[38;5;3m +0ms[39m
[32m[Nest] 26296  - [39m2026/08/14 10:09:13 [32m    LOG[39m [38;5;3m[RoutesResolver] [39m[32mMerchantController {/api/merchants}:[39m[38;5;3m +0ms[39m
[32m[Nest] 26296  - [39m2026/08/14 10:09:13 [32m    LOG[39m [38;5;3m[RouterExplorer] [39m[32mMapped {/api/merchants, POST} route[39m[38;5;3m +1ms[39m
[32m[Nest] 26296  - [39m2026/08/14 10:09:13 [32m    LOG[39m [38;5;3m[RouterExplorer] [39m[32mMapped {/api/merchants/register-third-party, POST} route[39m[38;5;3m +0ms[39m
[32m[Nest] 26296  - [39m2026/08/14 10:09:13 [32m    LOG[39m [38;5;3m[RouterExplorer] [39m[32mMapped {/api/merchants, GET} route[39m[38;5;3m +0ms[39m
[32m[Nest] 26296  - [39m2026/08/14 10:09:13 [32m    LOG[39m [38;5;3m[RouterExplorer] [39m[32mMapped {/api/merchants/:id, GET} route[39m[38;5;3m +1ms[39m
[32m[Nest] 26296  - [39m2026/08/14 10:09:13 [32m    LOG[39m [38;5;3m[RouterExplorer] [39m[32mMapped {/api/merchants/:id, PUT} route[39m[38;5;3m +0ms[39m
[32m[Nest] 26296  - [39m2026/08/14 10:09:13 [32m    LOG[39m [38;5;3m[RouterExplorer] [39m[32mMapped {/api/merchants/:id/disable, PUT} route[39m[38;5;3m +0ms[39m
[32m[Nest] 26296  - [39m2026/08/14 10:09:13 [32m    LOG[39m [38;5;3m[RouterExplorer] [39m[32mMapped {/api/merchants/:id/enable, PUT} route[39m[38;5;3m +0ms[39m
[32m[Nest] 26296  - [39m2026/08/14 10:09:13 [32m    LOG[39m [38;5;3m[RouterExplorer] [39m[32mMapped {/api/merchants/:id, DELETE} route[39m[38;5;3m +0ms[39m
[32m[Nest] 26296  - [39m2026/08/14 10:09:13 [32m    LOG[39m [38;5;3m[RoutesResolver] [39m[32mAdPlacementController {/api/ext/ad/ad-placements}:[39m[38;5;3m +0ms[39m
[32m[Nest] 26296  - [39m2026/08/14 10:09:13 [32m    LOG[39m [38;5;3m[RouterExplorer] [39m[32mMapped {/api/ext/ad/ad-placements, POST} route[39m[38;5;3m +0ms[39m
[32m[Nest] 26296  - [39m2026/08/14 10:09:13 [32m    LOG[39m [38;5;3m[RouterExplorer] [39m[32mMapped {/api/ext/ad/ad-placements, GET} route[39m[38;5;3m +1ms[39m
[32m[Nest] 26296  - [39m2026/08/14 10:09:13 [32m    LOG[39m [38;5;3m[RouterExplorer] [39m[32mMapped {/api/ext/ad/ad-placements/by-code, GET} route[39m[38;5;3m +0ms[39m
[32m[Nest] 26296  - [39m2026/08/14 10:09:13 [32m    LOG[39m [38;5;3m[RouterExplorer] [39m[32mMapped {/api/ext/ad/ad-placements/:id, GET} route[39m[38;5;3m +0ms[39m
[32m[Nest] 26296  - [39m2026/08/14 10:09:13 [32m    LOG[39m [38;5;3m[RouterExplorer] [39m[32mMapped {/api/ext/ad/ad-placements/:id, PUT} route[39m[38;5;3m +0ms[39m
[32m[Nest] 26296  - [39m2026/08/14 10:09:13 [32m    LOG[39m [38;5;3m[RouterExplorer] [39m[32mMapped {/api/ext/ad/ad-placements/:id, DELETE} route[39m[38;5;3m +0ms[39m
[32m[Nest] 26296  - [39m2026/08/14 10:09:13 [32m    LOG[39m [38;5;3m[RoutesResolver] [39m[32mAdController {/api/ext/ad/ad-contents}:[39m[38;5;3m +0ms[39m
[32m[Nest] 26296  - [39m2026/08/14 10:09:13 [32m    LOG[39m [38;5;3m[RouterExplorer] [39m[32mMapped {/api/ext/ad/ad-contents, POST} route[39m[38;5;3m +0ms[39m
[32m[Nest] 26296  - [39m2026/08/14 10:09:13 [32m    LOG[39m [38;5;3m[RouterExplorer] [39m[32mMapped {/api/ext/ad/ad-contents, GET} route[39m[38;5;3m +0ms[39m
[32m[Nest] 26296  - [39m2026/08/14 10:09:13 [32m    LOG[39m [38;5;3m[RouterExplorer] [39m[32mMapped {/api/ext/ad/ad-contents/:id, GET} route[39m[38;5;3m +1ms[39m
[32m[Nest] 26296  - [39m2026/08/14 10:09:13 [32m    LOG[39m [38;5;3m[RouterExplorer] [39m[32mMapped {/api/ext/ad/ad-contents/batch-sort, PUT} route[39m[38;5;3m +0ms[39m
[32m[Nest] 26296  - [39m2026/08/14 10:09:13 [32m    LOG[39m [38;5;3m[RouterExplorer] [39m[32mMapped {/api/ext/ad/ad-contents/:id, PUT} route[39m[38;5;3m +0ms[39m
[32m[Nest] 26296  - [39m2026/08/14 10:09:13 [32m    LOG[39m [38;5;3m[RouterExplorer] [39m[32mMapped {/api/ext/ad/ad-contents/:id, DELETE} route[39m[38;5;3m +0ms[39m
[32m[Nest] 26296  - [39m2026/08/14 10:09:13 [32m    LOG[39m [38;5;3m[RoutesResolver] [39m[32mConfigController {/api/ext/config}:[39m[38;5;3m +0ms[39m
[32m[Nest] 26296  - [39m2026/08/14 10:09:13 [32m    LOG[39m [38;5;3m[RouterExplorer] [39m[32mMapped {/api/ext/config/group/:groupKey, GET} route[39m[38;5;3m +0ms[39m
[32m[Nest] 26296  - [39m2026/08/14 10:09:13 [32m    LOG[39m [38;5;3m[RouterExplorer] [39m[32mMapped {/api/ext/config/batch, PUT} route[39m[38;5;3m +0ms[39m
[32m[Nest] 26296  - [39m2026/08/14 10:09:13 [32m    LOG[39m [38;5;3m[RouterExplorer] [39m[32mMapped {/api/ext/config/:id, DELETE} route[39m[38;5;3m +0ms[39m
[32m[Nest] 26296  - [39m2026/08/14 10:09:13 [32m    LOG[39m [38;5;3m[RoutesResolver] [39m[32mConfigPubController {/api/ext/config/pub}:[39m[38;5;3m +0ms[39m
[32m[Nest] 26296  - [39m2026/08/14 10:09:13 [32m    LOG[39m [38;5;3m[RouterExplorer] [39m[32mMapped {/api/ext/config/pub/:groupKey, GET} route[39m[38;5;3m +0ms[39m
[32m[Nest] 26296  - [39m2026/08/14 10:09:13 [32m    LOG[39m [38;5;3m[RoutesResolver] [39m[32mDocumentController {/api/ext/document}:[39m[38;5;3m +0ms[39m
[32m[Nest] 26296  - [39m2026/08/14 10:09:13 [32m    LOG[39m [38;5;3m[RouterExplorer] [39m[32mMapped {/api/ext/document/list, GET} route[39m[38;5;3m +0ms[39m
[32m[Nest] 26296  - [39m2026/08/14 10:09:13 [32m    LOG[39m [38;5;3m[RouterExplorer] [39m[32mMapped {/api/ext/document/listByKey, GET} route[39m[38;5;3m +0ms[39m
[32m[Nest] 26296  - [39m2026/08/14 10:09:13 [32m    LOG[39m [38;5;3m[RouterExplorer] [39m[32mMapped {/api/ext/document/docGroupDict, GET} route[39m[38;5;3m +0ms[39m
[32m[Nest] 26296  - [39m2026/08/14 10:09:13 [32m    LOG[39m [38;5;3m[RouterExplorer] [39m[32mMapped {/api/ext/document/byOnlyKey/:onlyKey, GET} route[39m[38;5;3m +0ms[39m
[32m[Nest] 26296  - [39m2026/08/14 10:09:13 [32m    LOG[39m [38;5;3m[RouterExplorer] [39m[32mMapped {/api/ext/document/:id/ext, GET} route[39m[38;5;3m +0ms[39m
[32m[Nest] 26296  - [39m2026/08/14 10:09:13 [32m    LOG[39m [38;5;3m[RouterExplorer] [39m[32mMapped {/api/ext/document/:id, GET} route[39m[38;5;3m +0ms[39m
[32m[Nest] 26296  - [39m2026/08/14 10:09:13 [32m    LOG[39m [38;5;3m[RouterExplorer] [39m[32mMapped {/api/ext/document, POST} route[39m[38;5;3m +0ms[39m
[32m[Nest] 26296  - [39m2026/08/14 10:09:13 [32m    LOG[39m [38;5;3m[RouterExplorer] [39m[32mMapped {/api/ext/document/totals, PUT} route[39m[38;5;3m +0ms[39m
[32m[Nest] 26296  - [39m2026/08/14 10:09:13 [32m    LOG[39m [38;5;3m[RouterExplorer] [39m[32mMapped {/api/ext/document/:id/ext, PUT} route[39m[38;5;3m +0ms[39m
[32m[Nest] 26296  - [39m2026/08/14 10:09:13 [32m    LOG[39m [38;5;3m[RouterExplorer] [39m[32mMapped {/api/ext/document/:id, PUT} route[39m[38;5;3m +1ms[39m
[32m[Nest] 26296  - [39m2026/08/14 10:09:13 [32m    LOG[39m [38;5;3m[RouterExplorer] [39m[32mMapped {/api/ext/document/:id, DELETE} route[39m[38;5;3m +0ms[39m
[32m[Nest] 26296  - [39m2026/08/14 10:09:13 [32m    LOG[39m [38;5;3m[RoutesResolver] [39m[32mDocumentPubController {/api/ext/document/pub}:[39m[38;5;3m +0ms[39m
[32m[Nest] 26296  - [39m2026/08/14 10:09:13 [32m    LOG[39m [38;5;3m[RouterExplorer] [39m[32mMapped {/api/ext/document/pub/listByKey, GET} route[39m[38;5;3m +0ms[39m
[32m[Nest] 26296  - [39m2026/08/14 10:09:13 [32m    LOG[39m [38;5;3m[RouterExplorer] [39m[32mMapped {/api/ext/document/pub/:onlyKey, GET} route[39m[38;5;3m +0ms[39m
[32m[Nest] 26296  - [39m2026/08/14 10:09:13 [32m    LOG[39m [38;5;3m[RoutesResolver] [39m[32mLedgerAccountController {/api/ext/ledger/accounts}:[39m[38;5;3m +0ms[39m
[32m[Nest] 26296  - [39m2026/08/14 10:09:13 [32m    LOG[39m [38;5;3m[RouterExplorer] [39m[32mMapped {/api/ext/ledger/accounts, POST} route[39m[38;5;3m +0ms[39m
[32m[Nest] 26296  - [39m2026/08/14 10:09:13 [32m    LOG[39m [38;5;3m[RouterExplorer] [39m[32mMapped {/api/ext/ledger/accounts, GET} route[39m[38;5;3m +0ms[39m
[32m[Nest] 26296  - [39m2026/08/14 10:09:13 [32m    LOG[39m [38;5;3m[RouterExplorer] [39m[32mMapped {/api/ext/ledger/accounts/:id, GET} route[39m[38;5;3m +0ms[39m
[32m[Nest] 26296  - [39m2026/08/14 10:09:13 [32m    LOG[39m [38;5;3m[RoutesResolver] [39m[32mLedgerTransferController {/api/ext/ledger/transfers}:[39m[38;5;3m +0ms[39m
[32m[Nest] 26296  - [39m2026/08/14 10:09:13 [32m    LOG[39m [38;5;3m[RouterExplorer] [39m[32mMapped {/api/ext/ledger/transfers, POST} route[39m[38;5;3m +0ms[39m
[32m[Nest] 26296  - [39m2026/08/14 10:09:13 [32m    LOG[39m [38;5;3m[RouterExplorer] [39m[32mMapped {/api/ext/ledger/transfers/audit, POST} route[39m[38;5;3m +1ms[39m
[32m[Nest] 26296  - [39m2026/08/14 10:09:13 [32m    LOG[39m [38;5;3m[RouterExplorer] [39m[32mMapped {/api/ext/ledger/transfers/reverse, POST} route[39m[38;5;3m +0ms[39m
[32m[Nest] 26296  - [39m2026/08/14 10:09:13 [32m    LOG[39m [38;5;3m[RouterExplorer] [39m[32mMapped {/api/ext/ledger/transfers/repost/:transferNo, PUT} route[39m[38;5;3m +0ms[39m
[32m[Nest] 26296  - [39m2026/08/14 10:09:13 [32m    LOG[39m [38;5;3m[RouterExplorer] [39m[32mMapped {/api/ext/ledger/transfers/batch-repost, PUT} route[39m[38;5;3m +0ms[39m
[32m[Nest] 26296  - [39m2026/08/14 10:09:13 [32m    LOG[39m [38;5;3m[RouterExplorer] [39m[32mMapped {/api/ext/ledger/transfers/cancel/:transferNo, PUT} route[39m[38;5;3m +0ms[39m
[32m[Nest] 26296  - [39m2026/08/14 10:09:13 [32m    LOG[39m [38;5;3m[RouterExplorer] [39m[32mMapped {/api/ext/ledger/transfers, GET} route[39m[38;5;3m +0ms[39m
[32m[Nest] 26296  - [39m2026/08/14 10:09:13 [32m    LOG[39m [38;5;3m[RouterExplorer] [39m[32mMapped {/api/ext/ledger/transfers/:transferNo, GET} route[39m[38;5;3m +0ms[39m
[32m[Nest] 26296  - [39m2026/08/14 10:09:13 [32m    LOG[39m [38;5;3m[RoutesResolver] [39m[32mLedgerEntryController {/api/ext/ledger/entries}:[39m[38;5;3m +0ms[39m
[32m[Nest] 26296  - [39m2026/08/14 10:09:13 [32m    LOG[39m [38;5;3m[RouterExplorer] [39m[32mMapped {/api/ext/ledger/entries, GET} route[39m[38;5;3m +1ms[39m
[32m[Nest] 26296  - [39m2026/08/14 10:09:13 [32m    LOG[39m [38;5;3m[RouterExplorer] [39m[32mMapped {/api/ext/ledger/entries/export, GET} route[39m[38;5;3m +0ms[39m
[32m[Nest] 26296  - [39m2026/08/14 10:09:13 [32m    LOG[39m [38;5;3m[RoutesResolver] [39m[32mLedgerReconcileController {/api/ext/ledger/reconcile}:[39m[38;5;3m +0ms[39m
[32m[Nest] 26296  - [39m2026/08/14 10:09:13 [32m    LOG[39m [38;5;3m[RouterExplorer] [39m[32mMapped {/api/ext/ledger/reconcile, POST} route[39m[38;5;3m +0ms[39m
[32m[Nest] 26296  - [39m2026/08/14 10:09:13 [32m    LOG[39m [38;5;3m[RouterExplorer] [39m[32mMapped {/api/ext/ledger/reconcile/reports, GET} route[39m[38;5;3m +0ms[39m
[32m[Nest] 26296  - [39m2026/08/14 10:09:13 [32m    LOG[39m [38;5;3m[RouterExplorer] [39m[32mMapped {/api/ext/ledger/reconcile/account/:accountId, GET} route[39m[38;5;3m +0ms[39m
[32m[Nest] 26296  - [39m2026/08/14 10:09:13 [32m    LOG[39m [38;5;3m[RouterExplorer] [39m[32mMapped {/api/ext/ledger/reconcile/fix/:accountId, PUT} route[39m[38;5;3m +0ms[39m
[32m[Nest] 26296  - [39m2026/08/14 10:09:13 [32m    LOG[39m [38;5;3m[RoutesResolver] [39m[32mDemoSchedulerController {/api/demo/scheduler}:[39m[38;5;3m +0ms[39m
[32m[Nest] 26296  - [39m2026/08/14 10:09:13 [32m    LOG[39m [38;5;3m[RouterExplorer] [39m[32mMapped {/api/demo/scheduler/handlers, GET} route[39m[38;5;3m +0ms[39m
[32m[Nest] 26296  - [39m2026/08/14 10:09:13 [32m    LOG[39m [38;5;3m[RouterExplorer] [39m[32mMapped {/api/demo/scheduler/trigger-cron, POST} route[39m[38;5;3m +1ms[39m
[32m[Nest] 26296  - [39m2026/08/14 10:09:13 [32m    LOG[39m [38;5;3m[RouterExplorer] [39m[32mMapped {/api/demo/scheduler/create-delay-task, POST} route[39m[38;5;3m +0ms[39m
[32m[Nest] 26296  - [39m2026/08/14 10:09:13 [32m    LOG[39m [38;5;3m[RouterExplorer] [39m[32mMapped {/api/demo/scheduler/tasks, GET} route[39m[38;5;3m +0ms[39m
[32m[Nest] 26296  - [39m2026/08/14 10:09:13 [32m    LOG[39m [38;5;3m[RoutesResolver] [39m[32mDemoOrderController {/api/demo/orders}:[39m[38;5;3m +0ms[39m
[32m[Nest] 26296  - [39m2026/08/14 10:09:13 [32m    LOG[39m [38;5;3m[RouterExplorer] [39m[32mMapped {/api/demo/orders, POST} route[39m[38;5;3m +0ms[39m
[32m[Nest] 26296  - [39m2026/08/14 10:09:13 [32m    LOG[39m [38;5;3m[RouterExplorer] [39m[32mMapped {/api/demo/orders, GET} route[39m[38;5;3m +0ms[39m
[32m[Nest] 26296  - [39m2026/08/14 10:09:13 [32m    LOG[39m [38;5;3m[RouterExplorer] [39m[32mMapped {/api/demo/orders/:id/pay, POST} route[39m[38;5;3m +0ms[39m
[32m[Nest] 26296  - [39m2026/08/14 10:09:13 [32m    LOG[39m [38;5;3m[RouterExplorer] [39m[32mMapped {/api/demo/orders/:id, GET} route[39m[38;5;3m +0ms[39m
[32m[Nest] 26296  - [39m2026/08/14 10:09:13 [32m    LOG[39m [38;5;3m[RouterExplorer] [39m[32mMapped {/api/demo/orders/:id/payment-callback, POST} route[39m[38;5;3m +0ms[39m
[32m[Nest] 26296  - [39m2026/08/14 10:09:13 [32m    LOG[39m [38;5;3m[RoutesResolver] [39m[32mScheduledTaskController {/api/ext/scheduler}:[39m[38;5;3m +1ms[39m
[32m[Nest] 26296  - [39m2026/08/14 10:09:13 [32m    LOG[39m [38;5;3m[RouterExplorer] [39m[32mMapped {/api/ext/scheduler/tasks, GET} route[39m[38;5;3m +0ms[39m
[32m[Nest] 26296  - [39m2026/08/14 10:09:13 [32m    LOG[39m [38;5;3m[RouterExplorer] [39m[32mMapped {/api/ext/scheduler/tasks/:taskCode, GET} route[39m[38;5;3m +0ms[39m
[32m[Nest] 26296  - [39m2026/08/14 10:09:13 [32m    LOG[39m [38;5;3m[RouterExplorer] [39m[32mMapped {/api/ext/scheduler/tasks/:taskCode, PUT} route[39m[38;5;3m +0ms[39m
[32m[Nest] 26296  - [39m2026/08/14 10:09:13 [32m    LOG[39m [38;5;3m[RouterExplorer] [39m[32mMapped {/api/ext/scheduler/tasks/:taskCode/trigger, POST} route[39m[38;5;3m +0ms[39m
[32m[Nest] 26296  - [39m2026/08/14 10:09:13 [32m    LOG[39m [38;5;3m[RouterExplorer] [39m[32mMapped {/api/ext/scheduler/instances, POST} route[39m[38;5;3m +0ms[39m
[32m[Nest] 26296  - [39m2026/08/14 10:09:13 [32m    LOG[39m [38;5;3m[RouterExplorer] [39m[32mMapped {/api/ext/scheduler/instances, GET} route[39m[38;5;3m +0ms[39m
[32m[Nest] 26296  - [39m2026/08/14 10:09:13 [32m    LOG[39m [38;5;3m[RouterExplorer] [39m[32mMapped {/api/ext/scheduler/instances/:id/cancel, POST} route[39m[38;5;3m +0ms[39m
[32m[Nest] 26296  - [39m2026/08/14 10:09:13 [32m    LOG[39m [38;5;3m[RouterExplorer] [39m[32mMapped {/api/ext/scheduler/instances/:id/retry, POST} route[39m[38;5;3m +1ms[39m
[32m[Nest] 26296  - [39m2026/08/14 10:09:13 [32m    LOG[39m [38;5;3m[RouterExplorer] [39m[32mMapped {/api/ext/scheduler/logs, GET} route[39m[38;5;3m +0ms[39m
[32m[Nest] 26296  - [39m2026/08/14 10:09:13 [32m    LOG[39m [38;5;3m[RouterExplorer] [39m[32mMapped {/api/ext/scheduler/logs/:id, GET} route[39m[38;5;3m +0ms[39m
[32m[Nest] 26296  - [39m2026/08/14 10:09:13 [32m    LOG[39m [38;5;3m[RouterExplorer] [39m[32mMapped {/api/ext/scheduler/config, GET} route[39m[38;5;3m +0ms[39m
[32m[Nest] 26296  - [39m2026/08/14 10:09:13 [32m    LOG[39m [38;5;3m[RouterExplorer] [39m[32mMapped {/api/ext/scheduler/config, PUT} route[39m[38;5;3m +0ms[39m
[32m[Nest] 26296  - [39m2026/08/14 10:09:13 [32m    LOG[39m [38;5;3m[RouterExplorer] [39m[32mMapped {/api/ext/scheduler/config/cleanup, POST} route[39m[38;5;3m +0ms[39m
[32m[Nest] 26296  - [39m2026/08/14 10:09:13 [32m    LOG[39m [38;5;3m[RouterExplorer] [39m[32mMapped {/api/ext/scheduler/executors, GET} route[39m[38;5;3m +0ms[39m
[32m[Nest] 26296  - [39m2026/08/14 10:09:13 [32m    LOG[39m [38;5;3m[SchedulerEngineService] [39m[32m调度引擎启动中...[39m
[32m[Nest] 26296  - [39m2026/08/14 10:09:13 [32m    LOG[39m [38;5;3m[DbExecutorRegistry] [39m[32m清理 1 条过期执行器心跳记录[39m
[32m[Nest] 26296  - [39m2026/08/14 10:09:13 [32m    LOG[39m [38;5;3m[RedisLock] [39m[32mRedis 分布式锁已连接: 8.156.34.220:6379[39m
[32m[Nest] 26296  - [39m2026/08/14 10:09:13 [32m    LOG[39m [38;5;3m[RedisPubSubNotify] [39m[32mRedis PubSub 通知已连接 (channel=scheduler:notify)[39m
[32m[Nest] 26296  - [39m2026/08/14 10:09:13 [32m    LOG[39m [38;5;3m[ExecutorHeartbeatService] [39m[32m执行器心跳启动: executorId=JIAOMOYAN-26296-b6a27e50[39m
[32m[Nest] 26296  - [39m2026/08/14 10:09:13 [32m    LOG[39m [38;5;3m[WalService] [39m[32mWAL 已初始化: C:\Users\16898\AppData\Local\Temp\mfw-scheduler-wal\wal-JIAOMOYAN-26296-b6a27e50.jsonl, fsync间隔=100ms[39m
[32m[Nest] 26296  - [39m2026/08/14 10:09:13 [32m    LOG[39m [38;5;3m[SchedulerEngineService] [39m[32m启动 CRON 任务: demo.cron.hello (0 */1 * * * *)[39m
[32m[Nest] 26296  - [39m2026/08/14 10:09:13 [32m    LOG[39m [38;5;3m[SchedulerEngineService] [39m[32m调度引擎启动完成[39m
[32m[Nest] 26296  - [39m2026/08/14 10:09:13 [32m    LOG[39m [38;5;3m[ScavengerService] [39m[32m兜底扫描已启动 intervalMs=30000[39m
[32m[Nest] 26296  - [39m2026/08/14 10:09:13 [32m    LOG[39m [38;5;3m[PostingConsumerService] [39m[32m入账消费者已启动 executorId=JIAOMOYAN-26296-e66d390e concurrency=10[39m
[32m[Nest] 26296  - [39m2026/08/14 10:09:13 [32m    LOG[39m [38;5;3m[RedisLock] [39m[32mRedis 分布式锁已连接: 8.156.34.220:6379[39m
[32m[Nest] 26296  - [39m2026/08/14 10:09:13 [32m    LOG[39m [38;5;3m[RedisPubSubNotify] [39m[32mRedis PubSub 通知已连接 (channel=scheduler:notify)[39m
[DatabaseHealth] Starting database connection health check...
[32m[Nest] 26296  - [39m2026/08/14 10:09:13 [32m    LOG[39m [38;5;3m[NestApplication] [39m[32mNest application successfully started[39m[38;5;3m +3ms[39m

  ╔═══════════════════════════════════════════════════════════╗
  ║                                                           ║
  ║   🚀 Moyan MFW Backend is running!                        ║
  ║                                                           ║
  ║   ➜  Local:    http://localhost:3000/api           ║
  ║   ➜  Swagger:  http://localhost:3000/api-docs/sys            ║
  ║   ➜  Environment: development                    ║
  ║                                                           ║
  ╚═══════════════════════════════════════════════════════════╝
  
[钩子] 用户登录前: admin
[钩子] 用户登录成功: admin
[32m[Nest] 26296  - [39m2026/08/14 10:09:37 [32m    LOG[39m [38;5;3m[LoggingInterceptor] [39m[32mPOST /api/auth/login - 200 - 151ms[39m
[32m[Nest] 26296  - [39m2026/08/14 10:09:37 [32m    LOG[39m [38;5;3m[LoggingInterceptor] [39m[32mPOST /api/auth/login - 200 - 152ms[39m
[32m[Nest] 26296  - [39m2026/08/14 10:09:37 [32m    LOG[39m [38;5;3m[LoggingInterceptor] [39m[32mPOST /api/ext/ledger/accounts - 201 - 37ms[39m
[32m[Nest] 26296  - [39m2026/08/14 10:09:37 [32m    LOG[39m [38;5;3m[LoggingInterceptor] [39m[32mPOST /api/ext/ledger/accounts - 201 - 37ms[39m
[32m[Nest] 26296  - [39m2026/08/14 10:09:37 [32m    LOG[39m [38;5;3m[LoggingInterceptor] [39m[32mPOST /api/ext/ledger/accounts - 201 - 27ms[39m
[32m[Nest] 26296  - [39m2026/08/14 10:09:37 [32m    LOG[39m [38;5;3m[LoggingInterceptor] [39m[32mPOST /api/ext/ledger/accounts - 201 - 27ms[39m
[32m[Nest] 26296  - [39m2026/08/14 10:09:37 [32m    LOG[39m [38;5;3m[LoggingInterceptor] [39m[32mPOST /api/ext/ledger/accounts - 201 - 2ms[39m
[32m[Nest] 26296  - [39m2026/08/14 10:09:37 [32m    LOG[39m [38;5;3m[LoggingInterceptor] [39m[32mPOST /api/ext/ledger/accounts - 201 - 2ms[39m
[32m[Nest] 26296  - [39m2026/08/14 10:09:37 [32m    LOG[39m [38;5;3m[LoggingInterceptor] [39m[32mPOST /api/ext/ledger/transfers - 201 - 23ms[39m
[32m[Nest] 26296  - [39m2026/08/14 10:09:37 [32m    LOG[39m [38;5;3m[LoggingInterceptor] [39m[32mPOST /api/ext/ledger/transfers - 201 - 24ms[39m
[32m[Nest] 26296  - [39m2026/08/14 10:09:37 [32m    LOG[39m [38;5;3m[LoggingInterceptor] [39m[32mGET /api/ext/ledger/transfers/T202608149B37EB69080ED1E5 - 200 - 2ms[39m
[32m[Nest] 26296  - [39m2026/08/14 10:09:37 [32m    LOG[39m [38;5;3m[LoggingInterceptor] [39m[32mGET /api/ext/ledger/transfers/T202608149B37EB69080ED1E5 - 200 - 2ms[39m
[32m[Nest] 26296  - [39m2026/08/14 10:09:37 [32m    LOG[39m [38;5;3m[LoggingInterceptor] [39m[32mGET /api/ext/ledger/transfers/T202608149B37EB69080ED1E5 - 200 - 3ms[39m
[32m[Nest] 26296  - [39m2026/08/14 10:09:37 [32m    LOG[39m [38;5;3m[LoggingInterceptor] [39m[32mGET /api/ext/ledger/transfers/T202608149B37EB69080ED1E5 - 200 - 3ms[39m
[32m[Nest] 26296  - [39m2026/08/14 10:09:37 [32m    LOG[39m [38;5;3m[LoggingInterceptor] [39m[32mGET /api/ext/ledger/accounts/10b42913-784c-4416-b694-f95da4739260 - 200 - 2ms[39m
[32m[Nest] 26296  - [39m2026/08/14 10:09:37 [32m    LOG[39m [38;5;3m[LoggingInterceptor] [39m[32mGET /api/ext/ledger/accounts/10b42913-784c-4416-b694-f95da4739260 - 200 - 2ms[39m
[32m[Nest] 26296  - [39m2026/08/14 10:09:37 [32m    LOG[39m [38;5;3m[LoggingInterceptor] [39m[32mGET /api/ext/ledger/accounts/5e044509-b054-4f12-aaa5-2ec83522acb2 - 200 - 2ms[39m
[32m[Nest] 26296  - [39m2026/08/14 10:09:37 [32m    LOG[39m [38;5;3m[LoggingInterceptor] [39m[32mGET /api/ext/ledger/accounts/5e044509-b054-4f12-aaa5-2ec83522acb2 - 200 - 2ms[39m
[31m[Nest] 26296  - [39m2026/08/14 10:09:37 [31m  ERROR[39m [38;5;3m[AllExceptionsFilter] [39m[31m[POST] /api/ext/ledger/transfers - 500: 账户余额不足: 5e044509-b054-4f12-aaa5-2ec83522acb2（需要 999999999，可用 510000）[39m
InsufficientBalanceError: 账户余额不足: 5e044509-b054-4f12-aaa5-2ec83522acb2（需要 999999999，可用 510000）
    at E:\Moyan\moyan\moyan-mfw-workspace\workspace04\moyan-mfw\packages\extensions\extension-ledger\src\backend\dist\spi\impl\storage\transfer.storage.js:84:23
    at process.processTicksAndRejections (node:internal/process/task_queues:104:5)
    at async EntityManager.transaction (E:\Moyan\moyan\moyan-mfw-workspace\workspace04\moyan-mfw\node_modules\.pnpm\typeorm@0.3.28_mysql2@3.20._660c7ed14319c0fb0d4db2ac45bf3697\node_modules\typeorm\entity-manager\EntityManager.js:75:28)
    at async LedgerTransferService.createTransfer (E:\Moyan\moyan\moyan-mfw-workspace\workspace04\moyan-mfw\packages\extensions\extension-ledger\src\backend\dist\services\ledger-transfer.service.js:54:39)
    at async LedgerTransferController.create (E:\Moyan\moyan\moyan-mfw-workspace\workspace04\moyan-mfw\packages\extensions\extension-ledger\src\backend\dist\controller\ledger-transfer.controller.js:35:24)
[32m[Nest] 26296  - [39m2026/08/14 10:09:37 [32m    LOG[39m [38;5;3m[LoggingInterceptor] [39m[32mPOST /api/ext/ledger/transfers - 201 - 12ms[39m
[32m[Nest] 26296  - [39m2026/08/14 10:09:37 [32m    LOG[39m [38;5;3m[LoggingInterceptor] [39m[32mPOST /api/ext/ledger/transfers - 201 - 13ms[39m
[32m[Nest] 26296  - [39m2026/08/14 10:09:37 [32m    LOG[39m [38;5;3m[LoggingInterceptor] [39m[32mGET /api/ext/ledger/transfers/T202608142B55DCAF6A90D90C - 200 - 3ms[39m
[32m[Nest] 26296  - [39m2026/08/14 10:09:37 [32m    LOG[39m [38;5;3m[LoggingInterceptor] [39m[32mGET /api/ext/ledger/transfers/T202608142B55DCAF6A90D90C - 200 - 3ms[39m
[32m[Nest] 26296  - [39m2026/08/14 10:09:37 [32m    LOG[39m [38;5;3m[LoggingInterceptor] [39m[32mGET /api/ext/ledger/accounts/5e044509-b054-4f12-aaa5-2ec83522acb2 - 200 - 1ms[39m
[32m[Nest] 26296  - [39m2026/08/14 10:09:37 [32m    LOG[39m [38;5;3m[LoggingInterceptor] [39m[32mGET /api/ext/ledger/accounts/5e044509-b054-4f12-aaa5-2ec83522acb2 - 200 - 2ms[39m
[32m[Nest] 26296  - [39m2026/08/14 10:09:37 [32m    LOG[39m [38;5;3m[LoggingInterceptor] [39m[32mPOST /api/ext/ledger/transfers/audit - 201 - 10ms[39m
[32m[Nest] 26296  - [39m2026/08/14 10:09:37 [32m    LOG[39m [38;5;3m[LoggingInterceptor] [39m[32mPOST /api/ext/ledger/transfers/audit - 201 - 11ms[39m
[32m[Nest] 26296  - [39m2026/08/14 10:09:37 [32m    LOG[39m [38;5;3m[LoggingInterceptor] [39m[32mGET /api/ext/ledger/transfers/T202608142B55DCAF6A90D90C - 200 - 3ms[39m
[32m[Nest] 26296  - [39m2026/08/14 10:09:37 [32m    LOG[39m [38;5;3m[LoggingInterceptor] [39m[32mGET /api/ext/ledger/transfers/T202608142B55DCAF6A90D90C - 200 - 4ms[39m
[32m[Nest] 26296  - [39m2026/08/14 10:09:38 [32m    LOG[39m [38;5;3m[LoggingInterceptor] [39m[32mGET /api/ext/ledger/transfers/T202608142B55DCAF6A90D90C - 200 - 2ms[39m
[32m[Nest] 26296  - [39m2026/08/14 10:09:38 [32m    LOG[39m [38;5;3m[LoggingInterceptor] [39m[32mGET /api/ext/ledger/transfers/T202608142B55DCAF6A90D90C - 200 - 2ms[39m
[32m[Nest] 26296  - [39m2026/08/14 10:09:38 [32m    LOG[39m [38;5;3m[LoggingInterceptor] [39m[32mGET /api/ext/ledger/accounts/10b42913-784c-4416-b694-f95da4739260 - 200 - 1ms[39m
[32m[Nest] 26296  - [39m2026/08/14 10:09:38 [32m    LOG[39m [38;5;3m[LoggingInterceptor] [39m[32mGET /api/ext/ledger/accounts/10b42913-784c-4416-b694-f95da4739260 - 200 - 1ms[39m
[32m[Nest] 26296  - [39m2026/08/14 10:09:38 [32m    LOG[39m [38;5;3m[LoggingInterceptor] [39m[32mGET /api/ext/ledger/accounts/5e044509-b054-4f12-aaa5-2ec83522acb2 - 200 - 2ms[39m
[32m[Nest] 26296  - [39m2026/08/14 10:09:38 [32m    LOG[39m [38;5;3m[LoggingInterceptor] [39m[32mGET /api/ext/ledger/accounts/5e044509-b054-4f12-aaa5-2ec83522acb2 - 200 - 2ms[39m
[32m[Nest] 26296  - [39m2026/08/14 10:09:38 [32m    LOG[39m [38;5;3m[LoggingInterceptor] [39m[32mPOST /api/ext/ledger/transfers - 201 - 10ms[39m
[32m[Nest] 26296  - [39m2026/08/14 10:09:38 [32m    LOG[39m [38;5;3m[LoggingInterceptor] [39m[32mPOST /api/ext/ledger/transfers - 201 - 10ms[39m
[32m[Nest] 26296  - [39m2026/08/14 10:09:38 [32m    LOG[39m [38;5;3m[LoggingInterceptor] [39m[32mPOST /api/ext/ledger/transfers/audit - 201 - 7ms[39m
[32m[Nest] 26296  - [39m2026/08/14 10:09:38 [32m    LOG[39m [38;5;3m[LoggingInterceptor] [39m[32mPOST /api/ext/ledger/transfers/audit - 201 - 8ms[39m
[32m[Nest] 26296  - [39m2026/08/14 10:09:38 [32m    LOG[39m [38;5;3m[LoggingInterceptor] [39m[32mGET /api/ext/ledger/transfers/T202608140C73A03163FED618 - 200 - 2ms[39m
[32m[Nest] 26296  - [39m2026/08/14 10:09:38 [32m    LOG[39m [38;5;3m[LoggingInterceptor] [39m[32mGET /api/ext/ledger/transfers/T202608140C73A03163FED618 - 200 - 2ms[39m
[32m[Nest] 26296  - [39m2026/08/14 10:09:38 [32m    LOG[39m [38;5;3m[LoggingInterceptor] [39m[32mGET /api/ext/ledger/accounts/10b42913-784c-4416-b694-f95da4739260 - 200 - 1ms[39m
[32m[Nest] 26296  - [39m2026/08/14 10:09:38 [32m    LOG[39m [38;5;3m[LoggingInterceptor] [39m[32mGET /api/ext/ledger/accounts/10b42913-784c-4416-b694-f95da4739260 - 200 - 1ms[39m
[32m[Nest] 26296  - [39m2026/08/14 10:09:40 [32m    LOG[39m [38;5;3m[LoggingInterceptor] [39m[32mGET /api/ext/ledger/transfers/T202608140C73A03163FED618 - 200 - 1ms[39m
[32m[Nest] 26296  - [39m2026/08/14 10:09:40 [32m    LOG[39m [38;5;3m[LoggingInterceptor] [39m[32mGET /api/ext/ledger/transfers/T202608140C73A03163FED618 - 200 - 2ms[39m
[32m[Nest] 26296  - [39m2026/08/14 10:09:40 [32m    LOG[39m [38;5;3m[LoggingInterceptor] [39m[32mPOST /api/ext/ledger/transfers - 201 - 2ms[39m
[32m[Nest] 26296  - [39m2026/08/14 10:09:40 [32m    LOG[39m [38;5;3m[LoggingInterceptor] [39m[32mPOST /api/ext/ledger/transfers - 201 - 2ms[39m
[32m[Nest] 26296  - [39m2026/08/14 10:09:40 [32m    LOG[39m [38;5;3m[LoggingInterceptor] [39m[32mGET /api/ext/ledger/accounts/10b42913-784c-4416-b694-f95da4739260 - 200 - 0ms[39m
[32m[Nest] 26296  - [39m2026/08/14 10:09:40 [32m    LOG[39m [38;5;3m[LoggingInterceptor] [39m[32mGET /api/ext/ledger/accounts/10b42913-784c-4416-b694-f95da4739260 - 200 - 1ms[39m
[32m[Nest] 26296  - [39m2026/08/14 10:09:40 [32m    LOG[39m [38;5;3m[LoggingInterceptor] [39m[32mPOST /api/ext/ledger/transfers/reverse - 201 - 15ms[39m
[32m[Nest] 26296  - [39m2026/08/14 10:09:40 [32m    LOG[39m [38;5;3m[LoggingInterceptor] [39m[32mPOST /api/ext/ledger/transfers/reverse - 201 - 15ms[39m
[32m[Nest] 26296  - [39m2026/08/14 10:09:40 [32m    LOG[39m [38;5;3m[LoggingInterceptor] [39m[32mGET /api/ext/ledger/transfers/T20260814F21E2A1CA46BAB4D - 200 - 1ms[39m
[32m[Nest] 26296  - [39m2026/08/14 10:09:40 [32m    LOG[39m [38;5;3m[LoggingInterceptor] [39m[32mGET /api/ext/ledger/transfers/T20260814F21E2A1CA46BAB4D - 200 - 1ms[39m
[32m[Nest] 26296  - [39m2026/08/14 10:09:40 [32m    LOG[39m [38;5;3m[LoggingInterceptor] [39m[32mGET /api/ext/ledger/transfers/T20260814F21E2A1CA46BAB4D - 200 - 2ms[39m
[32m[Nest] 26296  - [39m2026/08/14 10:09:40 [32m    LOG[39m [38;5;3m[LoggingInterceptor] [39m[32mGET /api/ext/ledger/transfers/T20260814F21E2A1CA46BAB4D - 200 - 2ms[39m
[32m[Nest] 26296  - [39m2026/08/14 10:09:40 [32m    LOG[39m [38;5;3m[LoggingInterceptor] [39m[32mGET /api/ext/ledger/accounts/10b42913-784c-4416-b694-f95da4739260 - 200 - 1ms[39m
[32m[Nest] 26296  - [39m2026/08/14 10:09:40 [32m    LOG[39m [38;5;3m[LoggingInterceptor] [39m[32mGET /api/ext/ledger/accounts/10b42913-784c-4416-b694-f95da4739260 - 200 - 1ms[39m
[32m[Nest] 26296  - [39m2026/08/14 10:09:40 [32m    LOG[39m [38;5;3m[LoggingInterceptor] [39m[32mGET /api/ext/ledger/accounts/5e044509-b054-4f12-aaa5-2ec83522acb2 - 200 - 1ms[39m
[32m[Nest] 26296  - [39m2026/08/14 10:09:40 [32m    LOG[39m [38;5;3m[LoggingInterceptor] [39m[32mGET /api/ext/ledger/accounts/5e044509-b054-4f12-aaa5-2ec83522acb2 - 200 - 1ms[39m
query failed: UPDATE `ext_ledger_transfer` SET `reversedFromTransferNo` = ?, `updateAt` = CURRENT_TIMESTAMP WHERE `transferNo` = ? -- PARAMETERS: ["T202608149B37EB69080ED1E5","T202608143D0300C83F24AC43"]
error: Error: Duplicate entry 'T202608149B37EB69080ED1E5' for key 'ext_ledger_transfer.uk_ledger_transfer_reversed_from'
[31m[Nest] 26296  - [39m2026/08/14 10:09:40 [31m  ERROR[39m [38;5;3m[AllExceptionsFilter] [39m[31m[POST] /api/ext/ledger/transfers/reverse - 500: Duplicate entry 'T202608149B37EB69080ED1E5' for key 'ext_ledger_transfer.uk_ledger_transfer_reversed_from'[39m
QueryFailedError: Duplicate entry 'T202608149B37EB69080ED1E5' for key 'ext_ledger_transfer.uk_ledger_transfer_reversed_from'
    at Query.onResult (E:\Moyan\moyan\moyan-mfw-workspace\workspace04\moyan-mfw\node_modules\.pnpm\typeorm@0.3.28_mysql2@3.20._660c7ed14319c0fb0d4db2ac45bf3697\node_modules\typeorm\driver\mysql\MysqlQueryRunner.js:168:37)
    at Query.execute (E:\Moyan\moyan\moyan-mfw-workspace\workspace04\moyan-mfw\node_modules\.pnpm\mysql2@3.20.0_@types+node@22.19.15\node_modules\mysql2\lib\commands\command.js:36:14)
    at PoolConnection.handlePacket (E:\Moyan\moyan\moyan-mfw-workspace\workspace04\moyan-mfw\node_modules\.pnpm\mysql2@3.20.0_@types+node@22.19.15\node_modules\mysql2\lib\base\connection.js:552:34)
    at PacketParser.onPacket (E:\Moyan\moyan\moyan-mfw-workspace\workspace04\moyan-mfw\node_modules\.pnpm\mysql2@3.20.0_@types+node@22.19.15\node_modules\mysql2\lib\base\connection.js:102:12)
    at PacketParser.executeStart (E:\Moyan\moyan\moyan-mfw-workspace\workspace04\moyan-mfw\node_modules\.pnpm\mysql2@3.20.0_@types+node@22.19.15\node_modules\mysql2\lib\packet_parser.js:75:16)
    at Socket.<anonymous> (E:\Moyan\moyan\moyan-mfw-workspace\workspace04\moyan-mfw\node_modules\.pnpm\mysql2@3.20.0_@types+node@22.19.15\node_modules\mysql2\lib\base\connection.js:109:25)
    at Socket.emit (node:events:508:20)
    at addChunk (node:internal/streams/readable:564:12)
    at readableAddChunkPushByteMode (node:internal/streams/readable:515:3)
    at Readable.push (node:internal/streams/readable:395:5)
[32m[Nest] 26296  - [39m2026/08/14 10:09:40 [32m    LOG[39m [38;5;3m[LedgerReconcileService] [39m[32m对账完成：13 个账户全部平衡（reportId=6195f69a-5193-4a8f-994d-3ac96531ce45）[39m
[32m[Nest] 26296  - [39m2026/08/14 10:09:40 [32m    LOG[39m [38;5;3m[LoggingInterceptor] [39m[32mPOST /api/ext/ledger/reconcile - 201 - 18ms[39m
[32m[Nest] 26296  - [39m2026/08/14 10:09:40 [32m    LOG[39m [38;5;3m[LoggingInterceptor] [39m[32mPOST /api/ext/ledger/reconcile - 201 - 18ms[39m
[32m[Nest] 26296  - [39m2026/08/14 10:09:40 [32m    LOG[39m [38;5;3m[LoggingInterceptor] [39m[32mGET /api/ext/ledger/reconcile/reports?page=1&pageSize=5 - 200 - 4ms[39m
[32m[Nest] 26296  - [39m2026/08/14 10:09:40 [32m    LOG[39m [38;5;3m[LoggingInterceptor] [39m[32mGET /api/ext/ledger/reconcile/reports?page=1&pageSize=5 - 200 - 4ms[39m
[32m[Nest] 26296  - [39m2026/08/14 10:09:40 [32m    LOG[39m [38;5;3m[LoggingInterceptor] [39m[32mGET /api/ext/ledger/entries?accountId=10b42913-784c-4416-b694-f95da4739260&page=1&pageSize=20 - 200 - 3ms[39m
[32m[Nest] 26296  - [39m2026/08/14 10:09:40 [32m    LOG[39m [38;5;3m[LoggingInterceptor] [39m[32mGET /api/ext/ledger/entries?accountId=10b42913-784c-4416-b694-f95da4739260&page=1&pageSize=20 - 200 - 3ms[39m
[33m[Nest] 26296  - [39m2026/08/14 10:09:43 [33m   WARN[39m [38;5;3m[ScavengerService] [39m[33m孤儿单重置 1/1 个[39m
[32m[Nest] 26296  - [39m2026/08/14 10:09:43 [32m    LOG[39m [38;5;3m[ScavengerService] [39m[32m兜底扫描：补发 0，孤儿重置 1[39m
[95m[Nest] 26296  - [39m2026/08/14 10:10:00 [95m  DEBUG[39m [38;5;3m[SchedulerEngineService] [39m[95m立即执行任务: demo.cron.hello (triggerType=1)[39m
[32m[Nest] 26296  - [39m2026/08/14 10:10:00 [32m    LOG[39m [38;5;3m[DemoCronTaskHandler] [39m[32m[示例Cron任务] 执行中... triggeredAt=2026-08-14T02:10:00.015Z[39m
[32m[Nest] 26296  - [39m2026/08/14 10:10:00 [32m    LOG[39m [38;5;3m[DemoCronTaskHandler] [39m[32m[示例Cron任务] 执行完成: 示例Cron任务执行成功[39m
[钩子] 用户登录前: admin
[钩子] 用户登录成功: admin
[32m[Nest] 26296  - [39m2026/08/14 10:10:11 [32m    LOG[39m [38;5;3m[LoggingInterceptor] [39m[32mPOST /api/auth/login - 200 - 142ms[39m
[32m[Nest] 26296  - [39m2026/08/14 10:10:11 [32m    LOG[39m [38;5;3m[LoggingInterceptor] [39m[32mPOST /api/auth/login - 200 - 143ms[39m
[32m[Nest] 26296  - [39m2026/08/14 10:10:12 [32m    LOG[39m [38;5;3m[LoggingInterceptor] [39m[32mPOST /api/ext/ledger/accounts - 201 - 18ms[39m
[32m[Nest] 26296  - [39m2026/08/14 10:10:12 [32m    LOG[39m [38;5;3m[LoggingInterceptor] [39m[32mPOST /api/ext/ledger/accounts - 201 - 18ms[39m
[33m[Nest] 26296  - [39m2026/08/14 10:10:12 [33m   WARN[39m [38;5;3m[AllExceptionsFilter] [39m[33m[POST] /api/ext/ledger/accounts - 400: 参数验证失败[39m
[33m[Nest] 26296  - [39m2026/08/14 10:10:12 [33m   WARN[39m [38;5;3m[AllExceptionsFilter] [39m[33m[POST] /api/ext/ledger/transfers - 400: 参数验证失败[39m
[33m[Nest] 26296  - [39m2026/08/14 10:10:12 [33m   WARN[39m [38;5;3m[AllExceptionsFilter] [39m[33m[POST] /api/ext/ledger/transfers - 400: 参数验证失败[39m
[33m[Nest] 26296  - [39m2026/08/14 10:10:12 [33m   WARN[39m [38;5;3m[AllExceptionsFilter] [39m[33m[POST] /api/ext/ledger/transfers - 400: 参数验证失败[39m
[33m[Nest] 26296  - [39m2026/08/14 10:10:12 [33m   WARN[39m [38;5;3m[AllExceptionsFilter] [39m[33m[POST] /api/ext/ledger/transfers - 400: 参数验证失败[39m
[33m[Nest] 26296  - [39m2026/08/14 10:10:12 [33m   WARN[39m [38;5;3m[AllExceptionsFilter] [39m[33m[POST] /api/ext/ledger/transfers - 400: 参数验证失败[39m
[33m[Nest] 26296  - [39m2026/08/14 10:10:12 [33m   WARN[39m [38;5;3m[AllExceptionsFilter] [39m[33m[POST] /api/ext/ledger/transfers - 400: 参数验证失败[39m
[33m[Nest] 26296  - [39m2026/08/14 10:10:12 [33m   WARN[39m [38;5;3m[AllExceptionsFilter] [39m[33m[POST] /api/ext/ledger/transfers - 400: 参数验证失败[39m
[33m[Nest] 26296  - [39m2026/08/14 10:10:12 [33m   WARN[39m [38;5;3m[AllExceptionsFilter] [39m[33m[POST] /api/ext/ledger/transfers - 400: 参数验证失败[39m
[33m[Nest] 26296  - [39m2026/08/14 10:10:12 [33m   WARN[39m [38;5;3m[AllExceptionsFilter] [39m[33m[POST] /api/ext/ledger/transfers - 400: 参数验证失败[39m
[33m[Nest] 26296  - [39m2026/08/14 10:10:12 [33m   WARN[39m [38;5;3m[AllExceptionsFilter] [39m[33m[POST] /api/ext/ledger/transfers - 400: 参数验证失败[39m
[33m[Nest] 26296  - [39m2026/08/14 10:10:12 [33m   WARN[39m [38;5;3m[AllExceptionsFilter] [39m[33m[POST] /api/ext/ledger/transfers - 400: 参数验证失败[39m
[33m[Nest] 26296  - [39m2026/08/14 10:10:12 [33m   WARN[39m [38;5;3m[AllExceptionsFilter] [39m[33m[POST] /api/ext/ledger/transfers - 400: 参数验证失败[39m
[33m[Nest] 26296  - [39m2026/08/14 10:10:12 [33m   WARN[39m [38;5;3m[AllExceptionsFilter] [39m[33m[POST] /api/ext/ledger/transfers - 400: 参数验证失败[39m
[33m[Nest] 26296  - [39m2026/08/14 10:10:12 [33m   WARN[39m [38;5;3m[AllExceptionsFilter] [39m[33m[POST] /api/ext/ledger/transfers - 400: 参数验证失败[39m
[33m[Nest] 26296  - [39m2026/08/14 10:10:12 [33m   WARN[39m [38;5;3m[AllExceptionsFilter] [39m[33m[POST] /api/ext/ledger/transfers - 400: 参数验证失败[39m
[33m[Nest] 26296  - [39m2026/08/14 10:10:12 [33m   WARN[39m [38;5;3m[AllExceptionsFilter] [39m[33m[POST] /api/ext/ledger/transfers - 400: 参数验证失败[39m
[33m[Nest] 26296  - [39m2026/08/14 10:10:12 [33m   WARN[39m [38;5;3m[AllExceptionsFilter] [39m[33m[POST] /api/ext/ledger/transfers - 400: 参数验证失败[39m
[33m[Nest] 26296  - [39m2026/08/14 10:10:12 [33m   WARN[39m [38;5;3m[AllExceptionsFilter] [39m[33m[POST] /api/ext/ledger/transfers - 400: 参数验证失败[39m
[33m[Nest] 26296  - [39m2026/08/14 10:10:12 [33m   WARN[39m [38;5;3m[AllExceptionsFilter] [39m[33m[POST] /api/ext/ledger/transfers - 400: 参数验证失败[39m
[33m[Nest] 26296  - [39m2026/08/14 10:10:12 [33m   WARN[39m [38;5;3m[AllExceptionsFilter] [39m[33m[POST] /api/ext/ledger/transfers - 400: 参数验证失败[39m
[33m[Nest] 26296  - [39m2026/08/14 10:10:12 [33m   WARN[39m [38;5;3m[AllExceptionsFilter] [39m[33m[POST] /api/ext/ledger/transfers - 400: 参数验证失败[39m
[33m[Nest] 26296  - [39m2026/08/14 10:10:12 [33m   WARN[39m [38;5;3m[AllExceptionsFilter] [39m[33m[POST] /api/ext/ledger/transfers - 400: 参数验证失败[39m
[33m[Nest] 26296  - [39m2026/08/14 10:10:12 [33m   WARN[39m [38;5;3m[AllExceptionsFilter] [39m[33m[POST] /api/ext/ledger/transfers - 400: 参数验证失败[39m
[33m[Nest] 26296  - [39m2026/08/14 10:10:12 [33m   WARN[39m [38;5;3m[AllExceptionsFilter] [39m[33m[POST] /api/ext/ledger/transfers - 400: 参数验证失败[39m
[33m[Nest] 26296  - [39m2026/08/14 10:10:12 [33m   WARN[39m [38;5;3m[AllExceptionsFilter] [39m[33m[POST] /api/ext/ledger/transfers - 400: 参数验证失败[39m
[33m[Nest] 26296  - [39m2026/08/14 10:10:12 [33m   WARN[39m [38;5;3m[AllExceptionsFilter] [39m[33m[POST] /api/ext/ledger/transfers - 400: 参数验证失败[39m
[33m[Nest] 26296  - [39m2026/08/14 10:10:12 [33m   WARN[39m [38;5;3m[AllExceptionsFilter] [39m[33m[POST] /api/ext/ledger/transfers - 400: 参数验证失败[39m
[33m[Nest] 26296  - [39m2026/08/14 10:10:12 [33m   WARN[39m [38;5;3m[AllExceptionsFilter] [39m[33m[POST] /api/ext/ledger/transfers - 400: 参数验证失败[39m
[33m[Nest] 26296  - [39m2026/08/14 10:10:12 [33m   WARN[39m [38;5;3m[AllExceptionsFilter] [39m[33m[POST] /api/ext/ledger/transfers - 400: 参数验证失败[39m
[33m[Nest] 26296  - [39m2026/08/14 10:10:12 [33m   WARN[39m [38;5;3m[AllExceptionsFilter] [39m[33m[POST] /api/ext/ledger/transfers - 400: 参数验证失败[39m
[33m[Nest] 26296  - [39m2026/08/14 10:10:12 [33m   WARN[39m [38;5;3m[AllExceptionsFilter] [39m[33m[POST] /api/ext/ledger/transfers - 400: 参数验证失败[39m
[33m[Nest] 26296  - [39m2026/08/14 10:10:12 [33m   WARN[39m [38;5;3m[AllExceptionsFilter] [39m[33m[POST] /api/ext/ledger/transfers - 400: 参数验证失败[39m
[33m[Nest] 26296  - [39m2026/08/14 10:10:12 [33m   WARN[39m [38;5;3m[AllExceptionsFilter] [39m[33m[POST] /api/ext/ledger/transfers - 400: 参数验证失败[39m
[33m[Nest] 26296  - [39m2026/08/14 10:10:12 [33m   WARN[39m [38;5;3m[AllExceptionsFilter] [39m[33m[POST] /api/ext/ledger/transfers - 400: 参数验证失败[39m
[33m[Nest] 26296  - [39m2026/08/14 10:10:12 [33m   WARN[39m [38;5;3m[AllExceptionsFilter] [39m[33m[POST] /api/ext/ledger/transfers - 400: 参数验证失败[39m
[33m[Nest] 26296  - [39m2026/08/14 10:10:12 [33m   WARN[39m [38;5;3m[AllExceptionsFilter] [39m[33m[POST] /api/ext/ledger/transfers - 400: 参数验证失败[39m
[33m[Nest] 26296  - [39m2026/08/14 10:10:12 [33m   WARN[39m [38;5;3m[AllExceptionsFilter] [39m[33m[POST] /api/ext/ledger/transfers - 400: 参数验证失败[39m
[33m[Nest] 26296  - [39m2026/08/14 10:10:12 [33m   WARN[39m [38;5;3m[AllExceptionsFilter] [39m[33m[POST] /api/ext/ledger/transfers - 400: 参数验证失败[39m
[33m[Nest] 26296  - [39m2026/08/14 10:10:12 [33m   WARN[39m [38;5;3m[AllExceptionsFilter] [39m[33m[POST] /api/ext/ledger/transfers - 400: 参数验证失败[39m
[33m[Nest] 26296  - [39m2026/08/14 10:10:12 [33m   WARN[39m [38;5;3m[AllExceptionsFilter] [39m[33m[POST] /api/ext/ledger/transfers - 400: 参数验证失败[39m
[33m[Nest] 26296  - [39m2026/08/14 10:10:12 [33m   WARN[39m [38;5;3m[AllExceptionsFilter] [39m[33m[POST] /api/ext/ledger/transfers - 400: 参数验证失败[39m
[33m[Nest] 26296  - [39m2026/08/14 10:10:12 [33m   WARN[39m [38;5;3m[AllExceptionsFilter] [39m[33m[POST] /api/ext/ledger/transfers - 400: 参数验证失败[39m
[33m[Nest] 26296  - [39m2026/08/14 10:10:12 [33m   WARN[39m [38;5;3m[AllExceptionsFilter] [39m[33m[POST] /api/ext/ledger/transfers - 400: 参数验证失败[39m
[33m[Nest] 26296  - [39m2026/08/14 10:10:12 [33m   WARN[39m [38;5;3m[AllExceptionsFilter] [39m[33m[POST] /api/ext/ledger/transfers - 400: 参数验证失败[39m
[33m[Nest] 26296  - [39m2026/08/14 10:10:12 [33m   WARN[39m [38;5;3m[AllExceptionsFilter] [39m[33m[POST] /api/ext/ledger/transfers - 400: 参数验证失败[39m
[33m[Nest] 26296  - [39m2026/08/14 10:10:12 [33m   WARN[39m [38;5;3m[AllExceptionsFilter] [39m[33m[POST] /api/ext/ledger/transfers - 400: 参数验证失败[39m
[33m[Nest] 26296  - [39m2026/08/14 10:10:12 [33m   WARN[39m [38;5;3m[AllExceptionsFilter] [39m[33m[POST] /api/ext/ledger/transfers - 400: 参数验证失败[39m
[33m[Nest] 26296  - [39m2026/08/14 10:10:12 [33m   WARN[39m [38;5;3m[AllExceptionsFilter] [39m[33m[POST] /api/ext/ledger/transfers - 400: 参数验证失败[39m
[33m[Nest] 26296  - [39m2026/08/14 10:10:12 [33m   WARN[39m [38;5;3m[AllExceptionsFilter] [39m[33m[POST] /api/ext/ledger/transfers - 400: 参数验证失败[39m
[33m[Nest] 26296  - [39m2026/08/14 10:10:12 [33m   WARN[39m [38;5;3m[AllExceptionsFilter] [39m[33m[POST] /api/ext/ledger/transfers - 400: 参数验证失败[39m
[33m[Nest] 26296  - [39m2026/08/14 10:10:12 [33m   WARN[39m [38;5;3m[AllExceptionsFilter] [39m[33m[POST] /api/ext/ledger/transfers - 400: 参数验证失败[39m
[33m[Nest] 26296  - [39m2026/08/14 10:10:12 [33m   WARN[39m [38;5;3m[AllExceptionsFilter] [39m[33m[POST] /api/ext/ledger/transfers - 400: 参数验证失败[39m
[33m[Nest] 26296  - [39m2026/08/14 10:10:12 [33m   WARN[39m [38;5;3m[AllExceptionsFilter] [39m[33m[POST] /api/ext/ledger/transfers - 400: 参数验证失败[39m
[33m[Nest] 26296  - [39m2026/08/14 10:10:12 [33m   WARN[39m [38;5;3m[AllExceptionsFilter] [39m[33m[POST] /api/ext/ledger/transfers - 400: 参数验证失败[39m
[33m[Nest] 26296  - [39m2026/08/14 10:10:12 [33m   WARN[39m [38;5;3m[AllExceptionsFilter] [39m[33m[POST] /api/ext/ledger/transfers - 400: 参数验证失败[39m
[33m[Nest] 26296  - [39m2026/08/14 10:10:12 [33m   WARN[39m [38;5;3m[AllExceptionsFilter] [39m[33m[POST] /api/ext/ledger/transfers - 400: 参数验证失败[39m
[33m[Nest] 26296  - [39m2026/08/14 10:10:12 [33m   WARN[39m [38;5;3m[AllExceptionsFilter] [39m[33m[POST] /api/ext/ledger/transfers - 400: 参数验证失败[39m
[33m[Nest] 26296  - [39m2026/08/14 10:10:12 [33m   WARN[39m [38;5;3m[AllExceptionsFilter] [39m[33m[POST] /api/ext/ledger/transfers - 400: 参数验证失败[39m
[33m[Nest] 26296  - [39m2026/08/14 10:10:12 [33m   WARN[39m [38;5;3m[AllExceptionsFilter] [39m[33m[POST] /api/ext/ledger/transfers - 400: 参数验证失败[39m
[33m[Nest] 26296  - [39m2026/08/14 10:10:12 [33m   WARN[39m [38;5;3m[AllExceptionsFilter] [39m[33m[POST] /api/ext/ledger/transfers - 400: 参数验证失败[39m
[33m[Nest] 26296  - [39m2026/08/14 10:10:12 [33m   WARN[39m [38;5;3m[AllExceptionsFilter] [39m[33m[POST] /api/ext/ledger/transfers - 400: 参数验证失败[39m
[33m[Nest] 26296  - [39m2026/08/14 10:10:12 [33m   WARN[39m [38;5;3m[AllExceptionsFilter] [39m[33m[POST] /api/ext/ledger/transfers - 400: 参数验证失败[39m
[33m[Nest] 26296  - [39m2026/08/14 10:10:12 [33m   WARN[39m [38;5;3m[AllExceptionsFilter] [39m[33m[POST] /api/ext/ledger/transfers - 400: 参数验证失败[39m
[33m[Nest] 26296  - [39m2026/08/14 10:10:12 [33m   WARN[39m [38;5;3m[AllExceptionsFilter] [39m[33m[POST] /api/ext/ledger/transfers - 400: 参数验证失败[39m
[33m[Nest] 26296  - [39m2026/08/14 10:10:12 [33m   WARN[39m [38;5;3m[AllExceptionsFilter] [39m[33m[POST] /api/ext/ledger/transfers - 400: 参数验证失败[39m
[33m[Nest] 26296  - [39m2026/08/14 10:10:12 [33m   WARN[39m [38;5;3m[AllExceptionsFilter] [39m[33m[POST] /api/ext/ledger/transfers - 400: 参数验证失败[39m
[33m[Nest] 26296  - [39m2026/08/14 10:10:12 [33m   WARN[39m [38;5;3m[AllExceptionsFilter] [39m[33m[POST] /api/ext/ledger/transfers - 400: 参数验证失败[39m
[33m[Nest] 26296  - [39m2026/08/14 10:10:12 [33m   WARN[39m [38;5;3m[AllExceptionsFilter] [39m[33m[POST] /api/ext/ledger/transfers - 400: 参数验证失败[39m
[33m[Nest] 26296  - [39m2026/08/14 10:10:12 [33m   WARN[39m [38;5;3m[AllExceptionsFilter] [39m[33m[POST] /api/ext/ledger/transfers - 400: 参数验证失败[39m
[33m[Nest] 26296  - [39m2026/08/14 10:10:12 [33m   WARN[39m [38;5;3m[AllExceptionsFilter] [39m[33m[POST] /api/ext/ledger/transfers - 400: 参数验证失败[39m
[33m[Nest] 26296  - [39m2026/08/14 10:10:12 [33m   WARN[39m [38;5;3m[AllExceptionsFilter] [39m[33m[POST] /api/ext/ledger/transfers - 400: 参数验证失败[39m
[33m[Nest] 26296  - [39m2026/08/14 10:10:12 [33m   WARN[39m [38;5;3m[AllExceptionsFilter] [39m[33m[POST] /api/ext/ledger/transfers - 400: 参数验证失败[39m
[33m[Nest] 26296  - [39m2026/08/14 10:10:12 [33m   WARN[39m [38;5;3m[AllExceptionsFilter] [39m[33m[POST] /api/ext/ledger/transfers - 400: 参数验证失败[39m
[33m[Nest] 26296  - [39m2026/08/14 10:10:12 [33m   WARN[39m [38;5;3m[AllExceptionsFilter] [39m[33m[POST] /api/ext/ledger/transfers - 400: 参数验证失败[39m
[33m[Nest] 26296  - [39m2026/08/14 10:10:12 [33m   WARN[39m [38;5;3m[AllExceptionsFilter] [39m[33m[POST] /api/ext/ledger/transfers - 400: 参数验证失败[39m
[33m[Nest] 26296  - [39m2026/08/14 10:10:12 [33m   WARN[39m [38;5;3m[AllExceptionsFilter] [39m[33m[POST] /api/ext/ledger/transfers - 400: 参数验证失败[39m
[33m[Nest] 26296  - [39m2026/08/14 10:10:12 [33m   WARN[39m [38;5;3m[AllExceptionsFilter] [39m[33m[POST] /api/ext/ledger/transfers - 400: 参数验证失败[39m
[33m[Nest] 26296  - [39m2026/08/14 10:10:12 [33m   WARN[39m [38;5;3m[AllExceptionsFilter] [39m[33m[POST] /api/ext/ledger/transfers - 400: 参数验证失败[39m
[33m[Nest] 26296  - [39m2026/08/14 10:10:12 [33m   WARN[39m [38;5;3m[AllExceptionsFilter] [39m[33m[POST] /api/ext/ledger/transfers - 400: 参数验证失败[39m
[33m[Nest] 26296  - [39m2026/08/14 10:10:12 [33m   WARN[39m [38;5;3m[AllExceptionsFilter] [39m[33m[POST] /api/ext/ledger/transfers - 400: 参数验证失败[39m
[33m[Nest] 26296  - [39m2026/08/14 10:10:12 [33m   WARN[39m [38;5;3m[AllExceptionsFilter] [39m[33m[POST] /api/ext/ledger/transfers - 400: 参数验证失败[39m
[33m[Nest] 26296  - [39m2026/08/14 10:10:12 [33m   WARN[39m [38;5;3m[AllExceptionsFilter] [39m[33m[POST] /api/ext/ledger/transfers - 400: 参数验证失败[39m
[33m[Nest] 26296  - [39m2026/08/14 10:10:12 [33m   WARN[39m [38;5;3m[AllExceptionsFilter] [39m[33m[POST] /api/ext/ledger/transfers - 400: 参数验证失败[39m
[33m[Nest] 26296  - [39m2026/08/14 10:10:12 [33m   WARN[39m [38;5;3m[AllExceptionsFilter] [39m[33m[POST] /api/ext/ledger/transfers - 400: 参数验证失败[39m
[33m[Nest] 26296  - [39m2026/08/14 10:10:12 [33m   WARN[39m [38;5;3m[AllExceptionsFilter] [39m[33m[POST] /api/ext/ledger/transfers - 400: 参数验证失败[39m
[33m[Nest] 26296  - [39m2026/08/14 10:10:12 [33m   WARN[39m [38;5;3m[AllExceptionsFilter] [39m[33m[POST] /api/ext/ledger/transfers - 400: 参数验证失败[39m
[33m[Nest] 26296  - [39m2026/08/14 10:10:12 [33m   WARN[39m [38;5;3m[AllExceptionsFilter] [39m[33m[POST] /api/ext/ledger/transfers - 400: 参数验证失败[39m
[33m[Nest] 26296  - [39m2026/08/14 10:10:12 [33m   WARN[39m [38;5;3m[AllExceptionsFilter] [39m[33m[POST] /api/ext/ledger/transfers - 400: 参数验证失败[39m
[33m[Nest] 26296  - [39m2026/08/14 10:10:12 [33m   WARN[39m [38;5;3m[AllExceptionsFilter] [39m[33m[POST] /api/ext/ledger/transfers - 400: 参数验证失败[39m
[33m[Nest] 26296  - [39m2026/08/14 10:10:12 [33m   WARN[39m [38;5;3m[AllExceptionsFilter] [39m[33m[POST] /api/ext/ledger/transfers - 400: 参数验证失败[39m
[33m[Nest] 26296  - [39m2026/08/14 10:10:12 [33m   WARN[39m [38;5;3m[AllExceptionsFilter] [39m[33m[POST] /api/ext/ledger/transfers - 400: 参数验证失败[39m
[33m[Nest] 26296  - [39m2026/08/14 10:10:12 [33m   WARN[39m [38;5;3m[AllExceptionsFilter] [39m[33m[POST] /api/ext/ledger/transfers - 400: 参数验证失败[39m
[33m[Nest] 26296  - [39m2026/08/14 10:10:12 [33m   WARN[39m [38;5;3m[AllExceptionsFilter] [39m[33m[POST] /api/ext/ledger/transfers - 400: 参数验证失败[39m
[33m[Nest] 26296  - [39m2026/08/14 10:10:12 [33m   WARN[39m [38;5;3m[AllExceptionsFilter] [39m[33m[POST] /api/ext/ledger/transfers - 400: 参数验证失败[39m
[33m[Nest] 26296  - [39m2026/08/14 10:10:12 [33m   WARN[39m [38;5;3m[AllExceptionsFilter] [39m[33m[POST] /api/ext/ledger/transfers - 400: 参数验证失败[39m
[33m[Nest] 26296  - [39m2026/08/14 10:10:12 [33m   WARN[39m [38;5;3m[AllExceptionsFilter] [39m[33m[POST] /api/ext/ledger/transfers - 400: 参数验证失败[39m
[33m[Nest] 26296  - [39m2026/08/14 10:10:12 [33m   WARN[39m [38;5;3m[AllExceptionsFilter] [39m[33m[POST] /api/ext/ledger/transfers - 400: 参数验证失败[39m
[33m[Nest] 26296  - [39m2026/08/14 10:10:12 [33m   WARN[39m [38;5;3m[AllExceptionsFilter] [39m[33m[POST] /api/ext/ledger/transfers - 400: 参数验证失败[39m
[33m[Nest] 26296  - [39m2026/08/14 10:10:12 [33m   WARN[39m [38;5;3m[AllExceptionsFilter] [39m[33m[POST] /api/ext/ledger/transfers - 400: 参数验证失败[39m
[33m[Nest] 26296  - [39m2026/08/14 10:10:12 [33m   WARN[39m [38;5;3m[AllExceptionsFilter] [39m[33m[POST] /api/ext/ledger/transfers - 400: 参数验证失败[39m
[32m[Nest] 26296  - [39m2026/08/14 10:10:12 [32m    LOG[39m [38;5;3m[LoggingInterceptor] [39m[32mGET /api/ext/ledger/accounts/93a9aa61-8d5e-4ea8-86e0-56ba2ad39993 - 200 - 1ms[39m
[32m[Nest] 26296  - [39m2026/08/14 10:10:12 [32m    LOG[39m [38;5;3m[LoggingInterceptor] [39m[32mGET /api/ext/ledger/accounts/93a9aa61-8d5e-4ea8-86e0-56ba2ad39993 - 200 - 1ms[39m
[32m[Nest] 26296  - [39m2026/08/14 10:10:12 [32m    LOG[39m [38;5;3m[LoggingInterceptor] [39m[32mGET /api/ext/ledger/accounts/undefined - 200 - 1ms[39m
[32m[Nest] 26296  - [39m2026/08/14 10:10:12 [32m    LOG[39m [38;5;3m[LoggingInterceptor] [39m[32mGET /api/ext/ledger/accounts/undefined - 200 - 1ms[39m
[33m[Nest] 26296  - [39m2026/08/14 10:10:12 [33m   WARN[39m [38;5;3m[AllExceptionsFilter] [39m[33m[POST] /api/ext/ledger/transfers - 400: 参数验证失败[39m
[33m[Nest] 26296  - [39m2026/08/14 10:10:12 [33m   WARN[39m [38;5;3m[AllExceptionsFilter] [39m[33m[POST] /api/ext/ledger/transfers - 400: 参数验证失败[39m
[33m[Nest] 26296  - [39m2026/08/14 10:10:12 [33m   WARN[39m [38;5;3m[AllExceptionsFilter] [39m[33m[POST] /api/ext/ledger/transfers - 400: 参数验证失败[39m
[33m[Nest] 26296  - [39m2026/08/14 10:10:12 [33m   WARN[39m [38;5;3m[AllExceptionsFilter] [39m[33m[POST] /api/ext/ledger/transfers - 400: 参数验证失败[39m
[33m[Nest] 26296  - [39m2026/08/14 10:10:12 [33m   WARN[39m [38;5;3m[AllExceptionsFilter] [39m[33m[POST] /api/ext/ledger/transfers - 400: 参数验证失败[39m
[32m[Nest] 26296  - [39m2026/08/14 10:10:12 [32m    LOG[39m [38;5;3m[LedgerReconcileService] [39m[32m对账完成：14 个账户全部平衡（reportId=b041c46f-ce0c-4718-8f19-feb1776bc25e）[39m
[32m[Nest] 26296  - [39m2026/08/14 10:10:12 [32m    LOG[39m [38;5;3m[LoggingInterceptor] [39m[32mPOST /api/ext/ledger/reconcile - 201 - 20ms[39m
[32m[Nest] 26296  - [39m2026/08/14 10:10:12 [32m    LOG[39m [38;5;3m[LoggingInterceptor] [39m[32mPOST /api/ext/ledger/reconcile - 201 - 20ms[39m
[钩子] 用户登录前: admin
[钩子] 用户登录成功: admin
[32m[Nest] 26296  - [39m2026/08/14 10:10:33 [32m    LOG[39m [38;5;3m[LoggingInterceptor] [39m[32mPOST /api/auth/login - 200 - 136ms[39m
[32m[Nest] 26296  - [39m2026/08/14 10:10:33 [32m    LOG[39m [38;5;3m[LoggingInterceptor] [39m[32mPOST /api/auth/login - 200 - 136ms[39m
[32m[Nest] 26296  - [39m2026/08/14 10:10:33 [32m    LOG[39m [38;5;3m[LoggingInterceptor] [39m[32mPOST /api/ext/ledger/accounts - 201 - 22ms[39m
[32m[Nest] 26296  - [39m2026/08/14 10:10:33 [32m    LOG[39m [38;5;3m[LoggingInterceptor] [39m[32mPOST /api/ext/ledger/accounts - 201 - 23ms[39m
[钩子] 用户登录前: admin
[钩子] 用户登录成功: admin
[32m[Nest] 26296  - [39m2026/08/14 10:10:52 [32m    LOG[39m [38;5;3m[LoggingInterceptor] [39m[32mPOST /api/auth/login - 200 - 65ms[39m
[32m[Nest] 26296  - [39m2026/08/14 10:10:52 [32m    LOG[39m [38;5;3m[LoggingInterceptor] [39m[32mPOST /api/auth/login - 200 - 65ms[39m
[32m[Nest] 26296  - [39m2026/08/14 10:10:52 [32m    LOG[39m [38;5;3m[LoggingInterceptor] [39m[32mPOST /api/ext/ledger/accounts - 201 - 48ms[39m
[32m[Nest] 26296  - [39m2026/08/14 10:10:52 [32m    LOG[39m [38;5;3m[LoggingInterceptor] [39m[32mPOST /api/ext/ledger/accounts - 201 - 49ms[39m
[32m[Nest] 26296  - [39m2026/08/14 10:10:52 [32m    LOG[39m [38;5;3m[LoggingInterceptor] [39m[32mPOST /api/ext/ledger/accounts - 201 - 6ms[39m
[32m[Nest] 26296  - [39m2026/08/14 10:10:52 [32m    LOG[39m [38;5;3m[LoggingInterceptor] [39m[32mPOST /api/ext/ledger/accounts - 201 - 7ms[39m
[32m[Nest] 26296  - [39m2026/08/14 10:10:52 [32m    LOG[39m [38;5;3m[LoggingInterceptor] [39m[32mPOST /api/ext/ledger/transfers - 201 - 13ms[39m
[32m[Nest] 26296  - [39m2026/08/14 10:10:52 [32m    LOG[39m [38;5;3m[LoggingInterceptor] [39m[32mPOST /api/ext/ledger/transfers - 201 - 13ms[39m
[32m[Nest] 26296  - [39m2026/08/14 10:10:52 [32m    LOG[39m [38;5;3m[LoggingInterceptor] [39m[32mPOST /api/ext/ledger/transfers - 201 - 295ms[39m
[32m[Nest] 26296  - [39m2026/08/14 10:10:52 [32m    LOG[39m [38;5;3m[LoggingInterceptor] [39m[32mPOST /api/ext/ledger/transfers - 201 - 295ms[39m
[32m[Nest] 26296  - [39m2026/08/14 10:10:52 [32m    LOG[39m [38;5;3m[LoggingInterceptor] [39m[32mPOST /api/ext/ledger/transfers - 201 - 296ms[39m
[32m[Nest] 26296  - [39m2026/08/14 10:10:52 [32m    LOG[39m [38;5;3m[LoggingInterceptor] [39m[32mPOST /api/ext/ledger/transfers - 201 - 296ms[39m
[32m[Nest] 26296  - [39m2026/08/14 10:10:52 [32m    LOG[39m [38;5;3m[LoggingInterceptor] [39m[32mPOST /api/ext/ledger/transfers - 201 - 302ms[39m
[32m[Nest] 26296  - [39m2026/08/14 10:10:52 [32m    LOG[39m [38;5;3m[LoggingInterceptor] [39m[32mPOST /api/ext/ledger/transfers - 201 - 302ms[39m
[32m[Nest] 26296  - [39m2026/08/14 10:10:52 [32m    LOG[39m [38;5;3m[LoggingInterceptor] [39m[32mPOST /api/ext/ledger/transfers - 201 - 308ms[39m
[32m[Nest] 26296  - [39m2026/08/14 10:10:52 [32m    LOG[39m [38;5;3m[LoggingInterceptor] [39m[32mPOST /api/ext/ledger/transfers - 201 - 308ms[39m
[32m[Nest] 26296  - [39m2026/08/14 10:10:52 [32m    LOG[39m [38;5;3m[LoggingInterceptor] [39m[32mPOST /api/ext/ledger/transfers - 201 - 313ms[39m
[32m[Nest] 26296  - [39m2026/08/14 10:10:52 [32m    LOG[39m [38;5;3m[LoggingInterceptor] [39m[32mPOST /api/ext/ledger/transfers - 201 - 313ms[39m
[32m[Nest] 26296  - [39m2026/08/14 10:10:52 [32m    LOG[39m [38;5;3m[LoggingInterceptor] [39m[32mPOST /api/ext/ledger/transfers - 201 - 316ms[39m
[32m[Nest] 26296  - [39m2026/08/14 10:10:52 [32m    LOG[39m [38;5;3m[LoggingInterceptor] [39m[32mPOST /api/ext/ledger/transfers - 201 - 316ms[39m
[32m[Nest] 26296  - [39m2026/08/14 10:10:52 [32m    LOG[39m [38;5;3m[LoggingInterceptor] [39m[32mPOST /api/ext/ledger/transfers - 201 - 325ms[39m
[32m[Nest] 26296  - [39m2026/08/14 10:10:52 [32m    LOG[39m [38;5;3m[LoggingInterceptor] [39m[32mPOST /api/ext/ledger/transfers - 201 - 325ms[39m
[32m[Nest] 26296  - [39m2026/08/14 10:10:52 [32m    LOG[39m [38;5;3m[LoggingInterceptor] [39m[32mPOST /api/ext/ledger/transfers - 201 - 326ms[39m
[32m[Nest] 26296  - [39m2026/08/14 10:10:52 [32m    LOG[39m [38;5;3m[LoggingInterceptor] [39m[32mPOST /api/ext/ledger/transfers - 201 - 326ms[39m
[32m[Nest] 26296  - [39m2026/08/14 10:10:52 [32m    LOG[39m [38;5;3m[LoggingInterceptor] [39m[32mPOST /api/ext/ledger/transfers - 201 - 332ms[39m
[32m[Nest] 26296  - [39m2026/08/14 10:10:52 [32m    LOG[39m [38;5;3m[LoggingInterceptor] [39m[32mPOST /api/ext/ledger/transfers - 201 - 332ms[39m
[32m[Nest] 26296  - [39m2026/08/14 10:10:52 [32m    LOG[39m [38;5;3m[LoggingInterceptor] [39m[32mPOST /api/ext/ledger/transfers - 201 - 338ms[39m
[32m[Nest] 26296  - [39m2026/08/14 10:10:52 [32m    LOG[39m [38;5;3m[LoggingInterceptor] [39m[32mPOST /api/ext/ledger/transfers - 201 - 338ms[39m
[32m[Nest] 26296  - [39m2026/08/14 10:10:52 [32m    LOG[39m [38;5;3m[LoggingInterceptor] [39m[32mPOST /api/ext/ledger/transfers - 201 - 343ms[39m
[32m[Nest] 26296  - [39m2026/08/14 10:10:52 [32m    LOG[39m [38;5;3m[LoggingInterceptor] [39m[32mPOST /api/ext/ledger/transfers - 201 - 343ms[39m
[32m[Nest] 26296  - [39m2026/08/14 10:10:52 [32m    LOG[39m [38;5;3m[LoggingInterceptor] [39m[32mPOST /api/ext/ledger/transfers - 201 - 251ms[39m
[32m[Nest] 26296  - [39m2026/08/14 10:10:52 [32m    LOG[39m [38;5;3m[LoggingInterceptor] [39m[32mPOST /api/ext/ledger/transfers - 201 - 251ms[39m
[32m[Nest] 26296  - [39m2026/08/14 10:10:52 [32m    LOG[39m [38;5;3m[LoggingInterceptor] [39m[32mPOST /api/ext/ledger/transfers - 201 - 340ms[39m
[32m[Nest] 26296  - [39m2026/08/14 10:10:52 [32m    LOG[39m [38;5;3m[LoggingInterceptor] [39m[32mPOST /api/ext/ledger/transfers - 201 - 340ms[39m
[32m[Nest] 26296  - [39m2026/08/14 10:10:52 [32m    LOG[39m [38;5;3m[LoggingInterceptor] [39m[32mPOST /api/ext/ledger/transfers - 201 - 357ms[39m
[32m[Nest] 26296  - [39m2026/08/14 10:10:52 [32m    LOG[39m [38;5;3m[LoggingInterceptor] [39m[32mPOST /api/ext/ledger/transfers - 201 - 357ms[39m
[32m[Nest] 26296  - [39m2026/08/14 10:10:52 [32m    LOG[39m [38;5;3m[LoggingInterceptor] [39m[32mPOST /api/ext/ledger/transfers - 201 - 356ms[39m
[32m[Nest] 26296  - [39m2026/08/14 10:10:52 [32m    LOG[39m [38;5;3m[LoggingInterceptor] [39m[32mPOST /api/ext/ledger/transfers - 201 - 356ms[39m
[32m[Nest] 26296  - [39m2026/08/14 10:10:52 [32m    LOG[39m [38;5;3m[LoggingInterceptor] [39m[32mPOST /api/ext/ledger/transfers - 201 - 273ms[39m
[32m[Nest] 26296  - [39m2026/08/14 10:10:52 [32m    LOG[39m [38;5;3m[LoggingInterceptor] [39m[32mPOST /api/ext/ledger/transfers - 201 - 273ms[39m
[32m[Nest] 26296  - [39m2026/08/14 10:10:52 [32m    LOG[39m [38;5;3m[LoggingInterceptor] [39m[32mPOST /api/ext/ledger/transfers - 201 - 296ms[39m
[32m[Nest] 26296  - [39m2026/08/14 10:10:52 [32m    LOG[39m [38;5;3m[LoggingInterceptor] [39m[32mPOST /api/ext/ledger/transfers - 201 - 296ms[39m
[32m[Nest] 26296  - [39m2026/08/14 10:10:52 [32m    LOG[39m [38;5;3m[LoggingInterceptor] [39m[32mPOST /api/ext/ledger/transfers - 201 - 285ms[39m
[32m[Nest] 26296  - [39m2026/08/14 10:10:52 [32m    LOG[39m [38;5;3m[LoggingInterceptor] [39m[32mPOST /api/ext/ledger/transfers - 201 - 285ms[39m
[32m[Nest] 26296  - [39m2026/08/14 10:10:52 [32m    LOG[39m [38;5;3m[LoggingInterceptor] [39m[32mPOST /api/ext/ledger/transfers - 201 - 319ms[39m
[32m[Nest] 26296  - [39m2026/08/14 10:10:52 [32m    LOG[39m [38;5;3m[LoggingInterceptor] [39m[32mPOST /api/ext/ledger/transfers - 201 - 319ms[39m
[32m[Nest] 26296  - [39m2026/08/14 10:10:52 [32m    LOG[39m [38;5;3m[LoggingInterceptor] [39m[32mPOST /api/ext/ledger/transfers - 201 - 319ms[39m
[32m[Nest] 26296  - [39m2026/08/14 10:10:52 [32m    LOG[39m [38;5;3m[LoggingInterceptor] [39m[32mPOST /api/ext/ledger/transfers - 201 - 319ms[39m
[32m[Nest] 26296  - [39m2026/08/14 10:10:52 [32m    LOG[39m [38;5;3m[LoggingInterceptor] [39m[32mPOST /api/ext/ledger/transfers - 201 - 356ms[39m
[32m[Nest] 26296  - [39m2026/08/14 10:10:52 [32m    LOG[39m [38;5;3m[LoggingInterceptor] [39m[32mPOST /api/ext/ledger/transfers - 201 - 356ms[39m
[32m[Nest] 26296  - [39m2026/08/14 10:10:52 [32m    LOG[39m [38;5;3m[LoggingInterceptor] [39m[32mPOST /api/ext/ledger/transfers - 201 - 401ms[39m
[32m[Nest] 26296  - [39m2026/08/14 10:10:52 [32m    LOG[39m [38;5;3m[LoggingInterceptor] [39m[32mPOST /api/ext/ledger/transfers - 201 - 401ms[39m
[32m[Nest] 26296  - [39m2026/08/14 10:10:52 [32m    LOG[39m [38;5;3m[LoggingInterceptor] [39m[32mPOST /api/ext/ledger/transfers - 201 - 402ms[39m
[32m[Nest] 26296  - [39m2026/08/14 10:10:52 [32m    LOG[39m [38;5;3m[LoggingInterceptor] [39m[32mPOST /api/ext/ledger/transfers - 201 - 402ms[39m
[32m[Nest] 26296  - [39m2026/08/14 10:10:52 [32m    LOG[39m [38;5;3m[LoggingInterceptor] [39m[32mPOST /api/ext/ledger/transfers - 201 - 341ms[39m
[32m[Nest] 26296  - [39m2026/08/14 10:10:52 [32m    LOG[39m [38;5;3m[LoggingInterceptor] [39m[32mPOST /api/ext/ledger/transfers - 201 - 341ms[39m
[32m[Nest] 26296  - [39m2026/08/14 10:10:52 [32m    LOG[39m [38;5;3m[LoggingInterceptor] [39m[32mPOST /api/ext/ledger/transfers - 201 - 427ms[39m
[32m[Nest] 26296  - [39m2026/08/14 10:10:52 [32m    LOG[39m [38;5;3m[LoggingInterceptor] [39m[32mPOST /api/ext/ledger/transfers - 201 - 427ms[39m
[32m[Nest] 26296  - [39m2026/08/14 10:10:52 [32m    LOG[39m [38;5;3m[LoggingInterceptor] [39m[32mPOST /api/ext/ledger/transfers - 201 - 426ms[39m
[32m[Nest] 26296  - [39m2026/08/14 10:10:52 [32m    LOG[39m [38;5;3m[LoggingInterceptor] [39m[32mPOST /api/ext/ledger/transfers - 201 - 427ms[39m
[32m[Nest] 26296  - [39m2026/08/14 10:10:52 [32m    LOG[39m [38;5;3m[LoggingInterceptor] [39m[32mPOST /api/ext/ledger/transfers - 201 - 385ms[39m
[32m[Nest] 26296  - [39m2026/08/14 10:10:52 [32m    LOG[39m [38;5;3m[LoggingInterceptor] [39m[32mPOST /api/ext/ledger/transfers - 201 - 385ms[39m
[32m[Nest] 26296  - [39m2026/08/14 10:10:52 [32m    LOG[39m [38;5;3m[LoggingInterceptor] [39m[32mPOST /api/ext/ledger/transfers - 201 - 400ms[39m
[32m[Nest] 26296  - [39m2026/08/14 10:10:52 [32m    LOG[39m [38;5;3m[LoggingInterceptor] [39m[32mPOST /api/ext/ledger/transfers - 201 - 400ms[39m
[32m[Nest] 26296  - [39m2026/08/14 10:10:52 [32m    LOG[39m [38;5;3m[LoggingInterceptor] [39m[32mPOST /api/ext/ledger/transfers - 201 - 394ms[39m
[32m[Nest] 26296  - [39m2026/08/14 10:10:52 [32m    LOG[39m [38;5;3m[LoggingInterceptor] [39m[32mPOST /api/ext/ledger/transfers - 201 - 394ms[39m
[32m[Nest] 26296  - [39m2026/08/14 10:10:52 [32m    LOG[39m [38;5;3m[LoggingInterceptor] [39m[32mPOST /api/ext/ledger/transfers - 201 - 506ms[39m
[32m[Nest] 26296  - [39m2026/08/14 10:10:52 [32m    LOG[39m [38;5;3m[LoggingInterceptor] [39m[32mPOST /api/ext/ledger/transfers - 201 - 506ms[39m
[32m[Nest] 26296  - [39m2026/08/14 10:10:52 [32m    LOG[39m [38;5;3m[LoggingInterceptor] [39m[32mPOST /api/ext/ledger/transfers - 201 - 491ms[39m
[32m[Nest] 26296  - [39m2026/08/14 10:10:52 [32m    LOG[39m [38;5;3m[LoggingInterceptor] [39m[32mPOST /api/ext/ledger/transfers - 201 - 491ms[39m
[32m[Nest] 26296  - [39m2026/08/14 10:10:52 [32m    LOG[39m [38;5;3m[LoggingInterceptor] [39m[32mPOST /api/ext/ledger/transfers - 201 - 488ms[39m
[32m[Nest] 26296  - [39m2026/08/14 10:10:52 [32m    LOG[39m [38;5;3m[LoggingInterceptor] [39m[32mPOST /api/ext/ledger/transfers - 201 - 489ms[39m
[32m[Nest] 26296  - [39m2026/08/14 10:10:52 [32m    LOG[39m [38;5;3m[LoggingInterceptor] [39m[32mPOST /api/ext/ledger/transfers - 201 - 538ms[39m
[32m[Nest] 26296  - [39m2026/08/14 10:10:52 [32m    LOG[39m [38;5;3m[LoggingInterceptor] [39m[32mPOST /api/ext/ledger/transfers - 201 - 538ms[39m
[32m[Nest] 26296  - [39m2026/08/14 10:10:52 [32m    LOG[39m [38;5;3m[LoggingInterceptor] [39m[32mPOST /api/ext/ledger/transfers - 201 - 579ms[39m
[32m[Nest] 26296  - [39m2026/08/14 10:10:52 [32m    LOG[39m [38;5;3m[LoggingInterceptor] [39m[32mPOST /api/ext/ledger/transfers - 201 - 579ms[39m
[32m[Nest] 26296  - [39m2026/08/14 10:10:52 [32m    LOG[39m [38;5;3m[LoggingInterceptor] [39m[32mPOST /api/ext/ledger/transfers - 201 - 511ms[39m
[32m[Nest] 26296  - [39m2026/08/14 10:10:52 [32m    LOG[39m [38;5;3m[LoggingInterceptor] [39m[32mPOST /api/ext/ledger/transfers - 201 - 511ms[39m
[32m[Nest] 26296  - [39m2026/08/14 10:10:53 [32m    LOG[39m [38;5;3m[LoggingInterceptor] [39m[32mPOST /api/ext/ledger/transfers - 201 - 536ms[39m
[32m[Nest] 26296  - [39m2026/08/14 10:10:53 [32m    LOG[39m [38;5;3m[LoggingInterceptor] [39m[32mPOST /api/ext/ledger/transfers - 201 - 536ms[39m
[32m[Nest] 26296  - [39m2026/08/14 10:10:53 [32m    LOG[39m [38;5;3m[LoggingInterceptor] [39m[32mPOST /api/ext/ledger/transfers - 201 - 573ms[39m
[32m[Nest] 26296  - [39m2026/08/14 10:10:53 [32m    LOG[39m [38;5;3m[LoggingInterceptor] [39m[32mPOST /api/ext/ledger/transfers - 201 - 573ms[39m
[32m[Nest] 26296  - [39m2026/08/14 10:10:53 [32m    LOG[39m [38;5;3m[LoggingInterceptor] [39m[32mPOST /api/ext/ledger/transfers - 201 - 595ms[39m
[32m[Nest] 26296  - [39m2026/08/14 10:10:53 [32m    LOG[39m [38;5;3m[LoggingInterceptor] [39m[32mPOST /api/ext/ledger/transfers - 201 - 595ms[39m
[32m[Nest] 26296  - [39m2026/08/14 10:10:53 [32m    LOG[39m [38;5;3m[LoggingInterceptor] [39m[32mPOST /api/ext/ledger/transfers - 201 - 553ms[39m
[32m[Nest] 26296  - [39m2026/08/14 10:10:53 [32m    LOG[39m [38;5;3m[LoggingInterceptor] [39m[32mPOST /api/ext/ledger/transfers - 201 - 553ms[39m
[32m[Nest] 26296  - [39m2026/08/14 10:10:53 [32m    LOG[39m [38;5;3m[LoggingInterceptor] [39m[32mPOST /api/ext/ledger/transfers - 201 - 610ms[39m
[32m[Nest] 26296  - [39m2026/08/14 10:10:53 [32m    LOG[39m [38;5;3m[LoggingInterceptor] [39m[32mPOST /api/ext/ledger/transfers - 201 - 610ms[39m
[32m[Nest] 26296  - [39m2026/08/14 10:10:53 [32m    LOG[39m [38;5;3m[LoggingInterceptor] [39m[32mPOST /api/ext/ledger/transfers - 201 - 610ms[39m
[32m[Nest] 26296  - [39m2026/08/14 10:10:53 [32m    LOG[39m [38;5;3m[LoggingInterceptor] [39m[32mPOST /api/ext/ledger/transfers - 201 - 610ms[39m
[32m[Nest] 26296  - [39m2026/08/14 10:10:53 [32m    LOG[39m [38;5;3m[LoggingInterceptor] [39m[32mPOST /api/ext/ledger/transfers - 201 - 576ms[39m
[32m[Nest] 26296  - [39m2026/08/14 10:10:53 [32m    LOG[39m [38;5;3m[LoggingInterceptor] [39m[32mPOST /api/ext/ledger/transfers - 201 - 576ms[39m
[32m[Nest] 26296  - [39m2026/08/14 10:10:53 [32m    LOG[39m [38;5;3m[LoggingInterceptor] [39m[32mPOST /api/ext/ledger/transfers - 201 - 672ms[39m
[32m[Nest] 26296  - [39m2026/08/14 10:10:53 [32m    LOG[39m [38;5;3m[LoggingInterceptor] [39m[32mPOST /api/ext/ledger/transfers - 201 - 673ms[39m
[32m[Nest] 26296  - [39m2026/08/14 10:10:53 [32m    LOG[39m [38;5;3m[LoggingInterceptor] [39m[32mPOST /api/ext/ledger/transfers - 201 - 627ms[39m
[32m[Nest] 26296  - [39m2026/08/14 10:10:53 [32m    LOG[39m [38;5;3m[LoggingInterceptor] [39m[32mPOST /api/ext/ledger/transfers - 201 - 627ms[39m
[32m[Nest] 26296  - [39m2026/08/14 10:10:53 [32m    LOG[39m [38;5;3m[LoggingInterceptor] [39m[32mPOST /api/ext/ledger/transfers - 201 - 614ms[39m
[32m[Nest] 26296  - [39m2026/08/14 10:10:53 [32m    LOG[39m [38;5;3m[LoggingInterceptor] [39m[32mPOST /api/ext/ledger/transfers - 201 - 614ms[39m
[32m[Nest] 26296  - [39m2026/08/14 10:10:53 [32m    LOG[39m [38;5;3m[LoggingInterceptor] [39m[32mPOST /api/ext/ledger/transfers - 201 - 699ms[39m
[32m[Nest] 26296  - [39m2026/08/14 10:10:53 [32m    LOG[39m [38;5;3m[LoggingInterceptor] [39m[32mPOST /api/ext/ledger/transfers - 201 - 699ms[39m
[32m[Nest] 26296  - [39m2026/08/14 10:10:53 [32m    LOG[39m [38;5;3m[LoggingInterceptor] [39m[32mPOST /api/ext/ledger/transfers - 201 - 670ms[39m
[32m[Nest] 26296  - [39m2026/08/14 10:10:53 [32m    LOG[39m [38;5;3m[LoggingInterceptor] [39m[32mPOST /api/ext/ledger/transfers - 201 - 671ms[39m
[32m[Nest] 26296  - [39m2026/08/14 10:10:53 [32m    LOG[39m [38;5;3m[LoggingInterceptor] [39m[32mPOST /api/ext/ledger/transfers - 201 - 654ms[39m
[32m[Nest] 26296  - [39m2026/08/14 10:10:53 [32m    LOG[39m [38;5;3m[LoggingInterceptor] [39m[32mPOST /api/ext/ledger/transfers - 201 - 654ms[39m
[32m[Nest] 26296  - [39m2026/08/14 10:10:53 [32m    LOG[39m [38;5;3m[LoggingInterceptor] [39m[32mPOST /api/ext/ledger/transfers - 201 - 709ms[39m
[32m[Nest] 26296  - [39m2026/08/14 10:10:53 [32m    LOG[39m [38;5;3m[LoggingInterceptor] [39m[32mPOST /api/ext/ledger/transfers - 201 - 711ms[39m
[32m[Nest] 26296  - [39m2026/08/14 10:10:53 [32m    LOG[39m [38;5;3m[LoggingInterceptor] [39m[32mPOST /api/ext/ledger/transfers - 201 - 683ms[39m
[32m[Nest] 26296  - [39m2026/08/14 10:10:53 [32m    LOG[39m [38;5;3m[LoggingInterceptor] [39m[32mPOST /api/ext/ledger/transfers - 201 - 683ms[39m
[32m[Nest] 26296  - [39m2026/08/14 10:10:53 [32m    LOG[39m [38;5;3m[LoggingInterceptor] [39m[32mPOST /api/ext/ledger/transfers - 201 - 669ms[39m
[32m[Nest] 26296  - [39m2026/08/14 10:10:53 [32m    LOG[39m [38;5;3m[LoggingInterceptor] [39m[32mPOST /api/ext/ledger/transfers - 201 - 670ms[39m
[32m[Nest] 26296  - [39m2026/08/14 10:10:53 [32m    LOG[39m [38;5;3m[LoggingInterceptor] [39m[32mPOST /api/ext/ledger/transfers - 201 - 711ms[39m
[32m[Nest] 26296  - [39m2026/08/14 10:10:53 [32m    LOG[39m [38;5;3m[LoggingInterceptor] [39m[32mPOST /api/ext/ledger/transfers - 201 - 711ms[39m
[32m[Nest] 26296  - [39m2026/08/14 10:10:53 [32m    LOG[39m [38;5;3m[LoggingInterceptor] [39m[32mPOST /api/ext/ledger/transfers - 201 - 739ms[39m
[32m[Nest] 26296  - [39m2026/08/14 10:10:53 [32m    LOG[39m [38;5;3m[LoggingInterceptor] [39m[32mPOST /api/ext/ledger/transfers - 201 - 739ms[39m
[32m[Nest] 26296  - [39m2026/08/14 10:10:53 [32m    LOG[39m [38;5;3m[LoggingInterceptor] [39m[32mPOST /api/ext/ledger/transfers - 201 - 680ms[39m
[32m[Nest] 26296  - [39m2026/08/14 10:10:53 [32m    LOG[39m [38;5;3m[LoggingInterceptor] [39m[32mPOST /api/ext/ledger/transfers - 201 - 680ms[39m
[32m[Nest] 26296  - [39m2026/08/14 10:10:53 [32m    LOG[39m [38;5;3m[LoggingInterceptor] [39m[32mPOST /api/ext/ledger/transfers - 201 - 762ms[39m
[32m[Nest] 26296  - [39m2026/08/14 10:10:53 [32m    LOG[39m [38;5;3m[LoggingInterceptor] [39m[32mPOST /api/ext/ledger/transfers - 201 - 762ms[39m
[32m[Nest] 26296  - [39m2026/08/14 10:10:53 [32m    LOG[39m [38;5;3m[LoggingInterceptor] [39m[32mPOST /api/ext/ledger/transfers - 201 - 729ms[39m
[32m[Nest] 26296  - [39m2026/08/14 10:10:53 [32m    LOG[39m [38;5;3m[LoggingInterceptor] [39m[32mPOST /api/ext/ledger/transfers - 201 - 729ms[39m
[32m[Nest] 26296  - [39m2026/08/14 10:10:53 [32m    LOG[39m [38;5;3m[LoggingInterceptor] [39m[32mPOST /api/ext/ledger/transfers - 201 - 718ms[39m
[32m[Nest] 26296  - [39m2026/08/14 10:10:53 [32m    LOG[39m [38;5;3m[LoggingInterceptor] [39m[32mPOST /api/ext/ledger/transfers - 201 - 718ms[39m
[32m[Nest] 26296  - [39m2026/08/14 10:10:53 [32m    LOG[39m [38;5;3m[LoggingInterceptor] [39m[32mPOST /api/ext/ledger/transfers - 201 - 761ms[39m
[32m[Nest] 26296  - [39m2026/08/14 10:10:53 [32m    LOG[39m [38;5;3m[LoggingInterceptor] [39m[32mPOST /api/ext/ledger/transfers - 201 - 761ms[39m
[32m[Nest] 26296  - [39m2026/08/14 10:10:53 [32m    LOG[39m [38;5;3m[LoggingInterceptor] [39m[32mPOST /api/ext/ledger/transfers - 201 - 718ms[39m
[32m[Nest] 26296  - [39m2026/08/14 10:10:53 [32m    LOG[39m [38;5;3m[LoggingInterceptor] [39m[32mPOST /api/ext/ledger/transfers - 201 - 718ms[39m
[32m[Nest] 26296  - [39m2026/08/14 10:10:53 [32m    LOG[39m [38;5;3m[LoggingInterceptor] [39m[32mPOST /api/ext/ledger/transfers - 201 - 758ms[39m
[32m[Nest] 26296  - [39m2026/08/14 10:10:53 [32m    LOG[39m [38;5;3m[LoggingInterceptor] [39m[32mPOST /api/ext/ledger/transfers - 201 - 758ms[39m
[32m[Nest] 26296  - [39m2026/08/14 10:10:53 [32m    LOG[39m [38;5;3m[LoggingInterceptor] [39m[32mPOST /api/ext/ledger/transfers - 201 - 793ms[39m
[32m[Nest] 26296  - [39m2026/08/14 10:10:53 [32m    LOG[39m [38;5;3m[LoggingInterceptor] [39m[32mPOST /api/ext/ledger/transfers - 201 - 794ms[39m
[32m[Nest] 26296  - [39m2026/08/14 10:10:53 [32m    LOG[39m [38;5;3m[LoggingInterceptor] [39m[32mPOST /api/ext/ledger/transfers - 201 - 797ms[39m
[32m[Nest] 26296  - [39m2026/08/14 10:10:53 [32m    LOG[39m [38;5;3m[LoggingInterceptor] [39m[32mPOST /api/ext/ledger/transfers - 201 - 797ms[39m
[32m[Nest] 26296  - [39m2026/08/14 10:10:53 [32m    LOG[39m [38;5;3m[LoggingInterceptor] [39m[32mPOST /api/ext/ledger/transfers - 201 - 782ms[39m
[32m[Nest] 26296  - [39m2026/08/14 10:10:53 [32m    LOG[39m [38;5;3m[LoggingInterceptor] [39m[32mPOST /api/ext/ledger/transfers - 201 - 783ms[39m
[32m[Nest] 26296  - [39m2026/08/14 10:10:53 [32m    LOG[39m [38;5;3m[LoggingInterceptor] [39m[32mPOST /api/ext/ledger/transfers - 201 - 776ms[39m
[32m[Nest] 26296  - [39m2026/08/14 10:10:53 [32m    LOG[39m [38;5;3m[LoggingInterceptor] [39m[32mPOST /api/ext/ledger/transfers - 201 - 776ms[39m
[32m[Nest] 26296  - [39m2026/08/14 10:10:53 [32m    LOG[39m [38;5;3m[LoggingInterceptor] [39m[32mPOST /api/ext/ledger/transfers - 201 - 837ms[39m
[32m[Nest] 26296  - [39m2026/08/14 10:10:53 [32m    LOG[39m [38;5;3m[LoggingInterceptor] [39m[32mPOST /api/ext/ledger/transfers - 201 - 838ms[39m
[32m[Nest] 26296  - [39m2026/08/14 10:10:53 [32m    LOG[39m [38;5;3m[LoggingInterceptor] [39m[32mPOST /api/ext/ledger/transfers - 201 - 858ms[39m
[32m[Nest] 26296  - [39m2026/08/14 10:10:53 [32m    LOG[39m [38;5;3m[LoggingInterceptor] [39m[32mPOST /api/ext/ledger/transfers - 201 - 858ms[39m
[32m[Nest] 26296  - [39m2026/08/14 10:10:53 [32m    LOG[39m [38;5;3m[LoggingInterceptor] [39m[32mPOST /api/ext/ledger/transfers - 201 - 794ms[39m
[32m[Nest] 26296  - [39m2026/08/14 10:10:53 [32m    LOG[39m [38;5;3m[LoggingInterceptor] [39m[32mPOST /api/ext/ledger/transfers - 201 - 794ms[39m
[32m[Nest] 26296  - [39m2026/08/14 10:10:53 [32m    LOG[39m [38;5;3m[LoggingInterceptor] [39m[32mPOST /api/ext/ledger/transfers - 201 - 844ms[39m
[32m[Nest] 26296  - [39m2026/08/14 10:10:53 [32m    LOG[39m [38;5;3m[LoggingInterceptor] [39m[32mPOST /api/ext/ledger/transfers - 201 - 844ms[39m
[32m[Nest] 26296  - [39m2026/08/14 10:10:53 [32m    LOG[39m [38;5;3m[LoggingInterceptor] [39m[32mPOST /api/ext/ledger/transfers - 201 - 827ms[39m
[32m[Nest] 26296  - [39m2026/08/14 10:10:53 [32m    LOG[39m [38;5;3m[LoggingInterceptor] [39m[32mPOST /api/ext/ledger/transfers - 201 - 827ms[39m
[32m[Nest] 26296  - [39m2026/08/14 10:10:53 [32m    LOG[39m [38;5;3m[LoggingInterceptor] [39m[32mPOST /api/ext/ledger/transfers - 201 - 821ms[39m
[32m[Nest] 26296  - [39m2026/08/14 10:10:53 [32m    LOG[39m [38;5;3m[LoggingInterceptor] [39m[32mPOST /api/ext/ledger/transfers - 201 - 821ms[39m
[32m[Nest] 26296  - [39m2026/08/14 10:10:53 [32m    LOG[39m [38;5;3m[LoggingInterceptor] [39m[32mPOST /api/ext/ledger/transfers - 201 - 868ms[39m
[32m[Nest] 26296  - [39m2026/08/14 10:10:53 [32m    LOG[39m [38;5;3m[LoggingInterceptor] [39m[32mPOST /api/ext/ledger/transfers - 201 - 868ms[39m
[32m[Nest] 26296  - [39m2026/08/14 10:10:53 [32m    LOG[39m [38;5;3m[LoggingInterceptor] [39m[32mPOST /api/ext/ledger/transfers - 201 - 858ms[39m
[32m[Nest] 26296  - [39m2026/08/14 10:10:53 [32m    LOG[39m [38;5;3m[LoggingInterceptor] [39m[32mPOST /api/ext/ledger/transfers - 201 - 858ms[39m
[32m[Nest] 26296  - [39m2026/08/14 10:10:53 [32m    LOG[39m [38;5;3m[LoggingInterceptor] [39m[32mPOST /api/ext/ledger/transfers - 201 - 894ms[39m
[32m[Nest] 26296  - [39m2026/08/14 10:10:53 [32m    LOG[39m [38;5;3m[LoggingInterceptor] [39m[32mPOST /api/ext/ledger/transfers - 201 - 894ms[39m
[32m[Nest] 26296  - [39m2026/08/14 10:10:53 [32m    LOG[39m [38;5;3m[LoggingInterceptor] [39m[32mPOST /api/ext/ledger/transfers - 201 - 840ms[39m
[32m[Nest] 26296  - [39m2026/08/14 10:10:53 [32m    LOG[39m [38;5;3m[LoggingInterceptor] [39m[32mPOST /api/ext/ledger/transfers - 201 - 840ms[39m
[32m[Nest] 26296  - [39m2026/08/14 10:10:53 [32m    LOG[39m [38;5;3m[LoggingInterceptor] [39m[32mPOST /api/ext/ledger/transfers - 201 - 819ms[39m
[32m[Nest] 26296  - [39m2026/08/14 10:10:53 [32m    LOG[39m [38;5;3m[LoggingInterceptor] [39m[32mPOST /api/ext/ledger/transfers - 201 - 819ms[39m
[32m[Nest] 26296  - [39m2026/08/14 10:10:53 [32m    LOG[39m [38;5;3m[LoggingInterceptor] [39m[32mPOST /api/ext/ledger/transfers - 201 - 837ms[39m
[32m[Nest] 26296  - [39m2026/08/14 10:10:53 [32m    LOG[39m [38;5;3m[LoggingInterceptor] [39m[32mPOST /api/ext/ledger/transfers - 201 - 838ms[39m
[32m[Nest] 26296  - [39m2026/08/14 10:10:53 [32m    LOG[39m [38;5;3m[LoggingInterceptor] [39m[32mPOST /api/ext/ledger/transfers - 201 - 877ms[39m
[32m[Nest] 26296  - [39m2026/08/14 10:10:53 [32m    LOG[39m [38;5;3m[LoggingInterceptor] [39m[32mPOST /api/ext/ledger/transfers - 201 - 877ms[39m
[32m[Nest] 26296  - [39m2026/08/14 10:10:53 [32m    LOG[39m [38;5;3m[LoggingInterceptor] [39m[32mPOST /api/ext/ledger/transfers - 201 - 872ms[39m
[32m[Nest] 26296  - [39m2026/08/14 10:10:53 [32m    LOG[39m [38;5;3m[LoggingInterceptor] [39m[32mPOST /api/ext/ledger/transfers - 201 - 872ms[39m
[32m[Nest] 26296  - [39m2026/08/14 10:10:53 [32m    LOG[39m [38;5;3m[LoggingInterceptor] [39m[32mPOST /api/ext/ledger/transfers - 201 - 899ms[39m
[32m[Nest] 26296  - [39m2026/08/14 10:10:53 [32m    LOG[39m [38;5;3m[LoggingInterceptor] [39m[32mPOST /api/ext/ledger/transfers - 201 - 899ms[39m
[32m[Nest] 26296  - [39m2026/08/14 10:10:53 [32m    LOG[39m [38;5;3m[LoggingInterceptor] [39m[32mPOST /api/ext/ledger/transfers - 201 - 877ms[39m
[32m[Nest] 26296  - [39m2026/08/14 10:10:53 [32m    LOG[39m [38;5;3m[LoggingInterceptor] [39m[32mPOST /api/ext/ledger/transfers - 201 - 877ms[39m
[32m[Nest] 26296  - [39m2026/08/14 10:10:53 [32m    LOG[39m [38;5;3m[LoggingInterceptor] [39m[32mPOST /api/ext/ledger/transfers - 201 - 921ms[39m
[32m[Nest] 26296  - [39m2026/08/14 10:10:53 [32m    LOG[39m [38;5;3m[LoggingInterceptor] [39m[32mPOST /api/ext/ledger/transfers - 201 - 921ms[39m
[32m[Nest] 26296  - [39m2026/08/14 10:10:53 [32m    LOG[39m [38;5;3m[LoggingInterceptor] [39m[32mPOST /api/ext/ledger/transfers - 201 - 931ms[39m
[32m[Nest] 26296  - [39m2026/08/14 10:10:53 [32m    LOG[39m [38;5;3m[LoggingInterceptor] [39m[32mPOST /api/ext/ledger/transfers - 201 - 931ms[39m
[32m[Nest] 26296  - [39m2026/08/14 10:10:53 [32m    LOG[39m [38;5;3m[LoggingInterceptor] [39m[32mPOST /api/ext/ledger/transfers - 201 - 863ms[39m
[32m[Nest] 26296  - [39m2026/08/14 10:10:53 [32m    LOG[39m [38;5;3m[LoggingInterceptor] [39m[32mPOST /api/ext/ledger/transfers - 201 - 863ms[39m
[32m[Nest] 26296  - [39m2026/08/14 10:10:53 [32m    LOG[39m [38;5;3m[LoggingInterceptor] [39m[32mPOST /api/ext/ledger/transfers - 201 - 871ms[39m
[32m[Nest] 26296  - [39m2026/08/14 10:10:53 [32m    LOG[39m [38;5;3m[LoggingInterceptor] [39m[32mPOST /api/ext/ledger/transfers - 201 - 871ms[39m
[32m[Nest] 26296  - [39m2026/08/14 10:10:53 [32m    LOG[39m [38;5;3m[LoggingInterceptor] [39m[32mPOST /api/ext/ledger/transfers - 201 - 963ms[39m
[32m[Nest] 26296  - [39m2026/08/14 10:10:53 [32m    LOG[39m [38;5;3m[LoggingInterceptor] [39m[32mPOST /api/ext/ledger/transfers - 201 - 963ms[39m
[32m[Nest] 26296  - [39m2026/08/14 10:10:53 [32m    LOG[39m [38;5;3m[LoggingInterceptor] [39m[32mPOST /api/ext/ledger/transfers - 201 - 962ms[39m
[32m[Nest] 26296  - [39m2026/08/14 10:10:53 [32m    LOG[39m [38;5;3m[LoggingInterceptor] [39m[32mPOST /api/ext/ledger/transfers - 201 - 963ms[39m
[32m[Nest] 26296  - [39m2026/08/14 10:10:53 [32m    LOG[39m [38;5;3m[LoggingInterceptor] [39m[32mPOST /api/ext/ledger/transfers - 201 - 986ms[39m
[32m[Nest] 26296  - [39m2026/08/14 10:10:53 [32m    LOG[39m [38;5;3m[LoggingInterceptor] [39m[32mPOST /api/ext/ledger/transfers - 201 - 986ms[39m
[32m[Nest] 26296  - [39m2026/08/14 10:10:53 [32m    LOG[39m [38;5;3m[LoggingInterceptor] [39m[32mPOST /api/ext/ledger/transfers - 201 - 918ms[39m
[32m[Nest] 26296  - [39m2026/08/14 10:10:53 [32m    LOG[39m [38;5;3m[LoggingInterceptor] [39m[32mPOST /api/ext/ledger/transfers - 201 - 918ms[39m
[32m[Nest] 26296  - [39m2026/08/14 10:10:53 [32m    LOG[39m [38;5;3m[LoggingInterceptor] [39m[32mPOST /api/ext/ledger/transfers - 201 - 921ms[39m
[32m[Nest] 26296  - [39m2026/08/14 10:10:53 [32m    LOG[39m [38;5;3m[LoggingInterceptor] [39m[32mPOST /api/ext/ledger/transfers - 201 - 921ms[39m
[32m[Nest] 26296  - [39m2026/08/14 10:10:53 [32m    LOG[39m [38;5;3m[LoggingInterceptor] [39m[32mPOST /api/ext/ledger/transfers - 201 - 969ms[39m
[32m[Nest] 26296  - [39m2026/08/14 10:10:53 [32m    LOG[39m [38;5;3m[LoggingInterceptor] [39m[32mPOST /api/ext/ledger/transfers - 201 - 969ms[39m
[32m[Nest] 26296  - [39m2026/08/14 10:10:53 [32m    LOG[39m [38;5;3m[LoggingInterceptor] [39m[32mPOST /api/ext/ledger/transfers - 201 - 953ms[39m
[32m[Nest] 26296  - [39m2026/08/14 10:10:53 [32m    LOG[39m [38;5;3m[LoggingInterceptor] [39m[32mPOST /api/ext/ledger/transfers - 201 - 954ms[39m
[32m[Nest] 26296  - [39m2026/08/14 10:10:53 [32m    LOG[39m [38;5;3m[LoggingInterceptor] [39m[32mPOST /api/ext/ledger/transfers - 201 - 955ms[39m
[32m[Nest] 26296  - [39m2026/08/14 10:10:53 [32m    LOG[39m [38;5;3m[LoggingInterceptor] [39m[32mPOST /api/ext/ledger/transfers - 201 - 955ms[39m
[32m[Nest] 26296  - [39m2026/08/14 10:10:53 [32m    LOG[39m [38;5;3m[LoggingInterceptor] [39m[32mPOST /api/ext/ledger/transfers - 201 - 999ms[39m
[32m[Nest] 26296  - [39m2026/08/14 10:10:53 [32m    LOG[39m [38;5;3m[LoggingInterceptor] [39m[32mPOST /api/ext/ledger/transfers - 201 - 999ms[39m
[32m[Nest] 26296  - [39m2026/08/14 10:10:53 [32m    LOG[39m [38;5;3m[LoggingInterceptor] [39m[32mPOST /api/ext/ledger/transfers - 201 - 989ms[39m
[32m[Nest] 26296  - [39m2026/08/14 10:10:53 [32m    LOG[39m [38;5;3m[LoggingInterceptor] [39m[32mPOST /api/ext/ledger/transfers - 201 - 989ms[39m
[32m[Nest] 26296  - [39m2026/08/14 10:10:53 [32m    LOG[39m [38;5;3m[LoggingInterceptor] [39m[32mPOST /api/ext/ledger/transfers - 201 - 949ms[39m
[32m[Nest] 26296  - [39m2026/08/14 10:10:53 [32m    LOG[39m [38;5;3m[LoggingInterceptor] [39m[32mPOST /api/ext/ledger/transfers - 201 - 950ms[39m
[32m[Nest] 26296  - [39m2026/08/14 10:10:53 [32m    LOG[39m [38;5;3m[LoggingInterceptor] [39m[32mPOST /api/ext/ledger/transfers - 201 - 972ms[39m
[32m[Nest] 26296  - [39m2026/08/14 10:10:53 [32m    LOG[39m [38;5;3m[LoggingInterceptor] [39m[32mPOST /api/ext/ledger/transfers - 201 - 973ms[39m
[32m[Nest] 26296  - [39m2026/08/14 10:10:53 [32m    LOG[39m [38;5;3m[LoggingInterceptor] [39m[32mPOST /api/ext/ledger/transfers - 201 - 994ms[39m
[32m[Nest] 26296  - [39m2026/08/14 10:10:53 [32m    LOG[39m [38;5;3m[LoggingInterceptor] [39m[32mPOST /api/ext/ledger/transfers - 201 - 994ms[39m
[32m[Nest] 26296  - [39m2026/08/14 10:10:53 [32m    LOG[39m [38;5;3m[LoggingInterceptor] [39m[32mPOST /api/ext/ledger/transfers - 201 - 1022ms[39m
[32m[Nest] 26296  - [39m2026/08/14 10:10:53 [32m    LOG[39m [38;5;3m[LoggingInterceptor] [39m[32mPOST /api/ext/ledger/transfers - 201 - 1022ms[39m
[32m[Nest] 26296  - [39m2026/08/14 10:10:53 [32m    LOG[39m [38;5;3m[LoggingInterceptor] [39m[32mPOST /api/ext/ledger/transfers - 201 - 962ms[39m
[32m[Nest] 26296  - [39m2026/08/14 10:10:53 [32m    LOG[39m [38;5;3m[LoggingInterceptor] [39m[32mPOST /api/ext/ledger/transfers - 201 - 963ms[39m
[32m[Nest] 26296  - [39m2026/08/14 10:10:53 [32m    LOG[39m [38;5;3m[LoggingInterceptor] [39m[32mGET /api/ext/ledger/transfers/T20260814E116B37F357AA619 - 200 - 8ms[39m
[32m[Nest] 26296  - [39m2026/08/14 10:10:53 [32m    LOG[39m [38;5;3m[LoggingInterceptor] [39m[32mGET /api/ext/ledger/transfers/T20260814E116B37F357AA619 - 200 - 8ms[39m
[32m[Nest] 26296  - [39m2026/08/14 10:10:53 [32m    LOG[39m [38;5;3m[LoggingInterceptor] [39m[32mGET /api/ext/ledger/transfers/T202608143E3DC60090977204 - 200 - 12ms[39m
[32m[Nest] 26296  - [39m2026/08/14 10:10:53 [32m    LOG[39m [38;5;3m[LoggingInterceptor] [39m[32mGET /api/ext/ledger/transfers/T202608143E3DC60090977204 - 200 - 13ms[39m
[32m[Nest] 26296  - [39m2026/08/14 10:10:53 [32m    LOG[39m [38;5;3m[LoggingInterceptor] [39m[32mGET /api/ext/ledger/transfers/T202608143A4F0D1DC69FAB09 - 200 - 16ms[39m
[32m[Nest] 26296  - [39m2026/08/14 10:10:53 [32m    LOG[39m [38;5;3m[LoggingInterceptor] [39m[32mGET /api/ext/ledger/transfers/T202608143A4F0D1DC69FAB09 - 200 - 16ms[39m
[32m[Nest] 26296  - [39m2026/08/14 10:10:53 [32m    LOG[39m [38;5;3m[LoggingInterceptor] [39m[32mGET /api/ext/ledger/transfers/T202608140C254D0F675C55B4 - 200 - 24ms[39m
[32m[Nest] 26296  - [39m2026/08/14 10:10:53 [32m    LOG[39m [38;5;3m[LoggingInterceptor] [39m[32mGET /api/ext/ledger/transfers/T202608140C254D0F675C55B4 - 200 - 24ms[39m
[32m[Nest] 26296  - [39m2026/08/14 10:10:53 [32m    LOG[39m [38;5;3m[LoggingInterceptor] [39m[32mGET /api/ext/ledger/transfers/T20260814804483BF88B4383A - 200 - 30ms[39m
[32m[Nest] 26296  - [39m2026/08/14 10:10:53 [32m    LOG[39m [38;5;3m[LoggingInterceptor] [39m[32mGET /api/ext/ledger/transfers/T20260814804483BF88B4383A - 200 - 30ms[39m
[32m[Nest] 26296  - [39m2026/08/14 10:10:53 [32m    LOG[39m [38;5;3m[LoggingInterceptor] [39m[32mGET /api/ext/ledger/transfers/T2026081433D99C55ADC20C11 - 200 - 36ms[39m
[32m[Nest] 26296  - [39m2026/08/14 10:10:53 [32m    LOG[39m [38;5;3m[LoggingInterceptor] [39m[32mGET /api/ext/ledger/transfers/T2026081433D99C55ADC20C11 - 200 - 36ms[39m
[32m[Nest] 26296  - [39m2026/08/14 10:10:53 [32m    LOG[39m [38;5;3m[LoggingInterceptor] [39m[32mGET /api/ext/ledger/transfers/T202608142C60325F376B0232 - 200 - 39ms[39m
[32m[Nest] 26296  - [39m2026/08/14 10:10:53 [32m    LOG[39m [38;5;3m[LoggingInterceptor] [39m[32mGET /api/ext/ledger/transfers/T202608142C60325F376B0232 - 200 - 40ms[39m
[32m[Nest] 26296  - [39m2026/08/14 10:10:53 [32m    LOG[39m [38;5;3m[LoggingInterceptor] [39m[32mGET /api/ext/ledger/transfers/T20260814E9F2C3D2A2401A54 - 200 - 43ms[39m
[32m[Nest] 26296  - [39m2026/08/14 10:10:53 [32m    LOG[39m [38;5;3m[LoggingInterceptor] [39m[32mGET /api/ext/ledger/transfers/T20260814E9F2C3D2A2401A54 - 200 - 43ms[39m
[32m[Nest] 26296  - [39m2026/08/14 10:10:53 [32m    LOG[39m [38;5;3m[LoggingInterceptor] [39m[32mGET /api/ext/ledger/transfers/T202608145665C3FD547F1C31 - 200 - 47ms[39m
[32m[Nest] 26296  - [39m2026/08/14 10:10:53 [32m    LOG[39m [38;5;3m[LoggingInterceptor] [39m[32mGET /api/ext/ledger/transfers/T202608145665C3FD547F1C31 - 200 - 48ms[39m
[32m[Nest] 26296  - [39m2026/08/14 10:10:53 [32m    LOG[39m [38;5;3m[LoggingInterceptor] [39m[32mGET /api/ext/ledger/transfers/T202608143777BEDDC94AB8A3 - 200 - 51ms[39m
[32m[Nest] 26296  - [39m2026/08/14 10:10:53 [32m    LOG[39m [38;5;3m[LoggingInterceptor] [39m[32mGET /api/ext/ledger/transfers/T202608143777BEDDC94AB8A3 - 200 - 52ms[39m
[32m[Nest] 26296  - [39m2026/08/14 10:10:53 [32m    LOG[39m [38;5;3m[LoggingInterceptor] [39m[32mGET /api/ext/ledger/transfers/T2026081471B4B8F0598568F5 - 200 - 57ms[39m
[32m[Nest] 26296  - [39m2026/08/14 10:10:53 [32m    LOG[39m [38;5;3m[LoggingInterceptor] [39m[32mGET /api/ext/ledger/transfers/T2026081471B4B8F0598568F5 - 200 - 57ms[39m
[32m[Nest] 26296  - [39m2026/08/14 10:10:53 [32m    LOG[39m [38;5;3m[LoggingInterceptor] [39m[32mGET /api/ext/ledger/transfers/T20260814E1DA845FFD03FB2C - 200 - 59ms[39m
[32m[Nest] 26296  - [39m2026/08/14 10:10:53 [32m    LOG[39m [38;5;3m[LoggingInterceptor] [39m[32mGET /api/ext/ledger/transfers/T20260814E1DA845FFD03FB2C - 200 - 59ms[39m
[32m[Nest] 26296  - [39m2026/08/14 10:10:53 [32m    LOG[39m [38;5;3m[LoggingInterceptor] [39m[32mGET /api/ext/ledger/transfers/T20260814DB45DFD1E6E4D500 - 200 - 60ms[39m
[32m[Nest] 26296  - [39m2026/08/14 10:10:53 [32m    LOG[39m [38;5;3m[LoggingInterceptor] [39m[32mGET /api/ext/ledger/transfers/T20260814DB45DFD1E6E4D500 - 200 - 60ms[39m
[32m[Nest] 26296  - [39m2026/08/14 10:10:53 [32m    LOG[39m [38;5;3m[LoggingInterceptor] [39m[32mGET /api/ext/ledger/transfers/T2026081452BF1B35D74E6C8B - 200 - 61ms[39m
[32m[Nest] 26296  - [39m2026/08/14 10:10:53 [32m    LOG[39m [38;5;3m[LoggingInterceptor] [39m[32mGET /api/ext/ledger/transfers/T2026081452BF1B35D74E6C8B - 200 - 61ms[39m
[32m[Nest] 26296  - [39m2026/08/14 10:10:53 [32m    LOG[39m [38;5;3m[LoggingInterceptor] [39m[32mGET /api/ext/ledger/transfers/T20260814C2986FAC1C9594F1 - 200 - 60ms[39m
[32m[Nest] 26296  - [39m2026/08/14 10:10:53 [32m    LOG[39m [38;5;3m[LoggingInterceptor] [39m[32mGET /api/ext/ledger/transfers/T20260814C2986FAC1C9594F1 - 200 - 60ms[39m
[32m[Nest] 26296  - [39m2026/08/14 10:10:53 [32m    LOG[39m [38;5;3m[LoggingInterceptor] [39m[32mGET /api/ext/ledger/transfers/T202608144958BFD353165A1C - 200 - 60ms[39m
[32m[Nest] 26296  - [39m2026/08/14 10:10:53 [32m    LOG[39m [38;5;3m[LoggingInterceptor] [39m[32mGET /api/ext/ledger/transfers/T202608144958BFD353165A1C - 200 - 60ms[39m
[32m[Nest] 26296  - [39m2026/08/14 10:10:53 [32m    LOG[39m [38;5;3m[LoggingInterceptor] [39m[32mGET /api/ext/ledger/transfers/T202608140DD2DCAB080B4274 - 200 - 61ms[39m
[32m[Nest] 26296  - [39m2026/08/14 10:10:53 [32m    LOG[39m [38;5;3m[LoggingInterceptor] [39m[32mGET /api/ext/ledger/transfers/T202608140DD2DCAB080B4274 - 200 - 61ms[39m
[32m[Nest] 26296  - [39m2026/08/14 10:10:53 [32m    LOG[39m [38;5;3m[LoggingInterceptor] [39m[32mGET /api/ext/ledger/transfers/T20260814A9A24B770644F775 - 200 - 60ms[39m
[32m[Nest] 26296  - [39m2026/08/14 10:10:53 [32m    LOG[39m [38;5;3m[LoggingInterceptor] [39m[32mGET /api/ext/ledger/transfers/T20260814A9A24B770644F775 - 200 - 60ms[39m
[32m[Nest] 26296  - [39m2026/08/14 10:10:53 [32m    LOG[39m [38;5;3m[LoggingInterceptor] [39m[32mGET /api/ext/ledger/transfers/T2026081448FC91421516A788 - 200 - 61ms[39m
[32m[Nest] 26296  - [39m2026/08/14 10:10:53 [32m    LOG[39m [38;5;3m[LoggingInterceptor] [39m[32mGET /api/ext/ledger/transfers/T2026081448FC91421516A788 - 200 - 61ms[39m
[32m[Nest] 26296  - [39m2026/08/14 10:10:53 [32m    LOG[39m [38;5;3m[LoggingInterceptor] [39m[32mGET /api/ext/ledger/transfers/T20260814BEE70A7D0923AE41 - 200 - 61ms[39m
[32m[Nest] 26296  - [39m2026/08/14 10:10:53 [32m    LOG[39m [38;5;3m[LoggingInterceptor] [39m[32mGET /api/ext/ledger/transfers/T20260814BEE70A7D0923AE41 - 200 - 61ms[39m
[32m[Nest] 26296  - [39m2026/08/14 10:10:53 [32m    LOG[39m [38;5;3m[LoggingInterceptor] [39m[32mGET /api/ext/ledger/transfers/T2026081456A07C0EB3897D0B - 200 - 61ms[39m
[32m[Nest] 26296  - [39m2026/08/14 10:10:53 [32m    LOG[39m [38;5;3m[LoggingInterceptor] [39m[32mGET /api/ext/ledger/transfers/T2026081456A07C0EB3897D0B - 200 - 61ms[39m
[32m[Nest] 26296  - [39m2026/08/14 10:10:53 [32m    LOG[39m [38;5;3m[LoggingInterceptor] [39m[32mGET /api/ext/ledger/transfers/T20260814CFA72E00D6D2EE33 - 200 - 60ms[39m
[32m[Nest] 26296  - [39m2026/08/14 10:10:53 [32m    LOG[39m [38;5;3m[LoggingInterceptor] [39m[32mGET /api/ext/ledger/transfers/T20260814CFA72E00D6D2EE33 - 200 - 60ms[39m
[32m[Nest] 26296  - [39m2026/08/14 10:10:53 [32m    LOG[39m [38;5;3m[LoggingInterceptor] [39m[32mGET /api/ext/ledger/transfers/T20260814177D0E64D7CDC270 - 200 - 61ms[39m
[32m[Nest] 26296  - [39m2026/08/14 10:10:53 [32m    LOG[39m [38;5;3m[LoggingInterceptor] [39m[32mGET /api/ext/ledger/transfers/T20260814177D0E64D7CDC270 - 200 - 61ms[39m
[32m[Nest] 26296  - [39m2026/08/14 10:10:53 [32m    LOG[39m [38;5;3m[LoggingInterceptor] [39m[32mGET /api/ext/ledger/transfers/T20260814F9EFF23BC8520670 - 200 - 60ms[39m
[32m[Nest] 26296  - [39m2026/08/14 10:10:53 [32m    LOG[39m [38;5;3m[LoggingInterceptor] [39m[32mGET /api/ext/ledger/transfers/T20260814F9EFF23BC8520670 - 200 - 60ms[39m
[32m[Nest] 26296  - [39m2026/08/14 10:10:53 [32m    LOG[39m [38;5;3m[LoggingInterceptor] [39m[32mGET /api/ext/ledger/transfers/T20260814B12945FFFFD6FAF1 - 200 - 61ms[39m
[32m[Nest] 26296  - [39m2026/08/14 10:10:53 [32m    LOG[39m [38;5;3m[LoggingInterceptor] [39m[32mGET /api/ext/ledger/transfers/T20260814B12945FFFFD6FAF1 - 200 - 61ms[39m
[32m[Nest] 26296  - [39m2026/08/14 10:10:53 [32m    LOG[39m [38;5;3m[LoggingInterceptor] [39m[32mGET /api/ext/ledger/transfers/T20260814647EE913165946C6 - 200 - 60ms[39m
[32m[Nest] 26296  - [39m2026/08/14 10:10:53 [32m    LOG[39m [38;5;3m[LoggingInterceptor] [39m[32mGET /api/ext/ledger/transfers/T20260814647EE913165946C6 - 200 - 61ms[39m
[32m[Nest] 26296  - [39m2026/08/14 10:10:53 [32m    LOG[39m [38;5;3m[LoggingInterceptor] [39m[32mGET /api/ext/ledger/transfers/T20260814B944926303D36E86 - 200 - 61ms[39m
[32m[Nest] 26296  - [39m2026/08/14 10:10:53 [32m    LOG[39m [38;5;3m[LoggingInterceptor] [39m[32mGET /api/ext/ledger/transfers/T20260814B944926303D36E86 - 200 - 61ms[39m
[32m[Nest] 26296  - [39m2026/08/14 10:10:53 [32m    LOG[39m [38;5;3m[LoggingInterceptor] [39m[32mGET /api/ext/ledger/transfers/T20260814BD9484CB0C1F7C8E - 200 - 61ms[39m
[32m[Nest] 26296  - [39m2026/08/14 10:10:53 [32m    LOG[39m [38;5;3m[LoggingInterceptor] [39m[32mGET /api/ext/ledger/transfers/T20260814BD9484CB0C1F7C8E - 200 - 61ms[39m
[32m[Nest] 26296  - [39m2026/08/14 10:10:53 [32m    LOG[39m [38;5;3m[LoggingInterceptor] [39m[32mGET /api/ext/ledger/transfers/T2026081477F6A714808F0806 - 200 - 61ms[39m
[32m[Nest] 26296  - [39m2026/08/14 10:10:53 [32m    LOG[39m [38;5;3m[LoggingInterceptor] [39m[32mGET /api/ext/ledger/transfers/T2026081477F6A714808F0806 - 200 - 61ms[39m
[32m[Nest] 26296  - [39m2026/08/14 10:10:53 [32m    LOG[39m [38;5;3m[LoggingInterceptor] [39m[32mGET /api/ext/ledger/transfers/T20260814C4ABF8576B8EBE62 - 200 - 61ms[39m
[32m[Nest] 26296  - [39m2026/08/14 10:10:53 [32m    LOG[39m [38;5;3m[LoggingInterceptor] [39m[32mGET /api/ext/ledger/transfers/T20260814C4ABF8576B8EBE62 - 200 - 61ms[39m
[32m[Nest] 26296  - [39m2026/08/14 10:10:53 [32m    LOG[39m [38;5;3m[LoggingInterceptor] [39m[32mGET /api/ext/ledger/transfers/T20260814C45BD39545BC4C81 - 200 - 61ms[39m
[32m[Nest] 26296  - [39m2026/08/14 10:10:53 [32m    LOG[39m [38;5;3m[LoggingInterceptor] [39m[32mGET /api/ext/ledger/transfers/T20260814C45BD39545BC4C81 - 200 - 61ms[39m
[32m[Nest] 26296  - [39m2026/08/14 10:10:53 [32m    LOG[39m [38;5;3m[LoggingInterceptor] [39m[32mGET /api/ext/ledger/transfers/T202608141A91135C4061A81B - 200 - 61ms[39m
[32m[Nest] 26296  - [39m2026/08/14 10:10:53 [32m    LOG[39m [38;5;3m[LoggingInterceptor] [39m[32mGET /api/ext/ledger/transfers/T202608141A91135C4061A81B - 200 - 61ms[39m
[32m[Nest] 26296  - [39m2026/08/14 10:10:53 [32m    LOG[39m [38;5;3m[LoggingInterceptor] [39m[32mGET /api/ext/ledger/transfers/T202608144898B840BDFF8CB0 - 200 - 61ms[39m
[32m[Nest] 26296  - [39m2026/08/14 10:10:53 [32m    LOG[39m [38;5;3m[LoggingInterceptor] [39m[32mGET /api/ext/ledger/transfers/T202608144898B840BDFF8CB0 - 200 - 61ms[39m
[32m[Nest] 26296  - [39m2026/08/14 10:10:53 [32m    LOG[39m [38;5;3m[LoggingInterceptor] [39m[32mGET /api/ext/ledger/transfers/T2026081474B02321A8E434AD - 200 - 60ms[39m
[32m[Nest] 26296  - [39m2026/08/14 10:10:53 [32m    LOG[39m [38;5;3m[LoggingInterceptor] [39m[32mGET /api/ext/ledger/transfers/T2026081474B02321A8E434AD - 200 - 60ms[39m
[32m[Nest] 26296  - [39m2026/08/14 10:10:53 [32m    LOG[39m [38;5;3m[LoggingInterceptor] [39m[32mGET /api/ext/ledger/transfers/T20260814492603A6695973E4 - 200 - 60ms[39m
[32m[Nest] 26296  - [39m2026/08/14 10:10:53 [32m    LOG[39m [38;5;3m[LoggingInterceptor] [39m[32mGET /api/ext/ledger/transfers/T20260814492603A6695973E4 - 200 - 60ms[39m
[32m[Nest] 26296  - [39m2026/08/14 10:10:53 [32m    LOG[39m [38;5;3m[LoggingInterceptor] [39m[32mGET /api/ext/ledger/transfers/T20260814941ABE2F2E4F07F9 - 200 - 60ms[39m
[32m[Nest] 26296  - [39m2026/08/14 10:10:53 [32m    LOG[39m [38;5;3m[LoggingInterceptor] [39m[32mGET /api/ext/ledger/transfers/T20260814941ABE2F2E4F07F9 - 200 - 60ms[39m
[32m[Nest] 26296  - [39m2026/08/14 10:10:53 [32m    LOG[39m [38;5;3m[LoggingInterceptor] [39m[32mGET /api/ext/ledger/transfers/T2026081449A27639FC2C5AF4 - 200 - 59ms[39m
[32m[Nest] 26296  - [39m2026/08/14 10:10:53 [32m    LOG[39m [38;5;3m[LoggingInterceptor] [39m[32mGET /api/ext/ledger/transfers/T2026081449A27639FC2C5AF4 - 200 - 59ms[39m
[32m[Nest] 26296  - [39m2026/08/14 10:10:53 [32m    LOG[39m [38;5;3m[LoggingInterceptor] [39m[32mGET /api/ext/ledger/transfers/T2026081482D5E90DC9365B3D - 200 - 60ms[39m
[32m[Nest] 26296  - [39m2026/08/14 10:10:53 [32m    LOG[39m [38;5;3m[LoggingInterceptor] [39m[32mGET /api/ext/ledger/transfers/T2026081482D5E90DC9365B3D - 200 - 60ms[39m
[32m[Nest] 26296  - [39m2026/08/14 10:10:53 [32m    LOG[39m [38;5;3m[LoggingInterceptor] [39m[32mGET /api/ext/ledger/transfers/T20260814BE366E4396D50EAA - 200 - 60ms[39m
[32m[Nest] 26296  - [39m2026/08/14 10:10:53 [32m    LOG[39m [38;5;3m[LoggingInterceptor] [39m[32mGET /api/ext/ledger/transfers/T20260814BE366E4396D50EAA - 200 - 60ms[39m
[32m[Nest] 26296  - [39m2026/08/14 10:10:53 [32m    LOG[39m [38;5;3m[LoggingInterceptor] [39m[32mGET /api/ext/ledger/transfers/T2026081472A9F54632E29740 - 200 - 59ms[39m
[32m[Nest] 26296  - [39m2026/08/14 10:10:53 [32m    LOG[39m [38;5;3m[LoggingInterceptor] [39m[32mGET /api/ext/ledger/transfers/T2026081472A9F54632E29740 - 200 - 59ms[39m
[32m[Nest] 26296  - [39m2026/08/14 10:10:53 [32m    LOG[39m [38;5;3m[LoggingInterceptor] [39m[32mGET /api/ext/ledger/transfers/T2026081428FC3070B43CF3D0 - 200 - 60ms[39m
[32m[Nest] 26296  - [39m2026/08/14 10:10:53 [32m    LOG[39m [38;5;3m[LoggingInterceptor] [39m[32mGET /api/ext/ledger/transfers/T2026081428FC3070B43CF3D0 - 200 - 60ms[39m
[32m[Nest] 26296  - [39m2026/08/14 10:10:53 [32m    LOG[39m [38;5;3m[LoggingInterceptor] [39m[32mGET /api/ext/ledger/transfers/T20260814E18C2BB1B900F653 - 200 - 60ms[39m
[32m[Nest] 26296  - [39m2026/08/14 10:10:53 [32m    LOG[39m [38;5;3m[LoggingInterceptor] [39m[32mGET /api/ext/ledger/transfers/T20260814E18C2BB1B900F653 - 200 - 60ms[39m
[32m[Nest] 26296  - [39m2026/08/14 10:10:53 [32m    LOG[39m [38;5;3m[LoggingInterceptor] [39m[32mGET /api/ext/ledger/transfers/T202608149248BEBD10FAFFEC - 200 - 59ms[39m
[32m[Nest] 26296  - [39m2026/08/14 10:10:53 [32m    LOG[39m [38;5;3m[LoggingInterceptor] [39m[32mGET /api/ext/ledger/transfers/T202608149248BEBD10FAFFEC - 200 - 59ms[39m
[32m[Nest] 26296  - [39m2026/08/14 10:10:53 [32m    LOG[39m [38;5;3m[LoggingInterceptor] [39m[32mGET /api/ext/ledger/transfers/T20260814F430FB60B4160094 - 200 - 59ms[39m
[32m[Nest] 26296  - [39m2026/08/14 10:10:53 [32m    LOG[39m [38;5;3m[LoggingInterceptor] [39m[32mGET /api/ext/ledger/transfers/T20260814F430FB60B4160094 - 200 - 59ms[39m
[32m[Nest] 26296  - [39m2026/08/14 10:10:53 [32m    LOG[39m [38;5;3m[LoggingInterceptor] [39m[32mGET /api/ext/ledger/transfers/T20260814457513306EC30FAE - 200 - 58ms[39m
[32m[Nest] 26296  - [39m2026/08/14 10:10:53 [32m    LOG[39m [38;5;3m[LoggingInterceptor] [39m[32mGET /api/ext/ledger/transfers/T20260814457513306EC30FAE - 200 - 58ms[39m
[32m[Nest] 26296  - [39m2026/08/14 10:10:53 [32m    LOG[39m [38;5;3m[LoggingInterceptor] [39m[32mGET /api/ext/ledger/transfers/T2026081439393D9689B0D46B - 200 - 59ms[39m
[32m[Nest] 26296  - [39m2026/08/14 10:10:53 [32m    LOG[39m [38;5;3m[LoggingInterceptor] [39m[32mGET /api/ext/ledger/transfers/T2026081439393D9689B0D46B - 200 - 59ms[39m
[32m[Nest] 26296  - [39m2026/08/14 10:10:53 [32m    LOG[39m [38;5;3m[LoggingInterceptor] [39m[32mGET /api/ext/ledger/transfers/T202608140C23E6F2D113BC44 - 200 - 58ms[39m
[32m[Nest] 26296  - [39m2026/08/14 10:10:53 [32m    LOG[39m [38;5;3m[LoggingInterceptor] [39m[32mGET /api/ext/ledger/transfers/T202608140C23E6F2D113BC44 - 200 - 58ms[39m
[32m[Nest] 26296  - [39m2026/08/14 10:10:53 [32m    LOG[39m [38;5;3m[LoggingInterceptor] [39m[32mGET /api/ext/ledger/transfers/T2026081430F593FBB76EB699 - 200 - 59ms[39m
[32m[Nest] 26296  - [39m2026/08/14 10:10:53 [32m    LOG[39m [38;5;3m[LoggingInterceptor] [39m[32mGET /api/ext/ledger/transfers/T2026081430F593FBB76EB699 - 200 - 59ms[39m
[32m[Nest] 26296  - [39m2026/08/14 10:10:53 [32m    LOG[39m [38;5;3m[LoggingInterceptor] [39m[32mGET /api/ext/ledger/transfers/T20260814888B4E24318AD146 - 200 - 59ms[39m
[32m[Nest] 26296  - [39m2026/08/14 10:10:53 [32m    LOG[39m [38;5;3m[LoggingInterceptor] [39m[32mGET /api/ext/ledger/transfers/T20260814888B4E24318AD146 - 200 - 59ms[39m
[32m[Nest] 26296  - [39m2026/08/14 10:10:53 [32m    LOG[39m [38;5;3m[LoggingInterceptor] [39m[32mGET /api/ext/ledger/transfers/T2026081442A0F5183560CA38 - 200 - 58ms[39m
[32m[Nest] 26296  - [39m2026/08/14 10:10:53 [32m    LOG[39m [38;5;3m[LoggingInterceptor] [39m[32mGET /api/ext/ledger/transfers/T2026081442A0F5183560CA38 - 200 - 58ms[39m
[32m[Nest] 26296  - [39m2026/08/14 10:10:53 [32m    LOG[39m [38;5;3m[LoggingInterceptor] [39m[32mGET /api/ext/ledger/transfers/T2026081426D2EA893A390ADC - 200 - 59ms[39m
[32m[Nest] 26296  - [39m2026/08/14 10:10:53 [32m    LOG[39m [38;5;3m[LoggingInterceptor] [39m[32mGET /api/ext/ledger/transfers/T2026081426D2EA893A390ADC - 200 - 59ms[39m
[32m[Nest] 26296  - [39m2026/08/14 10:10:53 [32m    LOG[39m [38;5;3m[LoggingInterceptor] [39m[32mGET /api/ext/ledger/transfers/T20260814C05015A6CA34EE5D - 200 - 58ms[39m
[32m[Nest] 26296  - [39m2026/08/14 10:10:53 [32m    LOG[39m [38;5;3m[LoggingInterceptor] [39m[32mGET /api/ext/ledger/transfers/T20260814C05015A6CA34EE5D - 200 - 58ms[39m
[32m[Nest] 26296  - [39m2026/08/14 10:10:53 [32m    LOG[39m [38;5;3m[LoggingInterceptor] [39m[32mGET /api/ext/ledger/transfers/T2026081406B2AEF15559CD2D - 200 - 58ms[39m
[32m[Nest] 26296  - [39m2026/08/14 10:10:53 [32m    LOG[39m [38;5;3m[LoggingInterceptor] [39m[32mGET /api/ext/ledger/transfers/T2026081406B2AEF15559CD2D - 200 - 58ms[39m
[32m[Nest] 26296  - [39m2026/08/14 10:10:53 [32m    LOG[39m [38;5;3m[LoggingInterceptor] [39m[32mGET /api/ext/ledger/transfers/T20260814C872782A91868807 - 200 - 58ms[39m
[32m[Nest] 26296  - [39m2026/08/14 10:10:53 [32m    LOG[39m [38;5;3m[LoggingInterceptor] [39m[32mGET /api/ext/ledger/transfers/T20260814C872782A91868807 - 200 - 58ms[39m
[32m[Nest] 26296  - [39m2026/08/14 10:10:53 [32m    LOG[39m [38;5;3m[LoggingInterceptor] [39m[32mGET /api/ext/ledger/transfers/T20260814CBC9EA5D016CB7F7 - 200 - 57ms[39m
[32m[Nest] 26296  - [39m2026/08/14 10:10:53 [32m    LOG[39m [38;5;3m[LoggingInterceptor] [39m[32mGET /api/ext/ledger/transfers/T20260814CBC9EA5D016CB7F7 - 200 - 57ms[39m
[32m[Nest] 26296  - [39m2026/08/14 10:10:53 [32m    LOG[39m [38;5;3m[LoggingInterceptor] [39m[32mGET /api/ext/ledger/transfers/T2026081402AF71A323230A39 - 200 - 58ms[39m
[32m[Nest] 26296  - [39m2026/08/14 10:10:53 [32m    LOG[39m [38;5;3m[LoggingInterceptor] [39m[32mGET /api/ext/ledger/transfers/T2026081402AF71A323230A39 - 200 - 58ms[39m
[32m[Nest] 26296  - [39m2026/08/14 10:10:53 [32m    LOG[39m [38;5;3m[LoggingInterceptor] [39m[32mGET /api/ext/ledger/transfers/T20260814A84AD0F50DAE8FB6 - 200 - 57ms[39m
[32m[Nest] 26296  - [39m2026/08/14 10:10:53 [32m    LOG[39m [38;5;3m[LoggingInterceptor] [39m[32mGET /api/ext/ledger/transfers/T20260814A84AD0F50DAE8FB6 - 200 - 57ms[39m
[32m[Nest] 26296  - [39m2026/08/14 10:10:53 [32m    LOG[39m [38;5;3m[LoggingInterceptor] [39m[32mGET /api/ext/ledger/transfers/T20260814467E75C90016835B - 200 - 56ms[39m
[32m[Nest] 26296  - [39m2026/08/14 10:10:53 [32m    LOG[39m [38;5;3m[LoggingInterceptor] [39m[32mGET /api/ext/ledger/transfers/T20260814467E75C90016835B - 200 - 56ms[39m
[32m[Nest] 26296  - [39m2026/08/14 10:10:53 [32m    LOG[39m [38;5;3m[LoggingInterceptor] [39m[32mGET /api/ext/ledger/transfers/T20260814EE3B9776A9BF17C5 - 200 - 56ms[39m
[32m[Nest] 26296  - [39m2026/08/14 10:10:53 [32m    LOG[39m [38;5;3m[LoggingInterceptor] [39m[32mGET /api/ext/ledger/transfers/T20260814EE3B9776A9BF17C5 - 200 - 56ms[39m
[32m[Nest] 26296  - [39m2026/08/14 10:10:53 [32m    LOG[39m [38;5;3m[LoggingInterceptor] [39m[32mGET /api/ext/ledger/transfers/T202608147318FA7F115989C3 - 200 - 57ms[39m
[32m[Nest] 26296  - [39m2026/08/14 10:10:53 [32m    LOG[39m [38;5;3m[LoggingInterceptor] [39m[32mGET /api/ext/ledger/transfers/T202608147318FA7F115989C3 - 200 - 57ms[39m
[32m[Nest] 26296  - [39m2026/08/14 10:10:53 [32m    LOG[39m [38;5;3m[LoggingInterceptor] [39m[32mGET /api/ext/ledger/transfers/T202608140E82031675927AE9 - 200 - 56ms[39m
[32m[Nest] 26296  - [39m2026/08/14 10:10:53 [32m    LOG[39m [38;5;3m[LoggingInterceptor] [39m[32mGET /api/ext/ledger/transfers/T202608140E82031675927AE9 - 200 - 56ms[39m
[32m[Nest] 26296  - [39m2026/08/14 10:10:53 [32m    LOG[39m [38;5;3m[LoggingInterceptor] [39m[32mGET /api/ext/ledger/transfers/T20260814133AE71E8D2D6533 - 200 - 56ms[39m
[32m[Nest] 26296  - [39m2026/08/14 10:10:53 [32m    LOG[39m [38;5;3m[LoggingInterceptor] [39m[32mGET /api/ext/ledger/transfers/T20260814133AE71E8D2D6533 - 200 - 57ms[39m
[32m[Nest] 26296  - [39m2026/08/14 10:10:53 [32m    LOG[39m [38;5;3m[LoggingInterceptor] [39m[32mGET /api/ext/ledger/transfers/T202608146C03F55723A47464 - 200 - 55ms[39m
[32m[Nest] 26296  - [39m2026/08/14 10:10:53 [32m    LOG[39m [38;5;3m[LoggingInterceptor] [39m[32mGET /api/ext/ledger/transfers/T202608146C03F55723A47464 - 200 - 55ms[39m
[32m[Nest] 26296  - [39m2026/08/14 10:10:53 [32m    LOG[39m [38;5;3m[LoggingInterceptor] [39m[32mGET /api/ext/ledger/transfers/T20260814712BAD986765A027 - 200 - 55ms[39m
[32m[Nest] 26296  - [39m2026/08/14 10:10:53 [32m    LOG[39m [38;5;3m[LoggingInterceptor] [39m[32mGET /api/ext/ledger/transfers/T20260814712BAD986765A027 - 200 - 55ms[39m
[32m[Nest] 26296  - [39m2026/08/14 10:10:53 [32m    LOG[39m [38;5;3m[LoggingInterceptor] [39m[32mGET /api/ext/ledger/transfers/T20260814E47FCEFF5CFCDA87 - 200 - 55ms[39m
[32m[Nest] 26296  - [39m2026/08/14 10:10:53 [32m    LOG[39m [38;5;3m[LoggingInterceptor] [39m[32mGET /api/ext/ledger/transfers/T20260814E47FCEFF5CFCDA87 - 200 - 55ms[39m
[32m[Nest] 26296  - [39m2026/08/14 10:10:53 [32m    LOG[39m [38;5;3m[LoggingInterceptor] [39m[32mGET /api/ext/ledger/transfers/T20260814D40399D521683F25 - 200 - 55ms[39m
[32m[Nest] 26296  - [39m2026/08/14 10:10:53 [32m    LOG[39m [38;5;3m[LoggingInterceptor] [39m[32mGET /api/ext/ledger/transfers/T20260814D40399D521683F25 - 200 - 55ms[39m
[32m[Nest] 26296  - [39m2026/08/14 10:10:53 [32m    LOG[39m [38;5;3m[LoggingInterceptor] [39m[32mGET /api/ext/ledger/transfers/T20260814644A58FCC85788A2 - 200 - 55ms[39m
[32m[Nest] 26296  - [39m2026/08/14 10:10:53 [32m    LOG[39m [38;5;3m[LoggingInterceptor] [39m[32mGET /api/ext/ledger/transfers/T20260814644A58FCC85788A2 - 200 - 55ms[39m
[32m[Nest] 26296  - [39m2026/08/14 10:10:53 [32m    LOG[39m [38;5;3m[LoggingInterceptor] [39m[32mGET /api/ext/ledger/transfers/T20260814FCB187981C57F9DB - 200 - 55ms[39m
[32m[Nest] 26296  - [39m2026/08/14 10:10:53 [32m    LOG[39m [38;5;3m[LoggingInterceptor] [39m[32mGET /api/ext/ledger/transfers/T20260814FCB187981C57F9DB - 200 - 55ms[39m
[32m[Nest] 26296  - [39m2026/08/14 10:10:53 [32m    LOG[39m [38;5;3m[LoggingInterceptor] [39m[32mGET /api/ext/ledger/transfers/T2026081465A1C7EE5ED531B9 - 200 - 52ms[39m
[32m[Nest] 26296  - [39m2026/08/14 10:10:53 [32m    LOG[39m [38;5;3m[LoggingInterceptor] [39m[32mGET /api/ext/ledger/transfers/T2026081465A1C7EE5ED531B9 - 200 - 53ms[39m
[32m[Nest] 26296  - [39m2026/08/14 10:10:53 [32m    LOG[39m [38;5;3m[LoggingInterceptor] [39m[32mGET /api/ext/ledger/transfers/T202608144636645A20D20A78 - 200 - 53ms[39m
[32m[Nest] 26296  - [39m2026/08/14 10:10:53 [32m    LOG[39m [38;5;3m[LoggingInterceptor] [39m[32mGET /api/ext/ledger/transfers/T202608144636645A20D20A78 - 200 - 53ms[39m
[32m[Nest] 26296  - [39m2026/08/14 10:10:53 [32m    LOG[39m [38;5;3m[LoggingInterceptor] [39m[32mGET /api/ext/ledger/transfers/T20260814629BC50248613C4E - 200 - 53ms[39m
[32m[Nest] 26296  - [39m2026/08/14 10:10:53 [32m    LOG[39m [38;5;3m[LoggingInterceptor] [39m[32mGET /api/ext/ledger/transfers/T20260814629BC50248613C4E - 200 - 53ms[39m
[32m[Nest] 26296  - [39m2026/08/14 10:10:53 [32m    LOG[39m [38;5;3m[LoggingInterceptor] [39m[32mGET /api/ext/ledger/transfers/T20260814DA5ED227B6F91B1C - 200 - 53ms[39m
[32m[Nest] 26296  - [39m2026/08/14 10:10:53 [32m    LOG[39m [38;5;3m[LoggingInterceptor] [39m[32mGET /api/ext/ledger/transfers/T20260814DA5ED227B6F91B1C - 200 - 53ms[39m
[32m[Nest] 26296  - [39m2026/08/14 10:10:53 [32m    LOG[39m [38;5;3m[LoggingInterceptor] [39m[32mGET /api/ext/ledger/transfers/T2026081417FA2D2DF2FB4B56 - 200 - 54ms[39m
[32m[Nest] 26296  - [39m2026/08/14 10:10:53 [32m    LOG[39m [38;5;3m[LoggingInterceptor] [39m[32mGET /api/ext/ledger/transfers/T2026081417FA2D2DF2FB4B56 - 200 - 54ms[39m
[32m[Nest] 26296  - [39m2026/08/14 10:10:53 [32m    LOG[39m [38;5;3m[LoggingInterceptor] [39m[32mGET /api/ext/ledger/transfers/T20260814316FE83FFA45D7D4 - 200 - 53ms[39m
[32m[Nest] 26296  - [39m2026/08/14 10:10:53 [32m    LOG[39m [38;5;3m[LoggingInterceptor] [39m[32mGET /api/ext/ledger/transfers/T20260814316FE83FFA45D7D4 - 200 - 53ms[39m
[32m[Nest] 26296  - [39m2026/08/14 10:10:53 [32m    LOG[39m [38;5;3m[LoggingInterceptor] [39m[32mGET /api/ext/ledger/transfers/T20260814EBD11EE64381F97F - 200 - 53ms[39m
[32m[Nest] 26296  - [39m2026/08/14 10:10:53 [32m    LOG[39m [38;5;3m[LoggingInterceptor] [39m[32mGET /api/ext/ledger/transfers/T20260814EBD11EE64381F97F - 200 - 53ms[39m
[32m[Nest] 26296  - [39m2026/08/14 10:10:53 [32m    LOG[39m [38;5;3m[LoggingInterceptor] [39m[32mGET /api/ext/ledger/transfers/T202608147B6DA21D27D4EF19 - 200 - 53ms[39m
[32m[Nest] 26296  - [39m2026/08/14 10:10:53 [32m    LOG[39m [38;5;3m[LoggingInterceptor] [39m[32mGET /api/ext/ledger/transfers/T202608147B6DA21D27D4EF19 - 200 - 54ms[39m
[32m[Nest] 26296  - [39m2026/08/14 10:10:53 [32m    LOG[39m [38;5;3m[LoggingInterceptor] [39m[32mGET /api/ext/ledger/transfers/T20260814ECF073AAEE4741DB - 200 - 53ms[39m
[32m[Nest] 26296  - [39m2026/08/14 10:10:53 [32m    LOG[39m [38;5;3m[LoggingInterceptor] [39m[32mGET /api/ext/ledger/transfers/T20260814ECF073AAEE4741DB - 200 - 53ms[39m
[32m[Nest] 26296  - [39m2026/08/14 10:10:53 [32m    LOG[39m [38;5;3m[LoggingInterceptor] [39m[32mGET /api/ext/ledger/transfers/T202608140B505D2DFE6CC4D6 - 200 - 52ms[39m
[32m[Nest] 26296  - [39m2026/08/14 10:10:53 [32m    LOG[39m [38;5;3m[LoggingInterceptor] [39m[32mGET /api/ext/ledger/transfers/T202608140B505D2DFE6CC4D6 - 200 - 52ms[39m
[32m[Nest] 26296  - [39m2026/08/14 10:10:53 [32m    LOG[39m [38;5;3m[LoggingInterceptor] [39m[32mGET /api/ext/ledger/transfers/T20260814344383A618F66392 - 200 - 53ms[39m
[32m[Nest] 26296  - [39m2026/08/14 10:10:53 [32m    LOG[39m [38;5;3m[LoggingInterceptor] [39m[32mGET /api/ext/ledger/transfers/T20260814344383A618F66392 - 200 - 53ms[39m
[32m[Nest] 26296  - [39m2026/08/14 10:10:53 [32m    LOG[39m [38;5;3m[LoggingInterceptor] [39m[32mGET /api/ext/ledger/transfers/T20260814063AF99F89245D97 - 200 - 52ms[39m
[32m[Nest] 26296  - [39m2026/08/14 10:10:53 [32m    LOG[39m [38;5;3m[LoggingInterceptor] [39m[32mGET /api/ext/ledger/transfers/T20260814063AF99F89245D97 - 200 - 52ms[39m
[32m[Nest] 26296  - [39m2026/08/14 10:10:53 [32m    LOG[39m [38;5;3m[LoggingInterceptor] [39m[32mGET /api/ext/ledger/transfers/T202608148FCED83E559C6717 - 200 - 52ms[39m
[32m[Nest] 26296  - [39m2026/08/14 10:10:53 [32m    LOG[39m [38;5;3m[LoggingInterceptor] [39m[32mGET /api/ext/ledger/transfers/T202608148FCED83E559C6717 - 200 - 52ms[39m
[32m[Nest] 26296  - [39m2026/08/14 10:10:53 [32m    LOG[39m [38;5;3m[LoggingInterceptor] [39m[32mGET /api/ext/ledger/transfers/T202608149BE5ECD5E57C7560 - 200 - 52ms[39m
[32m[Nest] 26296  - [39m2026/08/14 10:10:53 [32m    LOG[39m [38;5;3m[LoggingInterceptor] [39m[32mGET /api/ext/ledger/transfers/T202608149BE5ECD5E57C7560 - 200 - 52ms[39m
[32m[Nest] 26296  - [39m2026/08/14 10:10:53 [32m    LOG[39m [38;5;3m[LoggingInterceptor] [39m[32mGET /api/ext/ledger/transfers/T2026081436236DEBA3C370EC - 200 - 52ms[39m
[32m[Nest] 26296  - [39m2026/08/14 10:10:53 [32m    LOG[39m [38;5;3m[LoggingInterceptor] [39m[32mGET /api/ext/ledger/transfers/T2026081436236DEBA3C370EC - 200 - 52ms[39m
[32m[Nest] 26296  - [39m2026/08/14 10:10:53 [32m    LOG[39m [38;5;3m[LoggingInterceptor] [39m[32mGET /api/ext/ledger/transfers/T202608146807F1AB7B55AEDB - 200 - 52ms[39m
[32m[Nest] 26296  - [39m2026/08/14 10:10:53 [32m    LOG[39m [38;5;3m[LoggingInterceptor] [39m[32mGET /api/ext/ledger/transfers/T202608146807F1AB7B55AEDB - 200 - 52ms[39m
[32m[Nest] 26296  - [39m2026/08/14 10:10:53 [32m    LOG[39m [38;5;3m[LoggingInterceptor] [39m[32mGET /api/ext/ledger/transfers/T2026081407AE1A8AB371E2CD - 200 - 51ms[39m
[32m[Nest] 26296  - [39m2026/08/14 10:10:53 [32m    LOG[39m [38;5;3m[LoggingInterceptor] [39m[32mGET /api/ext/ledger/transfers/T2026081407AE1A8AB371E2CD - 200 - 51ms[39m
[32m[Nest] 26296  - [39m2026/08/14 10:10:53 [32m    LOG[39m [38;5;3m[LoggingInterceptor] [39m[32mGET /api/ext/ledger/transfers/T20260814B41B485A6B9B8170 - 200 - 51ms[39m
[32m[Nest] 26296  - [39m2026/08/14 10:10:53 [32m    LOG[39m [38;5;3m[LoggingInterceptor] [39m[32mGET /api/ext/ledger/transfers/T20260814B41B485A6B9B8170 - 200 - 51ms[39m
[32m[Nest] 26296  - [39m2026/08/14 10:10:53 [32m    LOG[39m [38;5;3m[LoggingInterceptor] [39m[32mGET /api/ext/ledger/transfers/T2026081458416E633E0E7AA5 - 200 - 51ms[39m
[32m[Nest] 26296  - [39m2026/08/14 10:10:53 [32m    LOG[39m [38;5;3m[LoggingInterceptor] [39m[32mGET /api/ext/ledger/transfers/T2026081458416E633E0E7AA5 - 200 - 51ms[39m
[32m[Nest] 26296  - [39m2026/08/14 10:10:53 [32m    LOG[39m [38;5;3m[LoggingInterceptor] [39m[32mGET /api/ext/ledger/transfers/T20260814BE0A4C30DB734B47 - 200 - 50ms[39m
[32m[Nest] 26296  - [39m2026/08/14 10:10:53 [32m    LOG[39m [38;5;3m[LoggingInterceptor] [39m[32mGET /api/ext/ledger/transfers/T20260814BE0A4C30DB734B47 - 200 - 50ms[39m
[32m[Nest] 26296  - [39m2026/08/14 10:10:53 [32m    LOG[39m [38;5;3m[LoggingInterceptor] [39m[32mGET /api/ext/ledger/transfers/T20260814202A129BC596B2D7 - 200 - 50ms[39m
[32m[Nest] 26296  - [39m2026/08/14 10:10:53 [32m    LOG[39m [38;5;3m[LoggingInterceptor] [39m[32mGET /api/ext/ledger/transfers/T20260814202A129BC596B2D7 - 200 - 50ms[39m
[32m[Nest] 26296  - [39m2026/08/14 10:10:53 [32m    LOG[39m [38;5;3m[LoggingInterceptor] [39m[32mGET /api/ext/ledger/transfers/T202608140311464F05746B31 - 200 - 50ms[39m
[32m[Nest] 26296  - [39m2026/08/14 10:10:53 [32m    LOG[39m [38;5;3m[LoggingInterceptor] [39m[32mGET /api/ext/ledger/transfers/T202608140311464F05746B31 - 200 - 50ms[39m
[32m[Nest] 26296  - [39m2026/08/14 10:10:53 [32m    LOG[39m [38;5;3m[LoggingInterceptor] [39m[32mGET /api/ext/ledger/transfers/T202608147CC3795D985B7481 - 200 - 49ms[39m
[32m[Nest] 26296  - [39m2026/08/14 10:10:53 [32m    LOG[39m [38;5;3m[LoggingInterceptor] [39m[32mGET /api/ext/ledger/transfers/T202608147CC3795D985B7481 - 200 - 49ms[39m
[32m[Nest] 26296  - [39m2026/08/14 10:10:53 [32m    LOG[39m [38;5;3m[LoggingInterceptor] [39m[32mGET /api/ext/ledger/transfers/T2026081478D9AF61CF1332F4 - 200 - 49ms[39m
[32m[Nest] 26296  - [39m2026/08/14 10:10:53 [32m    LOG[39m [38;5;3m[LoggingInterceptor] [39m[32mGET /api/ext/ledger/transfers/T2026081478D9AF61CF1332F4 - 200 - 50ms[39m
[32m[Nest] 26296  - [39m2026/08/14 10:10:53 [32m    LOG[39m [38;5;3m[LoggingInterceptor] [39m[32mGET /api/ext/ledger/transfers/T202608148B76CA0C6F75C242 - 200 - 49ms[39m
[32m[Nest] 26296  - [39m2026/08/14 10:10:53 [32m    LOG[39m [38;5;3m[LoggingInterceptor] [39m[32mGET /api/ext/ledger/transfers/T202608148B76CA0C6F75C242 - 200 - 49ms[39m
[32m[Nest] 26296  - [39m2026/08/14 10:10:53 [32m    LOG[39m [38;5;3m[LoggingInterceptor] [39m[32mGET /api/ext/ledger/transfers/T202608145601E99CBD2BEF93 - 200 - 49ms[39m
[32m[Nest] 26296  - [39m2026/08/14 10:10:53 [32m    LOG[39m [38;5;3m[LoggingInterceptor] [39m[32mGET /api/ext/ledger/transfers/T202608145601E99CBD2BEF93 - 200 - 49ms[39m
[32m[Nest] 26296  - [39m2026/08/14 10:10:53 [32m    LOG[39m [38;5;3m[LoggingInterceptor] [39m[32mGET /api/ext/ledger/transfers/T202608144C2BBD0884DCDC2E - 200 - 49ms[39m
[32m[Nest] 26296  - [39m2026/08/14 10:10:53 [32m    LOG[39m [38;5;3m[LoggingInterceptor] [39m[32mGET /api/ext/ledger/transfers/T202608144C2BBD0884DCDC2E - 200 - 49ms[39m
[32m[Nest] 26296  - [39m2026/08/14 10:10:53 [32m    LOG[39m [38;5;3m[LoggingInterceptor] [39m[32mGET /api/ext/ledger/transfers/T202608142B74F83E103B547F - 200 - 48ms[39m
[32m[Nest] 26296  - [39m2026/08/14 10:10:53 [32m    LOG[39m [38;5;3m[LoggingInterceptor] [39m[32mGET /api/ext/ledger/transfers/T202608142B74F83E103B547F - 200 - 48ms[39m
[32m[Nest] 26296  - [39m2026/08/14 10:10:53 [32m    LOG[39m [38;5;3m[LoggingInterceptor] [39m[32mGET /api/ext/ledger/transfers/T2026081419333A9C6FA81186 - 200 - 47ms[39m
[32m[Nest] 26296  - [39m2026/08/14 10:10:53 [32m    LOG[39m [38;5;3m[LoggingInterceptor] [39m[32mGET /api/ext/ledger/transfers/T2026081419333A9C6FA81186 - 200 - 47ms[39m
[32m[Nest] 26296  - [39m2026/08/14 10:10:53 [32m    LOG[39m [38;5;3m[LoggingInterceptor] [39m[32mGET /api/ext/ledger/transfers/T202608140DD1B9D9343C08CE - 200 - 47ms[39m
[32m[Nest] 26296  - [39m2026/08/14 10:10:53 [32m    LOG[39m [38;5;3m[LoggingInterceptor] [39m[32mGET /api/ext/ledger/transfers/T202608140DD1B9D9343C08CE - 200 - 47ms[39m
[32m[Nest] 26296  - [39m2026/08/14 10:10:53 [32m    LOG[39m [38;5;3m[LoggingInterceptor] [39m[32mGET /api/ext/ledger/transfers/T2026081415717C8A2328F66F - 200 - 46ms[39m
[32m[Nest] 26296  - [39m2026/08/14 10:10:53 [32m    LOG[39m [38;5;3m[LoggingInterceptor] [39m[32mGET /api/ext/ledger/transfers/T2026081415717C8A2328F66F - 200 - 46ms[39m
[32m[Nest] 26296  - [39m2026/08/14 10:10:53 [32m    LOG[39m [38;5;3m[LoggingInterceptor] [39m[32mGET /api/ext/ledger/transfers/T20260814B6CB8C73407699AA - 200 - 46ms[39m
[32m[Nest] 26296  - [39m2026/08/14 10:10:53 [32m    LOG[39m [38;5;3m[LoggingInterceptor] [39m[32mGET /api/ext/ledger/transfers/T20260814B6CB8C73407699AA - 200 - 46ms[39m
[32m[Nest] 26296  - [39m2026/08/14 10:10:53 [32m    LOG[39m [38;5;3m[LoggingInterceptor] [39m[32mGET /api/ext/ledger/transfers/T20260814DB45DFD1E6E4D500 - 200 - 7ms[39m
[32m[Nest] 26296  - [39m2026/08/14 10:10:53 [32m    LOG[39m [38;5;3m[LoggingInterceptor] [39m[32mGET /api/ext/ledger/transfers/T20260814DB45DFD1E6E4D500 - 200 - 7ms[39m
[32m[Nest] 26296  - [39m2026/08/14 10:10:53 [32m    LOG[39m [38;5;3m[LoggingInterceptor] [39m[32mGET /api/ext/ledger/transfers/T20260814C2986FAC1C9594F1 - 200 - 7ms[39m
[32m[Nest] 26296  - [39m2026/08/14 10:10:53 [32m    LOG[39m [38;5;3m[LoggingInterceptor] [39m[32mGET /api/ext/ledger/transfers/T20260814C2986FAC1C9594F1 - 200 - 7ms[39m
[32m[Nest] 26296  - [39m2026/08/14 10:10:53 [32m    LOG[39m [38;5;3m[LoggingInterceptor] [39m[32mGET /api/ext/ledger/transfers/T202608140DD2DCAB080B4274 - 200 - 6ms[39m
[32m[Nest] 26296  - [39m2026/08/14 10:10:53 [32m    LOG[39m [38;5;3m[LoggingInterceptor] [39m[32mGET /api/ext/ledger/transfers/T202608140DD2DCAB080B4274 - 200 - 6ms[39m
[32m[Nest] 26296  - [39m2026/08/14 10:10:53 [32m    LOG[39m [38;5;3m[LoggingInterceptor] [39m[32mGET /api/ext/ledger/transfers/T20260814A9A24B770644F775 - 200 - 6ms[39m
[32m[Nest] 26296  - [39m2026/08/14 10:10:53 [32m    LOG[39m [38;5;3m[LoggingInterceptor] [39m[32mGET /api/ext/ledger/transfers/T20260814A9A24B770644F775 - 200 - 6ms[39m
[32m[Nest] 26296  - [39m2026/08/14 10:10:53 [32m    LOG[39m [38;5;3m[LoggingInterceptor] [39m[32mGET /api/ext/ledger/transfers/T2026081448FC91421516A788 - 200 - 6ms[39m
[32m[Nest] 26296  - [39m2026/08/14 10:10:53 [32m    LOG[39m [38;5;3m[LoggingInterceptor] [39m[32mGET /api/ext/ledger/transfers/T2026081448FC91421516A788 - 200 - 6ms[39m
[32m[Nest] 26296  - [39m2026/08/14 10:10:53 [32m    LOG[39m [38;5;3m[LoggingInterceptor] [39m[32mGET /api/ext/ledger/transfers/T20260814BEE70A7D0923AE41 - 200 - 6ms[39m
[32m[Nest] 26296  - [39m2026/08/14 10:10:53 [32m    LOG[39m [38;5;3m[LoggingInterceptor] [39m[32mGET /api/ext/ledger/transfers/T20260814BEE70A7D0923AE41 - 200 - 7ms[39m
[32m[Nest] 26296  - [39m2026/08/14 10:10:53 [32m    LOG[39m [38;5;3m[LoggingInterceptor] [39m[32mGET /api/ext/ledger/transfers/T20260814CFA72E00D6D2EE33 - 200 - 6ms[39m
[32m[Nest] 26296  - [39m2026/08/14 10:10:53 [32m    LOG[39m [38;5;3m[LoggingInterceptor] [39m[32mGET /api/ext/ledger/transfers/T20260814CFA72E00D6D2EE33 - 200 - 6ms[39m
[32m[Nest] 26296  - [39m2026/08/14 10:10:53 [32m    LOG[39m [38;5;3m[LoggingInterceptor] [39m[32mGET /api/ext/ledger/transfers/T20260814177D0E64D7CDC270 - 200 - 6ms[39m
[32m[Nest] 26296  - [39m2026/08/14 10:10:53 [32m    LOG[39m [38;5;3m[LoggingInterceptor] [39m[32mGET /api/ext/ledger/transfers/T20260814177D0E64D7CDC270 - 200 - 6ms[39m
[32m[Nest] 26296  - [39m2026/08/14 10:10:53 [32m    LOG[39m [38;5;3m[LoggingInterceptor] [39m[32mGET /api/ext/ledger/transfers/T20260814F9EFF23BC8520670 - 200 - 6ms[39m
[32m[Nest] 26296  - [39m2026/08/14 10:10:53 [32m    LOG[39m [38;5;3m[LoggingInterceptor] [39m[32mGET /api/ext/ledger/transfers/T20260814F9EFF23BC8520670 - 200 - 6ms[39m
[32m[Nest] 26296  - [39m2026/08/14 10:10:53 [32m    LOG[39m [38;5;3m[LoggingInterceptor] [39m[32mGET /api/ext/ledger/transfers/T20260814B12945FFFFD6FAF1 - 200 - 6ms[39m
[32m[Nest] 26296  - [39m2026/08/14 10:10:53 [32m    LOG[39m [38;5;3m[LoggingInterceptor] [39m[32mGET /api/ext/ledger/transfers/T20260814B12945FFFFD6FAF1 - 200 - 6ms[39m
[32m[Nest] 26296  - [39m2026/08/14 10:10:53 [32m    LOG[39m [38;5;3m[LoggingInterceptor] [39m[32mGET /api/ext/ledger/transfers/T20260814647EE913165946C6 - 200 - 5ms[39m
[32m[Nest] 26296  - [39m2026/08/14 10:10:53 [32m    LOG[39m [38;5;3m[LoggingInterceptor] [39m[32mGET /api/ext/ledger/transfers/T20260814647EE913165946C6 - 200 - 5ms[39m
[32m[Nest] 26296  - [39m2026/08/14 10:10:53 [32m    LOG[39m [38;5;3m[LoggingInterceptor] [39m[32mGET /api/ext/ledger/transfers/T20260814B944926303D36E86 - 200 - 6ms[39m
[32m[Nest] 26296  - [39m2026/08/14 10:10:53 [32m    LOG[39m [38;5;3m[LoggingInterceptor] [39m[32mGET /api/ext/ledger/transfers/T20260814B944926303D36E86 - 200 - 6ms[39m
[32m[Nest] 26296  - [39m2026/08/14 10:10:53 [32m    LOG[39m [38;5;3m[LoggingInterceptor] [39m[32mGET /api/ext/ledger/transfers/T20260814BD9484CB0C1F7C8E - 200 - 6ms[39m
[32m[Nest] 26296  - [39m2026/08/14 10:10:53 [32m    LOG[39m [38;5;3m[LoggingInterceptor] [39m[32mGET /api/ext/ledger/transfers/T20260814BD9484CB0C1F7C8E - 200 - 6ms[39m
[32m[Nest] 26296  - [39m2026/08/14 10:10:53 [32m    LOG[39m [38;5;3m[LoggingInterceptor] [39m[32mGET /api/ext/ledger/transfers/T2026081477F6A714808F0806 - 200 - 6ms[39m
[32m[Nest] 26296  - [39m2026/08/14 10:10:53 [32m    LOG[39m [38;5;3m[LoggingInterceptor] [39m[32mGET /api/ext/ledger/transfers/T2026081477F6A714808F0806 - 200 - 6ms[39m
[32m[Nest] 26296  - [39m2026/08/14 10:10:53 [32m    LOG[39m [38;5;3m[LoggingInterceptor] [39m[32mGET /api/ext/ledger/transfers/T20260814C4ABF8576B8EBE62 - 200 - 12ms[39m
[32m[Nest] 26296  - [39m2026/08/14 10:10:53 [32m    LOG[39m [38;5;3m[LoggingInterceptor] [39m[32mGET /api/ext/ledger/transfers/T20260814C4ABF8576B8EBE62 - 200 - 13ms[39m
[32m[Nest] 26296  - [39m2026/08/14 10:10:53 [32m    LOG[39m [38;5;3m[LoggingInterceptor] [39m[32mGET /api/ext/ledger/transfers/T20260814C45BD39545BC4C81 - 200 - 14ms[39m
[32m[Nest] 26296  - [39m2026/08/14 10:10:53 [32m    LOG[39m [38;5;3m[LoggingInterceptor] [39m[32mGET /api/ext/ledger/transfers/T20260814C45BD39545BC4C81 - 200 - 14ms[39m
[32m[Nest] 26296  - [39m2026/08/14 10:10:53 [32m    LOG[39m [38;5;3m[LoggingInterceptor] [39m[32mGET /api/ext/ledger/transfers/T202608141A91135C4061A81B - 200 - 14ms[39m
[32m[Nest] 26296  - [39m2026/08/14 10:10:53 [32m    LOG[39m [38;5;3m[LoggingInterceptor] [39m[32mGET /api/ext/ledger/transfers/T202608141A91135C4061A81B - 200 - 15ms[39m
[32m[Nest] 26296  - [39m2026/08/14 10:10:53 [32m    LOG[39m [38;5;3m[LoggingInterceptor] [39m[32mGET /api/ext/ledger/transfers/T202608144898B840BDFF8CB0 - 200 - 17ms[39m
[32m[Nest] 26296  - [39m2026/08/14 10:10:53 [32m    LOG[39m [38;5;3m[LoggingInterceptor] [39m[32mGET /api/ext/ledger/transfers/T202608144898B840BDFF8CB0 - 200 - 17ms[39m
[32m[Nest] 26296  - [39m2026/08/14 10:10:53 [32m    LOG[39m [38;5;3m[LoggingInterceptor] [39m[32mGET /api/ext/ledger/transfers/T2026081474B02321A8E434AD - 200 - 16ms[39m
[32m[Nest] 26296  - [39m2026/08/14 10:10:53 [32m    LOG[39m [38;5;3m[LoggingInterceptor] [39m[32mGET /api/ext/ledger/transfers/T2026081474B02321A8E434AD - 200 - 16ms[39m
[32m[Nest] 26296  - [39m2026/08/14 10:10:53 [32m    LOG[39m [38;5;3m[LoggingInterceptor] [39m[32mGET /api/ext/ledger/transfers/T20260814492603A6695973E4 - 200 - 16ms[39m
[32m[Nest] 26296  - [39m2026/08/14 10:10:53 [32m    LOG[39m [38;5;3m[LoggingInterceptor] [39m[32mGET /api/ext/ledger/transfers/T20260814492603A6695973E4 - 200 - 16ms[39m
[32m[Nest] 26296  - [39m2026/08/14 10:10:53 [32m    LOG[39m [38;5;3m[LoggingInterceptor] [39m[32mGET /api/ext/ledger/transfers/T20260814941ABE2F2E4F07F9 - 200 - 17ms[39m
[32m[Nest] 26296  - [39m2026/08/14 10:10:53 [32m    LOG[39m [38;5;3m[LoggingInterceptor] [39m[32mGET /api/ext/ledger/transfers/T20260814941ABE2F2E4F07F9 - 200 - 17ms[39m
[32m[Nest] 26296  - [39m2026/08/14 10:10:53 [32m    LOG[39m [38;5;3m[LoggingInterceptor] [39m[32mGET /api/ext/ledger/transfers/T2026081449A27639FC2C5AF4 - 200 - 16ms[39m
[32m[Nest] 26296  - [39m2026/08/14 10:10:53 [32m    LOG[39m [38;5;3m[LoggingInterceptor] [39m[32mGET /api/ext/ledger/transfers/T2026081449A27639FC2C5AF4 - 200 - 16ms[39m
[32m[Nest] 26296  - [39m2026/08/14 10:10:53 [32m    LOG[39m [38;5;3m[LoggingInterceptor] [39m[32mGET /api/ext/ledger/transfers/T2026081482D5E90DC9365B3D - 200 - 15ms[39m
[32m[Nest] 26296  - [39m2026/08/14 10:10:53 [32m    LOG[39m [38;5;3m[LoggingInterceptor] [39m[32mGET /api/ext/ledger/transfers/T2026081482D5E90DC9365B3D - 200 - 15ms[39m
[32m[Nest] 26296  - [39m2026/08/14 10:10:53 [32m    LOG[39m [38;5;3m[LoggingInterceptor] [39m[32mGET /api/ext/ledger/transfers/T20260814BE366E4396D50EAA - 200 - 16ms[39m
[32m[Nest] 26296  - [39m2026/08/14 10:10:53 [32m    LOG[39m [38;5;3m[LoggingInterceptor] [39m[32mGET /api/ext/ledger/transfers/T20260814BE366E4396D50EAA - 200 - 16ms[39m
[32m[Nest] 26296  - [39m2026/08/14 10:10:53 [32m    LOG[39m [38;5;3m[LoggingInterceptor] [39m[32mGET /api/ext/ledger/transfers/T2026081472A9F54632E29740 - 200 - 15ms[39m
[32m[Nest] 26296  - [39m2026/08/14 10:10:53 [32m    LOG[39m [38;5;3m[LoggingInterceptor] [39m[32mGET /api/ext/ledger/transfers/T2026081472A9F54632E29740 - 200 - 15ms[39m
[32m[Nest] 26296  - [39m2026/08/14 10:10:53 [32m    LOG[39m [38;5;3m[LoggingInterceptor] [39m[32mGET /api/ext/ledger/transfers/T2026081428FC3070B43CF3D0 - 200 - 15ms[39m
[32m[Nest] 26296  - [39m2026/08/14 10:10:53 [32m    LOG[39m [38;5;3m[LoggingInterceptor] [39m[32mGET /api/ext/ledger/transfers/T2026081428FC3070B43CF3D0 - 200 - 15ms[39m
[32m[Nest] 26296  - [39m2026/08/14 10:10:53 [32m    LOG[39m [38;5;3m[LoggingInterceptor] [39m[32mGET /api/ext/ledger/transfers/T20260814E18C2BB1B900F653 - 200 - 15ms[39m
[32m[Nest] 26296  - [39m2026/08/14 10:10:53 [32m    LOG[39m [38;5;3m[LoggingInterceptor] [39m[32mGET /api/ext/ledger/transfers/T20260814E18C2BB1B900F653 - 200 - 15ms[39m
[32m[Nest] 26296  - [39m2026/08/14 10:10:53 [32m    LOG[39m [38;5;3m[LoggingInterceptor] [39m[32mGET /api/ext/ledger/transfers/T202608149248BEBD10FAFFEC - 200 - 14ms[39m
[32m[Nest] 26296  - [39m2026/08/14 10:10:53 [32m    LOG[39m [38;5;3m[LoggingInterceptor] [39m[32mGET /api/ext/ledger/transfers/T202608149248BEBD10FAFFEC - 200 - 15ms[39m
[32m[Nest] 26296  - [39m2026/08/14 10:10:53 [32m    LOG[39m [38;5;3m[LoggingInterceptor] [39m[32mGET /api/ext/ledger/transfers/T20260814F430FB60B4160094 - 200 - 15ms[39m
[32m[Nest] 26296  - [39m2026/08/14 10:10:53 [32m    LOG[39m [38;5;3m[LoggingInterceptor] [39m[32mGET /api/ext/ledger/transfers/T20260814F430FB60B4160094 - 200 - 15ms[39m
[32m[Nest] 26296  - [39m2026/08/14 10:10:53 [32m    LOG[39m [38;5;3m[LoggingInterceptor] [39m[32mGET /api/ext/ledger/transfers/T20260814457513306EC30FAE - 200 - 15ms[39m
[32m[Nest] 26296  - [39m2026/08/14 10:10:53 [32m    LOG[39m [38;5;3m[LoggingInterceptor] [39m[32mGET /api/ext/ledger/transfers/T20260814457513306EC30FAE - 200 - 15ms[39m
[32m[Nest] 26296  - [39m2026/08/14 10:10:53 [32m    LOG[39m [38;5;3m[LoggingInterceptor] [39m[32mGET /api/ext/ledger/transfers/T2026081439393D9689B0D46B - 200 - 14ms[39m
[32m[Nest] 26296  - [39m2026/08/14 10:10:53 [32m    LOG[39m [38;5;3m[LoggingInterceptor] [39m[32mGET /api/ext/ledger/transfers/T2026081439393D9689B0D46B - 200 - 14ms[39m
[32m[Nest] 26296  - [39m2026/08/14 10:10:53 [32m    LOG[39m [38;5;3m[LoggingInterceptor] [39m[32mGET /api/ext/ledger/transfers/T202608140C23E6F2D113BC44 - 200 - 15ms[39m
[32m[Nest] 26296  - [39m2026/08/14 10:10:53 [32m    LOG[39m [38;5;3m[LoggingInterceptor] [39m[32mGET /api/ext/ledger/transfers/T202608140C23E6F2D113BC44 - 200 - 15ms[39m
[32m[Nest] 26296  - [39m2026/08/14 10:10:53 [32m    LOG[39m [38;5;3m[LoggingInterceptor] [39m[32mGET /api/ext/ledger/transfers/T2026081430F593FBB76EB699 - 200 - 14ms[39m
[32m[Nest] 26296  - [39m2026/08/14 10:10:53 [32m    LOG[39m [38;5;3m[LoggingInterceptor] [39m[32mGET /api/ext/ledger/transfers/T2026081430F593FBB76EB699 - 200 - 14ms[39m
[32m[Nest] 26296  - [39m2026/08/14 10:10:53 [32m    LOG[39m [38;5;3m[LoggingInterceptor] [39m[32mGET /api/ext/ledger/transfers/T20260814888B4E24318AD146 - 200 - 13ms[39m
[32m[Nest] 26296  - [39m2026/08/14 10:10:53 [32m    LOG[39m [38;5;3m[LoggingInterceptor] [39m[32mGET /api/ext/ledger/transfers/T20260814888B4E24318AD146 - 200 - 13ms[39m
[32m[Nest] 26296  - [39m2026/08/14 10:10:53 [32m    LOG[39m [38;5;3m[LoggingInterceptor] [39m[32mGET /api/ext/ledger/transfers/T2026081426D2EA893A390ADC - 200 - 14ms[39m
[32m[Nest] 26296  - [39m2026/08/14 10:10:53 [32m    LOG[39m [38;5;3m[LoggingInterceptor] [39m[32mGET /api/ext/ledger/transfers/T2026081426D2EA893A390ADC - 200 - 14ms[39m
[32m[Nest] 26296  - [39m2026/08/14 10:10:53 [32m    LOG[39m [38;5;3m[LoggingInterceptor] [39m[32mGET /api/ext/ledger/transfers/T20260814C05015A6CA34EE5D - 200 - 13ms[39m
[32m[Nest] 26296  - [39m2026/08/14 10:10:53 [32m    LOG[39m [38;5;3m[LoggingInterceptor] [39m[32mGET /api/ext/ledger/transfers/T20260814C05015A6CA34EE5D - 200 - 13ms[39m
[32m[Nest] 26296  - [39m2026/08/14 10:10:53 [32m    LOG[39m [38;5;3m[LoggingInterceptor] [39m[32mGET /api/ext/ledger/transfers/T2026081406B2AEF15559CD2D - 200 - 14ms[39m
[32m[Nest] 26296  - [39m2026/08/14 10:10:53 [32m    LOG[39m [38;5;3m[LoggingInterceptor] [39m[32mGET /api/ext/ledger/transfers/T2026081406B2AEF15559CD2D - 200 - 14ms[39m
[32m[Nest] 26296  - [39m2026/08/14 10:10:53 [32m    LOG[39m [38;5;3m[LoggingInterceptor] [39m[32mGET /api/ext/ledger/transfers/T20260814C872782A91868807 - 200 - 22ms[39m
[32m[Nest] 26296  - [39m2026/08/14 10:10:53 [32m    LOG[39m [38;5;3m[LoggingInterceptor] [39m[32mGET /api/ext/ledger/transfers/T20260814C872782A91868807 - 200 - 22ms[39m
[32m[Nest] 26296  - [39m2026/08/14 10:10:53 [32m    LOG[39m [38;5;3m[LoggingInterceptor] [39m[32mGET /api/ext/ledger/transfers/T20260814CBC9EA5D016CB7F7 - 200 - 21ms[39m
[32m[Nest] 26296  - [39m2026/08/14 10:10:53 [32m    LOG[39m [38;5;3m[LoggingInterceptor] [39m[32mGET /api/ext/ledger/transfers/T20260814CBC9EA5D016CB7F7 - 200 - 22ms[39m
[32m[Nest] 26296  - [39m2026/08/14 10:10:53 [32m    LOG[39m [38;5;3m[LoggingInterceptor] [39m[32mGET /api/ext/ledger/transfers/T2026081402AF71A323230A39 - 200 - 22ms[39m
[32m[Nest] 26296  - [39m2026/08/14 10:10:53 [32m    LOG[39m [38;5;3m[LoggingInterceptor] [39m[32mGET /api/ext/ledger/transfers/T2026081402AF71A323230A39 - 200 - 22ms[39m
[32m[Nest] 26296  - [39m2026/08/14 10:10:53 [32m    LOG[39m [38;5;3m[LoggingInterceptor] [39m[32mGET /api/ext/ledger/transfers/T20260814A84AD0F50DAE8FB6 - 200 - 22ms[39m
[32m[Nest] 26296  - [39m2026/08/14 10:10:53 [32m    LOG[39m [38;5;3m[LoggingInterceptor] [39m[32mGET /api/ext/ledger/transfers/T20260814A84AD0F50DAE8FB6 - 200 - 22ms[39m
[32m[Nest] 26296  - [39m2026/08/14 10:10:53 [32m    LOG[39m [38;5;3m[LoggingInterceptor] [39m[32mGET /api/ext/ledger/transfers/T20260814467E75C90016835B - 200 - 21ms[39m
[32m[Nest] 26296  - [39m2026/08/14 10:10:53 [32m    LOG[39m [38;5;3m[LoggingInterceptor] [39m[32mGET /api/ext/ledger/transfers/T20260814467E75C90016835B - 200 - 21ms[39m
[32m[Nest] 26296  - [39m2026/08/14 10:10:53 [32m    LOG[39m [38;5;3m[LoggingInterceptor] [39m[32mGET /api/ext/ledger/transfers/T20260814EE3B9776A9BF17C5 - 200 - 22ms[39m
[32m[Nest] 26296  - [39m2026/08/14 10:10:53 [32m    LOG[39m [38;5;3m[LoggingInterceptor] [39m[32mGET /api/ext/ledger/transfers/T20260814EE3B9776A9BF17C5 - 200 - 22ms[39m
[32m[Nest] 26296  - [39m2026/08/14 10:10:53 [32m    LOG[39m [38;5;3m[LoggingInterceptor] [39m[32mGET /api/ext/ledger/transfers/T202608147318FA7F115989C3 - 200 - 21ms[39m
[32m[Nest] 26296  - [39m2026/08/14 10:10:53 [32m    LOG[39m [38;5;3m[LoggingInterceptor] [39m[32mGET /api/ext/ledger/transfers/T202608147318FA7F115989C3 - 200 - 21ms[39m
[32m[Nest] 26296  - [39m2026/08/14 10:10:53 [32m    LOG[39m [38;5;3m[LoggingInterceptor] [39m[32mGET /api/ext/ledger/transfers/T202608140E82031675927AE9 - 200 - 21ms[39m
[32m[Nest] 26296  - [39m2026/08/14 10:10:53 [32m    LOG[39m [38;5;3m[LoggingInterceptor] [39m[32mGET /api/ext/ledger/transfers/T202608140E82031675927AE9 - 200 - 21ms[39m
[32m[Nest] 26296  - [39m2026/08/14 10:10:53 [32m    LOG[39m [38;5;3m[LoggingInterceptor] [39m[32mGET /api/ext/ledger/transfers/T20260814133AE71E8D2D6533 - 200 - 21ms[39m
[32m[Nest] 26296  - [39m2026/08/14 10:10:53 [32m    LOG[39m [38;5;3m[LoggingInterceptor] [39m[32mGET /api/ext/ledger/transfers/T20260814133AE71E8D2D6533 - 200 - 21ms[39m
[32m[Nest] 26296  - [39m2026/08/14 10:10:53 [32m    LOG[39m [38;5;3m[LoggingInterceptor] [39m[32mGET /api/ext/ledger/transfers/T202608146C03F55723A47464 - 200 - 20ms[39m
[32m[Nest] 26296  - [39m2026/08/14 10:10:53 [32m    LOG[39m [38;5;3m[LoggingInterceptor] [39m[32mGET /api/ext/ledger/transfers/T202608146C03F55723A47464 - 200 - 20ms[39m
[32m[Nest] 26296  - [39m2026/08/14 10:10:53 [32m    LOG[39m [38;5;3m[LoggingInterceptor] [39m[32mGET /api/ext/ledger/transfers/T20260814712BAD986765A027 - 200 - 19ms[39m
[32m[Nest] 26296  - [39m2026/08/14 10:10:53 [32m    LOG[39m [38;5;3m[LoggingInterceptor] [39m[32mGET /api/ext/ledger/transfers/T20260814712BAD986765A027 - 200 - 20ms[39m
[32m[Nest] 26296  - [39m2026/08/14 10:10:53 [32m    LOG[39m [38;5;3m[LoggingInterceptor] [39m[32mGET /api/ext/ledger/transfers/T20260814E47FCEFF5CFCDA87 - 200 - 20ms[39m
[32m[Nest] 26296  - [39m2026/08/14 10:10:53 [32m    LOG[39m [38;5;3m[LoggingInterceptor] [39m[32mGET /api/ext/ledger/transfers/T20260814E47FCEFF5CFCDA87 - 200 - 20ms[39m
[32m[Nest] 26296  - [39m2026/08/14 10:10:53 [32m    LOG[39m [38;5;3m[LoggingInterceptor] [39m[32mGET /api/ext/ledger/transfers/T20260814644A58FCC85788A2 - 200 - 19ms[39m
[32m[Nest] 26296  - [39m2026/08/14 10:10:53 [32m    LOG[39m [38;5;3m[LoggingInterceptor] [39m[32mGET /api/ext/ledger/transfers/T20260814644A58FCC85788A2 - 200 - 19ms[39m
[32m[Nest] 26296  - [39m2026/08/14 10:10:53 [32m    LOG[39m [38;5;3m[LoggingInterceptor] [39m[32mGET /api/ext/ledger/transfers/T20260814FCB187981C57F9DB - 200 - 20ms[39m
[32m[Nest] 26296  - [39m2026/08/14 10:10:53 [32m    LOG[39m [38;5;3m[LoggingInterceptor] [39m[32mGET /api/ext/ledger/transfers/T20260814FCB187981C57F9DB - 200 - 20ms[39m
[32m[Nest] 26296  - [39m2026/08/14 10:10:53 [32m    LOG[39m [38;5;3m[LoggingInterceptor] [39m[32mGET /api/ext/ledger/transfers/T2026081465A1C7EE5ED531B9 - 200 - 19ms[39m
[32m[Nest] 26296  - [39m2026/08/14 10:10:53 [32m    LOG[39m [38;5;3m[LoggingInterceptor] [39m[32mGET /api/ext/ledger/transfers/T2026081465A1C7EE5ED531B9 - 200 - 19ms[39m
[32m[Nest] 26296  - [39m2026/08/14 10:10:53 [32m    LOG[39m [38;5;3m[LoggingInterceptor] [39m[32mGET /api/ext/ledger/transfers/T202608144636645A20D20A78 - 200 - 19ms[39m
[32m[Nest] 26296  - [39m2026/08/14 10:10:53 [32m    LOG[39m [38;5;3m[LoggingInterceptor] [39m[32mGET /api/ext/ledger/transfers/T202608144636645A20D20A78 - 200 - 19ms[39m
[32m[Nest] 26296  - [39m2026/08/14 10:10:53 [32m    LOG[39m [38;5;3m[LoggingInterceptor] [39m[32mGET /api/ext/ledger/transfers/T20260814629BC50248613C4E - 200 - 20ms[39m
[32m[Nest] 26296  - [39m2026/08/14 10:10:53 [32m    LOG[39m [38;5;3m[LoggingInterceptor] [39m[32mGET /api/ext/ledger/transfers/T20260814629BC50248613C4E - 200 - 20ms[39m
[32m[Nest] 26296  - [39m2026/08/14 10:10:53 [32m    LOG[39m [38;5;3m[LoggingInterceptor] [39m[32mGET /api/ext/ledger/transfers/T20260814DA5ED227B6F91B1C - 200 - 19ms[39m
[32m[Nest] 26296  - [39m2026/08/14 10:10:53 [32m    LOG[39m [38;5;3m[LoggingInterceptor] [39m[32mGET /api/ext/ledger/transfers/T20260814DA5ED227B6F91B1C - 200 - 19ms[39m
[32m[Nest] 26296  - [39m2026/08/14 10:10:53 [32m    LOG[39m [38;5;3m[LoggingInterceptor] [39m[32mGET /api/ext/ledger/transfers/T2026081417FA2D2DF2FB4B56 - 200 - 19ms[39m
[32m[Nest] 26296  - [39m2026/08/14 10:10:53 [32m    LOG[39m [38;5;3m[LoggingInterceptor] [39m[32mGET /api/ext/ledger/transfers/T2026081417FA2D2DF2FB4B56 - 200 - 19ms[39m
[32m[Nest] 26296  - [39m2026/08/14 10:10:53 [32m    LOG[39m [38;5;3m[LoggingInterceptor] [39m[32mGET /api/ext/ledger/transfers/T20260814316FE83FFA45D7D4 - 200 - 19ms[39m
[32m[Nest] 26296  - [39m2026/08/14 10:10:53 [32m    LOG[39m [38;5;3m[LoggingInterceptor] [39m[32mGET /api/ext/ledger/transfers/T20260814316FE83FFA45D7D4 - 200 - 19ms[39m
[32m[Nest] 26296  - [39m2026/08/14 10:10:53 [32m    LOG[39m [38;5;3m[LoggingInterceptor] [39m[32mGET /api/ext/ledger/transfers/T20260814EBD11EE64381F97F - 200 - 19ms[39m
[32m[Nest] 26296  - [39m2026/08/14 10:10:53 [32m    LOG[39m [38;5;3m[LoggingInterceptor] [39m[32mGET /api/ext/ledger/transfers/T20260814EBD11EE64381F97F - 200 - 19ms[39m
[32m[Nest] 26296  - [39m2026/08/14 10:10:53 [32m    LOG[39m [38;5;3m[LoggingInterceptor] [39m[32mGET /api/ext/ledger/transfers/T20260814ECF073AAEE4741DB - 200 - 19ms[39m
[32m[Nest] 26296  - [39m2026/08/14 10:10:53 [32m    LOG[39m [38;5;3m[LoggingInterceptor] [39m[32mGET /api/ext/ledger/transfers/T20260814ECF073AAEE4741DB - 200 - 19ms[39m
[32m[Nest] 26296  - [39m2026/08/14 10:10:53 [32m    LOG[39m [38;5;3m[LoggingInterceptor] [39m[32mGET /api/ext/ledger/transfers/T202608140B505D2DFE6CC4D6 - 200 - 19ms[39m
[32m[Nest] 26296  - [39m2026/08/14 10:10:53 [32m    LOG[39m [38;5;3m[LoggingInterceptor] [39m[32mGET /api/ext/ledger/transfers/T202608140B505D2DFE6CC4D6 - 200 - 19ms[39m
[32m[Nest] 26296  - [39m2026/08/14 10:10:53 [32m    LOG[39m [38;5;3m[LoggingInterceptor] [39m[32mGET /api/ext/ledger/transfers/T20260814344383A618F66392 - 200 - 18ms[39m
[32m[Nest] 26296  - [39m2026/08/14 10:10:53 [32m    LOG[39m [38;5;3m[LoggingInterceptor] [39m[32mGET /api/ext/ledger/transfers/T20260814344383A618F66392 - 200 - 18ms[39m
[32m[Nest] 26296  - [39m2026/08/14 10:10:53 [32m    LOG[39m [38;5;3m[LoggingInterceptor] [39m[32mGET /api/ext/ledger/transfers/T20260814063AF99F89245D97 - 200 - 19ms[39m
[32m[Nest] 26296  - [39m2026/08/14 10:10:53 [32m    LOG[39m [38;5;3m[LoggingInterceptor] [39m[32mGET /api/ext/ledger/transfers/T20260814063AF99F89245D97 - 200 - 19ms[39m
[32m[Nest] 26296  - [39m2026/08/14 10:10:53 [32m    LOG[39m [38;5;3m[LoggingInterceptor] [39m[32mGET /api/ext/ledger/transfers/T202608148FCED83E559C6717 - 200 - 19ms[39m
[32m[Nest] 26296  - [39m2026/08/14 10:10:53 [32m    LOG[39m [38;5;3m[LoggingInterceptor] [39m[32mGET /api/ext/ledger/transfers/T202608148FCED83E559C6717 - 200 - 19ms[39m
[32m[Nest] 26296  - [39m2026/08/14 10:10:53 [32m    LOG[39m [38;5;3m[LoggingInterceptor] [39m[32mGET /api/ext/ledger/transfers/T2026081436236DEBA3C370EC - 200 - 18ms[39m
[32m[Nest] 26296  - [39m2026/08/14 10:10:53 [32m    LOG[39m [38;5;3m[LoggingInterceptor] [39m[32mGET /api/ext/ledger/transfers/T2026081436236DEBA3C370EC - 200 - 18ms[39m
[32m[Nest] 26296  - [39m2026/08/14 10:10:53 [32m    LOG[39m [38;5;3m[LoggingInterceptor] [39m[32mGET /api/ext/ledger/transfers/T202608146807F1AB7B55AEDB - 200 - 19ms[39m
[32m[Nest] 26296  - [39m2026/08/14 10:10:53 [32m    LOG[39m [38;5;3m[LoggingInterceptor] [39m[32mGET /api/ext/ledger/transfers/T202608146807F1AB7B55AEDB - 200 - 19ms[39m
[32m[Nest] 26296  - [39m2026/08/14 10:10:53 [32m    LOG[39m [38;5;3m[LoggingInterceptor] [39m[32mGET /api/ext/ledger/transfers/T2026081407AE1A8AB371E2CD - 200 - 18ms[39m
[32m[Nest] 26296  - [39m2026/08/14 10:10:53 [32m    LOG[39m [38;5;3m[LoggingInterceptor] [39m[32mGET /api/ext/ledger/transfers/T2026081407AE1A8AB371E2CD - 200 - 18ms[39m
[32m[Nest] 26296  - [39m2026/08/14 10:10:53 [32m    LOG[39m [38;5;3m[LoggingInterceptor] [39m[32mGET /api/ext/ledger/transfers/T20260814B41B485A6B9B8170 - 200 - 18ms[39m
[32m[Nest] 26296  - [39m2026/08/14 10:10:53 [32m    LOG[39m [38;5;3m[LoggingInterceptor] [39m[32mGET /api/ext/ledger/transfers/T20260814B41B485A6B9B8170 - 200 - 18ms[39m
[32m[Nest] 26296  - [39m2026/08/14 10:10:53 [32m    LOG[39m [38;5;3m[LoggingInterceptor] [39m[32mGET /api/ext/ledger/transfers/T2026081458416E633E0E7AA5 - 200 - 18ms[39m
[32m[Nest] 26296  - [39m2026/08/14 10:10:53 [32m    LOG[39m [38;5;3m[LoggingInterceptor] [39m[32mGET /api/ext/ledger/transfers/T2026081458416E633E0E7AA5 - 200 - 18ms[39m
[32m[Nest] 26296  - [39m2026/08/14 10:10:53 [32m    LOG[39m [38;5;3m[LoggingInterceptor] [39m[32mGET /api/ext/ledger/transfers/T20260814BE0A4C30DB734B47 - 200 - 18ms[39m
[32m[Nest] 26296  - [39m2026/08/14 10:10:53 [32m    LOG[39m [38;5;3m[LoggingInterceptor] [39m[32mGET /api/ext/ledger/transfers/T20260814BE0A4C30DB734B47 - 200 - 18ms[39m
[32m[Nest] 26296  - [39m2026/08/14 10:10:53 [32m    LOG[39m [38;5;3m[LoggingInterceptor] [39m[32mGET /api/ext/ledger/transfers/T202608140311464F05746B31 - 200 - 18ms[39m
[32m[Nest] 26296  - [39m2026/08/14 10:10:53 [32m    LOG[39m [38;5;3m[LoggingInterceptor] [39m[32mGET /api/ext/ledger/transfers/T202608140311464F05746B31 - 200 - 18ms[39m
[32m[Nest] 26296  - [39m2026/08/14 10:10:53 [32m    LOG[39m [38;5;3m[LoggingInterceptor] [39m[32mGET /api/ext/ledger/transfers/T202608147CC3795D985B7481 - 200 - 18ms[39m
[32m[Nest] 26296  - [39m2026/08/14 10:10:53 [32m    LOG[39m [38;5;3m[LoggingInterceptor] [39m[32mGET /api/ext/ledger/transfers/T202608147CC3795D985B7481 - 200 - 18ms[39m
[32m[Nest] 26296  - [39m2026/08/14 10:10:53 [32m    LOG[39m [38;5;3m[LoggingInterceptor] [39m[32mGET /api/ext/ledger/transfers/T202608145601E99CBD2BEF93 - 200 - 18ms[39m
[32m[Nest] 26296  - [39m2026/08/14 10:10:53 [32m    LOG[39m [38;5;3m[LoggingInterceptor] [39m[32mGET /api/ext/ledger/transfers/T202608145601E99CBD2BEF93 - 200 - 18ms[39m
[32m[Nest] 26296  - [39m2026/08/14 10:10:53 [32m    LOG[39m [38;5;3m[LoggingInterceptor] [39m[32mGET /api/ext/ledger/transfers/T202608142B74F83E103B547F - 200 - 18ms[39m
[32m[Nest] 26296  - [39m2026/08/14 10:10:53 [32m    LOG[39m [38;5;3m[LoggingInterceptor] [39m[32mGET /api/ext/ledger/transfers/T202608142B74F83E103B547F - 200 - 18ms[39m
[32m[Nest] 26296  - [39m2026/08/14 10:10:53 [32m    LOG[39m [38;5;3m[LoggingInterceptor] [39m[32mGET /api/ext/ledger/transfers/T2026081419333A9C6FA81186 - 200 - 18ms[39m
[32m[Nest] 26296  - [39m2026/08/14 10:10:53 [32m    LOG[39m [38;5;3m[LoggingInterceptor] [39m[32mGET /api/ext/ledger/transfers/T2026081419333A9C6FA81186 - 200 - 18ms[39m
[32m[Nest] 26296  - [39m2026/08/14 10:10:53 [32m    LOG[39m [38;5;3m[LoggingInterceptor] [39m[32mGET /api/ext/ledger/transfers/T202608140DD1B9D9343C08CE - 200 - 17ms[39m
[32m[Nest] 26296  - [39m2026/08/14 10:10:53 [32m    LOG[39m [38;5;3m[LoggingInterceptor] [39m[32mGET /api/ext/ledger/transfers/T202608140DD1B9D9343C08CE - 200 - 18ms[39m
[32m[Nest] 26296  - [39m2026/08/14 10:10:53 [32m    LOG[39m [38;5;3m[LoggingInterceptor] [39m[32mGET /api/ext/ledger/transfers/T2026081415717C8A2328F66F - 200 - 18ms[39m
[32m[Nest] 26296  - [39m2026/08/14 10:10:53 [32m    LOG[39m [38;5;3m[LoggingInterceptor] [39m[32mGET /api/ext/ledger/transfers/T2026081415717C8A2328F66F - 200 - 18ms[39m
[32m[Nest] 26296  - [39m2026/08/14 10:10:53 [32m    LOG[39m [38;5;3m[LoggingInterceptor] [39m[32mGET /api/ext/ledger/transfers/T20260814B6CB8C73407699AA - 200 - 17ms[39m
[32m[Nest] 26296  - [39m2026/08/14 10:10:53 [32m    LOG[39m [38;5;3m[LoggingInterceptor] [39m[32mGET /api/ext/ledger/transfers/T20260814B6CB8C73407699AA - 200 - 17ms[39m
[32m[Nest] 26296  - [39m2026/08/14 10:10:54 [32m    LOG[39m [38;5;3m[LoggingInterceptor] [39m[32mGET /api/ext/ledger/transfers/T20260814C2986FAC1C9594F1 - 200 - 5ms[39m
[32m[Nest] 26296  - [39m2026/08/14 10:10:54 [32m    LOG[39m [38;5;3m[LoggingInterceptor] [39m[32mGET /api/ext/ledger/transfers/T20260814C2986FAC1C9594F1 - 200 - 5ms[39m
[32m[Nest] 26296  - [39m2026/08/14 10:10:54 [32m    LOG[39m [38;5;3m[LoggingInterceptor] [39m[32mGET /api/ext/ledger/transfers/T202608140DD2DCAB080B4274 - 200 - 4ms[39m
[32m[Nest] 26296  - [39m2026/08/14 10:10:54 [32m    LOG[39m [38;5;3m[LoggingInterceptor] [39m[32mGET /api/ext/ledger/transfers/T202608140DD2DCAB080B4274 - 200 - 4ms[39m
[32m[Nest] 26296  - [39m2026/08/14 10:10:54 [32m    LOG[39m [38;5;3m[LoggingInterceptor] [39m[32mGET /api/ext/ledger/transfers/T20260814BEE70A7D0923AE41 - 200 - 5ms[39m
[32m[Nest] 26296  - [39m2026/08/14 10:10:54 [32m    LOG[39m [38;5;3m[LoggingInterceptor] [39m[32mGET /api/ext/ledger/transfers/T20260814BEE70A7D0923AE41 - 200 - 5ms[39m
[32m[Nest] 26296  - [39m2026/08/14 10:10:54 [32m    LOG[39m [38;5;3m[LoggingInterceptor] [39m[32mGET /api/ext/ledger/transfers/T20260814CFA72E00D6D2EE33 - 200 - 4ms[39m
[32m[Nest] 26296  - [39m2026/08/14 10:10:54 [32m    LOG[39m [38;5;3m[LoggingInterceptor] [39m[32mGET /api/ext/ledger/transfers/T20260814CFA72E00D6D2EE33 - 200 - 4ms[39m
[32m[Nest] 26296  - [39m2026/08/14 10:10:54 [32m    LOG[39m [38;5;3m[LoggingInterceptor] [39m[32mGET /api/ext/ledger/transfers/T20260814F9EFF23BC8520670 - 200 - 5ms[39m
[32m[Nest] 26296  - [39m2026/08/14 10:10:54 [32m    LOG[39m [38;5;3m[LoggingInterceptor] [39m[32mGET /api/ext/ledger/transfers/T20260814F9EFF23BC8520670 - 200 - 5ms[39m
[32m[Nest] 26296  - [39m2026/08/14 10:10:54 [32m    LOG[39m [38;5;3m[LoggingInterceptor] [39m[32mGET /api/ext/ledger/transfers/T20260814647EE913165946C6 - 200 - 4ms[39m
[32m[Nest] 26296  - [39m2026/08/14 10:10:54 [32m    LOG[39m [38;5;3m[LoggingInterceptor] [39m[32mGET /api/ext/ledger/transfers/T20260814647EE913165946C6 - 200 - 4ms[39m
[32m[Nest] 26296  - [39m2026/08/14 10:10:54 [32m    LOG[39m [38;5;3m[LoggingInterceptor] [39m[32mGET /api/ext/ledger/transfers/T20260814B944926303D36E86 - 200 - 5ms[39m
[32m[Nest] 26296  - [39m2026/08/14 10:10:54 [32m    LOG[39m [38;5;3m[LoggingInterceptor] [39m[32mGET /api/ext/ledger/transfers/T20260814B944926303D36E86 - 200 - 5ms[39m
[32m[Nest] 26296  - [39m2026/08/14 10:10:54 [32m    LOG[39m [38;5;3m[LoggingInterceptor] [39m[32mGET /api/ext/ledger/transfers/T20260814BD9484CB0C1F7C8E - 200 - 4ms[39m
[32m[Nest] 26296  - [39m2026/08/14 10:10:54 [32m    LOG[39m [38;5;3m[LoggingInterceptor] [39m[32mGET /api/ext/ledger/transfers/T20260814BD9484CB0C1F7C8E - 200 - 4ms[39m
[32m[Nest] 26296  - [39m2026/08/14 10:10:54 [32m    LOG[39m [38;5;3m[LoggingInterceptor] [39m[32mGET /api/ext/ledger/transfers/T2026081477F6A714808F0806 - 200 - 4ms[39m
[32m[Nest] 26296  - [39m2026/08/14 10:10:54 [32m    LOG[39m [38;5;3m[LoggingInterceptor] [39m[32mGET /api/ext/ledger/transfers/T2026081477F6A714808F0806 - 200 - 5ms[39m
[32m[Nest] 26296  - [39m2026/08/14 10:10:54 [32m    LOG[39m [38;5;3m[LoggingInterceptor] [39m[32mGET /api/ext/ledger/transfers/T20260814C4ABF8576B8EBE62 - 200 - 9ms[39m
[32m[Nest] 26296  - [39m2026/08/14 10:10:54 [32m    LOG[39m [38;5;3m[LoggingInterceptor] [39m[32mGET /api/ext/ledger/transfers/T20260814C4ABF8576B8EBE62 - 200 - 9ms[39m
[32m[Nest] 26296  - [39m2026/08/14 10:10:54 [32m    LOG[39m [38;5;3m[LoggingInterceptor] [39m[32mGET /api/ext/ledger/transfers/T20260814C45BD39545BC4C81 - 200 - 9ms[39m
[32m[Nest] 26296  - [39m2026/08/14 10:10:54 [32m    LOG[39m [38;5;3m[LoggingInterceptor] [39m[32mGET /api/ext/ledger/transfers/T20260814C45BD39545BC4C81 - 200 - 9ms[39m
[32m[Nest] 26296  - [39m2026/08/14 10:10:54 [32m    LOG[39m [38;5;3m[LoggingInterceptor] [39m[32mGET /api/ext/ledger/transfers/T202608141A91135C4061A81B - 200 - 9ms[39m
[32m[Nest] 26296  - [39m2026/08/14 10:10:54 [32m    LOG[39m [38;5;3m[LoggingInterceptor] [39m[32mGET /api/ext/ledger/transfers/T202608141A91135C4061A81B - 200 - 9ms[39m
[32m[Nest] 26296  - [39m2026/08/14 10:10:54 [32m    LOG[39m [38;5;3m[LoggingInterceptor] [39m[32mGET /api/ext/ledger/transfers/T202608144898B840BDFF8CB0 - 200 - 9ms[39m
[32m[Nest] 26296  - [39m2026/08/14 10:10:54 [32m    LOG[39m [38;5;3m[LoggingInterceptor] [39m[32mGET /api/ext/ledger/transfers/T202608144898B840BDFF8CB0 - 200 - 9ms[39m
[32m[Nest] 26296  - [39m2026/08/14 10:10:54 [32m    LOG[39m [38;5;3m[LoggingInterceptor] [39m[32mGET /api/ext/ledger/transfers/T20260814941ABE2F2E4F07F9 - 200 - 8ms[39m
[32m[Nest] 26296  - [39m2026/08/14 10:10:54 [32m    LOG[39m [38;5;3m[LoggingInterceptor] [39m[32mGET /api/ext/ledger/transfers/T20260814941ABE2F2E4F07F9 - 200 - 8ms[39m
[32m[Nest] 26296  - [39m2026/08/14 10:10:54 [32m    LOG[39m [38;5;3m[LoggingInterceptor] [39m[32mGET /api/ext/ledger/transfers/T2026081449A27639FC2C5AF4 - 200 - 9ms[39m
[32m[Nest] 26296  - [39m2026/08/14 10:10:54 [32m    LOG[39m [38;5;3m[LoggingInterceptor] [39m[32mGET /api/ext/ledger/transfers/T2026081449A27639FC2C5AF4 - 200 - 9ms[39m
[32m[Nest] 26296  - [39m2026/08/14 10:10:54 [32m    LOG[39m [38;5;3m[LoggingInterceptor] [39m[32mGET /api/ext/ledger/transfers/T2026081482D5E90DC9365B3D - 200 - 9ms[39m
[32m[Nest] 26296  - [39m2026/08/14 10:10:54 [32m    LOG[39m [38;5;3m[LoggingInterceptor] [39m[32mGET /api/ext/ledger/transfers/T2026081482D5E90DC9365B3D - 200 - 9ms[39m
[32m[Nest] 26296  - [39m2026/08/14 10:10:54 [32m    LOG[39m [38;5;3m[LoggingInterceptor] [39m[32mGET /api/ext/ledger/transfers/T20260814BE366E4396D50EAA - 200 - 10ms[39m
[32m[Nest] 26296  - [39m2026/08/14 10:10:54 [32m    LOG[39m [38;5;3m[LoggingInterceptor] [39m[32mGET /api/ext/ledger/transfers/T20260814BE366E4396D50EAA - 200 - 10ms[39m
[32m[Nest] 26296  - [39m2026/08/14 10:10:54 [32m    LOG[39m [38;5;3m[LoggingInterceptor] [39m[32mGET /api/ext/ledger/transfers/T2026081472A9F54632E29740 - 200 - 10ms[39m
[32m[Nest] 26296  - [39m2026/08/14 10:10:54 [32m    LOG[39m [38;5;3m[LoggingInterceptor] [39m[32mGET /api/ext/ledger/transfers/T2026081472A9F54632E29740 - 200 - 10ms[39m
[32m[Nest] 26296  - [39m2026/08/14 10:10:54 [32m    LOG[39m [38;5;3m[LoggingInterceptor] [39m[32mGET /api/ext/ledger/transfers/T2026081428FC3070B43CF3D0 - 200 - 10ms[39m
[32m[Nest] 26296  - [39m2026/08/14 10:10:54 [32m    LOG[39m [38;5;3m[LoggingInterceptor] [39m[32mGET /api/ext/ledger/transfers/T2026081428FC3070B43CF3D0 - 200 - 10ms[39m
[32m[Nest] 26296  - [39m2026/08/14 10:10:54 [32m    LOG[39m [38;5;3m[LoggingInterceptor] [39m[32mGET /api/ext/ledger/transfers/T20260814E18C2BB1B900F653 - 200 - 10ms[39m
[32m[Nest] 26296  - [39m2026/08/14 10:10:54 [32m    LOG[39m [38;5;3m[LoggingInterceptor] [39m[32mGET /api/ext/ledger/transfers/T20260814E18C2BB1B900F653 - 200 - 10ms[39m
[32m[Nest] 26296  - [39m2026/08/14 10:10:54 [32m    LOG[39m [38;5;3m[LoggingInterceptor] [39m[32mGET /api/ext/ledger/transfers/T202608149248BEBD10FAFFEC - 200 - 10ms[39m
[32m[Nest] 26296  - [39m2026/08/14 10:10:54 [32m    LOG[39m [38;5;3m[LoggingInterceptor] [39m[32mGET /api/ext/ledger/transfers/T202608149248BEBD10FAFFEC - 200 - 10ms[39m
[32m[Nest] 26296  - [39m2026/08/14 10:10:54 [32m    LOG[39m [38;5;3m[LoggingInterceptor] [39m[32mGET /api/ext/ledger/transfers/T20260814457513306EC30FAE - 200 - 9ms[39m
[32m[Nest] 26296  - [39m2026/08/14 10:10:54 [32m    LOG[39m [38;5;3m[LoggingInterceptor] [39m[32mGET /api/ext/ledger/transfers/T20260814457513306EC30FAE - 200 - 10ms[39m
[32m[Nest] 26296  - [39m2026/08/14 10:10:54 [32m    LOG[39m [38;5;3m[LoggingInterceptor] [39m[32mGET /api/ext/ledger/transfers/T2026081439393D9689B0D46B - 200 - 10ms[39m
[32m[Nest] 26296  - [39m2026/08/14 10:10:54 [32m    LOG[39m [38;5;3m[LoggingInterceptor] [39m[32mGET /api/ext/ledger/transfers/T2026081439393D9689B0D46B - 200 - 10ms[39m
[32m[Nest] 26296  - [39m2026/08/14 10:10:54 [32m    LOG[39m [38;5;3m[LoggingInterceptor] [39m[32mGET /api/ext/ledger/transfers/T202608140C23E6F2D113BC44 - 200 - 9ms[39m
[32m[Nest] 26296  - [39m2026/08/14 10:10:54 [32m    LOG[39m [38;5;3m[LoggingInterceptor] [39m[32mGET /api/ext/ledger/transfers/T202608140C23E6F2D113BC44 - 200 - 9ms[39m
[32m[Nest] 26296  - [39m2026/08/14 10:10:54 [32m    LOG[39m [38;5;3m[LoggingInterceptor] [39m[32mGET /api/ext/ledger/transfers/T2026081430F593FBB76EB699 - 200 - 10ms[39m
[32m[Nest] 26296  - [39m2026/08/14 10:10:54 [32m    LOG[39m [38;5;3m[LoggingInterceptor] [39m[32mGET /api/ext/ledger/transfers/T2026081430F593FBB76EB699 - 200 - 10ms[39m
[32m[Nest] 26296  - [39m2026/08/14 10:10:54 [32m    LOG[39m [38;5;3m[LoggingInterceptor] [39m[32mGET /api/ext/ledger/transfers/T20260814888B4E24318AD146 - 200 - 10ms[39m
[32m[Nest] 26296  - [39m2026/08/14 10:10:54 [32m    LOG[39m [38;5;3m[LoggingInterceptor] [39m[32mGET /api/ext/ledger/transfers/T20260814888B4E24318AD146 - 200 - 10ms[39m
[32m[Nest] 26296  - [39m2026/08/14 10:10:54 [32m    LOG[39m [38;5;3m[LoggingInterceptor] [39m[32mGET /api/ext/ledger/transfers/T20260814C05015A6CA34EE5D - 200 - 9ms[39m
[32m[Nest] 26296  - [39m2026/08/14 10:10:54 [32m    LOG[39m [38;5;3m[LoggingInterceptor] [39m[32mGET /api/ext/ledger/transfers/T20260814C05015A6CA34EE5D - 200 - 9ms[39m
[32m[Nest] 26296  - [39m2026/08/14 10:10:54 [32m    LOG[39m [38;5;3m[LoggingInterceptor] [39m[32mGET /api/ext/ledger/transfers/T2026081406B2AEF15559CD2D - 200 - 10ms[39m
[32m[Nest] 26296  - [39m2026/08/14 10:10:54 [32m    LOG[39m [38;5;3m[LoggingInterceptor] [39m[32mGET /api/ext/ledger/transfers/T2026081406B2AEF15559CD2D - 200 - 10ms[39m
[32m[Nest] 26296  - [39m2026/08/14 10:10:54 [32m    LOG[39m [38;5;3m[LoggingInterceptor] [39m[32mGET /api/ext/ledger/transfers/T20260814C872782A91868807 - 200 - 1ms[39m
[32m[Nest] 26296  - [39m2026/08/14 10:10:54 [32m    LOG[39m [38;5;3m[LoggingInterceptor] [39m[32mGET /api/ext/ledger/transfers/T20260814C872782A91868807 - 200 - 1ms[39m
[32m[Nest] 26296  - [39m2026/08/14 10:10:54 [32m    LOG[39m [38;5;3m[LoggingInterceptor] [39m[32mGET /api/ext/ledger/transfers/T20260814CBC9EA5D016CB7F7 - 200 - 9ms[39m
[32m[Nest] 26296  - [39m2026/08/14 10:10:54 [32m    LOG[39m [38;5;3m[LoggingInterceptor] [39m[32mGET /api/ext/ledger/transfers/T20260814CBC9EA5D016CB7F7 - 200 - 9ms[39m
[32m[Nest] 26296  - [39m2026/08/14 10:10:54 [32m    LOG[39m [38;5;3m[LoggingInterceptor] [39m[32mGET /api/ext/ledger/transfers/T2026081402AF71A323230A39 - 200 - 11ms[39m
[32m[Nest] 26296  - [39m2026/08/14 10:10:54 [32m    LOG[39m [38;5;3m[LoggingInterceptor] [39m[32mGET /api/ext/ledger/transfers/T2026081402AF71A323230A39 - 200 - 11ms[39m
[32m[Nest] 26296  - [39m2026/08/14 10:10:54 [32m    LOG[39m [38;5;3m[LoggingInterceptor] [39m[32mGET /api/ext/ledger/transfers/T20260814467E75C90016835B - 200 - 12ms[39m
[32m[Nest] 26296  - [39m2026/08/14 10:10:54 [32m    LOG[39m [38;5;3m[LoggingInterceptor] [39m[32mGET /api/ext/ledger/transfers/T20260814467E75C90016835B - 200 - 12ms[39m
[32m[Nest] 26296  - [39m2026/08/14 10:10:54 [32m    LOG[39m [38;5;3m[LoggingInterceptor] [39m[32mGET /api/ext/ledger/transfers/T20260814EE3B9776A9BF17C5 - 200 - 11ms[39m
[32m[Nest] 26296  - [39m2026/08/14 10:10:54 [32m    LOG[39m [38;5;3m[LoggingInterceptor] [39m[32mGET /api/ext/ledger/transfers/T20260814EE3B9776A9BF17C5 - 200 - 11ms[39m
[32m[Nest] 26296  - [39m2026/08/14 10:10:54 [32m    LOG[39m [38;5;3m[LoggingInterceptor] [39m[32mGET /api/ext/ledger/transfers/T202608147318FA7F115989C3 - 200 - 12ms[39m
[32m[Nest] 26296  - [39m2026/08/14 10:10:54 [32m    LOG[39m [38;5;3m[LoggingInterceptor] [39m[32mGET /api/ext/ledger/transfers/T202608147318FA7F115989C3 - 200 - 12ms[39m
[32m[Nest] 26296  - [39m2026/08/14 10:10:54 [32m    LOG[39m [38;5;3m[LoggingInterceptor] [39m[32mGET /api/ext/ledger/transfers/T20260814133AE71E8D2D6533 - 200 - 11ms[39m
[32m[Nest] 26296  - [39m2026/08/14 10:10:54 [32m    LOG[39m [38;5;3m[LoggingInterceptor] [39m[32mGET /api/ext/ledger/transfers/T20260814133AE71E8D2D6533 - 200 - 12ms[39m
[32m[Nest] 26296  - [39m2026/08/14 10:10:54 [32m    LOG[39m [38;5;3m[LoggingInterceptor] [39m[32mGET /api/ext/ledger/transfers/T202608146C03F55723A47464 - 200 - 10ms[39m
[32m[Nest] 26296  - [39m2026/08/14 10:10:54 [32m    LOG[39m [38;5;3m[LoggingInterceptor] [39m[32mGET /api/ext/ledger/transfers/T202608146C03F55723A47464 - 200 - 10ms[39m
[32m[Nest] 26296  - [39m2026/08/14 10:10:54 [32m    LOG[39m [38;5;3m[LoggingInterceptor] [39m[32mGET /api/ext/ledger/transfers/T20260814712BAD986765A027 - 200 - 11ms[39m
[32m[Nest] 26296  - [39m2026/08/14 10:10:54 [32m    LOG[39m [38;5;3m[LoggingInterceptor] [39m[32mGET /api/ext/ledger/transfers/T20260814712BAD986765A027 - 200 - 11ms[39m
[32m[Nest] 26296  - [39m2026/08/14 10:10:54 [32m    LOG[39m [38;5;3m[LoggingInterceptor] [39m[32mGET /api/ext/ledger/transfers/T20260814E47FCEFF5CFCDA87 - 200 - 10ms[39m
[32m[Nest] 26296  - [39m2026/08/14 10:10:54 [32m    LOG[39m [38;5;3m[LoggingInterceptor] [39m[32mGET /api/ext/ledger/transfers/T20260814E47FCEFF5CFCDA87 - 200 - 10ms[39m
[32m[Nest] 26296  - [39m2026/08/14 10:10:54 [32m    LOG[39m [38;5;3m[LoggingInterceptor] [39m[32mGET /api/ext/ledger/transfers/T20260814FCB187981C57F9DB - 200 - 10ms[39m
[32m[Nest] 26296  - [39m2026/08/14 10:10:54 [32m    LOG[39m [38;5;3m[LoggingInterceptor] [39m[32mGET /api/ext/ledger/transfers/T20260814FCB187981C57F9DB - 200 - 11ms[39m
[32m[Nest] 26296  - [39m2026/08/14 10:10:54 [32m    LOG[39m [38;5;3m[LoggingInterceptor] [39m[32mGET /api/ext/ledger/transfers/T2026081465A1C7EE5ED531B9 - 200 - 11ms[39m
[32m[Nest] 26296  - [39m2026/08/14 10:10:54 [32m    LOG[39m [38;5;3m[LoggingInterceptor] [39m[32mGET /api/ext/ledger/transfers/T2026081465A1C7EE5ED531B9 - 200 - 11ms[39m
[32m[Nest] 26296  - [39m2026/08/14 10:10:54 [32m    LOG[39m [38;5;3m[LoggingInterceptor] [39m[32mGET /api/ext/ledger/transfers/T202608144636645A20D20A78 - 200 - 10ms[39m
[32m[Nest] 26296  - [39m2026/08/14 10:10:54 [32m    LOG[39m [38;5;3m[LoggingInterceptor] [39m[32mGET /api/ext/ledger/transfers/T202608144636645A20D20A78 - 200 - 10ms[39m
[32m[Nest] 26296  - [39m2026/08/14 10:10:54 [32m    LOG[39m [38;5;3m[LoggingInterceptor] [39m[32mGET /api/ext/ledger/transfers/T20260814629BC50248613C4E - 200 - 11ms[39m
[32m[Nest] 26296  - [39m2026/08/14 10:10:54 [32m    LOG[39m [38;5;3m[LoggingInterceptor] [39m[32mGET /api/ext/ledger/transfers/T20260814629BC50248613C4E - 200 - 11ms[39m
[32m[Nest] 26296  - [39m2026/08/14 10:10:54 [32m    LOG[39m [38;5;3m[LoggingInterceptor] [39m[32mGET /api/ext/ledger/transfers/T20260814DA5ED227B6F91B1C - 200 - 11ms[39m
[32m[Nest] 26296  - [39m2026/08/14 10:10:54 [32m    LOG[39m [38;5;3m[LoggingInterceptor] [39m[32mGET /api/ext/ledger/transfers/T20260814DA5ED227B6F91B1C - 200 - 11ms[39m
[32m[Nest] 26296  - [39m2026/08/14 10:10:54 [32m    LOG[39m [38;5;3m[LoggingInterceptor] [39m[32mGET /api/ext/ledger/transfers/T20260814316FE83FFA45D7D4 - 200 - 11ms[39m
[32m[Nest] 26296  - [39m2026/08/14 10:10:54 [32m    LOG[39m [38;5;3m[LoggingInterceptor] [39m[32mGET /api/ext/ledger/transfers/T20260814316FE83FFA45D7D4 - 200 - 11ms[39m
[32m[Nest] 26296  - [39m2026/08/14 10:10:54 [32m    LOG[39m [38;5;3m[LoggingInterceptor] [39m[32mGET /api/ext/ledger/transfers/T20260814EBD11EE64381F97F - 200 - 11ms[39m
[32m[Nest] 26296  - [39m2026/08/14 10:10:54 [32m    LOG[39m [38;5;3m[LoggingInterceptor] [39m[32mGET /api/ext/ledger/transfers/T20260814EBD11EE64381F97F - 200 - 11ms[39m
[32m[Nest] 26296  - [39m2026/08/14 10:10:54 [32m    LOG[39m [38;5;3m[LoggingInterceptor] [39m[32mGET /api/ext/ledger/transfers/T20260814344383A618F66392 - 200 - 12ms[39m
[32m[Nest] 26296  - [39m2026/08/14 10:10:54 [32m    LOG[39m [38;5;3m[LoggingInterceptor] [39m[32mGET /api/ext/ledger/transfers/T20260814344383A618F66392 - 200 - 12ms[39m
[32m[Nest] 26296  - [39m2026/08/14 10:10:54 [32m    LOG[39m [38;5;3m[LoggingInterceptor] [39m[32mGET /api/ext/ledger/transfers/T20260814063AF99F89245D97 - 200 - 20ms[39m
[32m[Nest] 26296  - [39m2026/08/14 10:10:54 [32m    LOG[39m [38;5;3m[LoggingInterceptor] [39m[32mGET /api/ext/ledger/transfers/T20260814063AF99F89245D97 - 200 - 20ms[39m
[32m[Nest] 26296  - [39m2026/08/14 10:10:54 [32m    LOG[39m [38;5;3m[LoggingInterceptor] [39m[32mGET /api/ext/ledger/transfers/T202608148FCED83E559C6717 - 200 - 21ms[39m
[32m[Nest] 26296  - [39m2026/08/14 10:10:54 [32m    LOG[39m [38;5;3m[LoggingInterceptor] [39m[32mGET /api/ext/ledger/transfers/T202608148FCED83E559C6717 - 200 - 22ms[39m
[32m[Nest] 26296  - [39m2026/08/14 10:10:54 [32m    LOG[39m [38;5;3m[LoggingInterceptor] [39m[32mGET /api/ext/ledger/transfers/T202608146807F1AB7B55AEDB - 200 - 22ms[39m
[32m[Nest] 26296  - [39m2026/08/14 10:10:54 [32m    LOG[39m [38;5;3m[LoggingInterceptor] [39m[32mGET /api/ext/ledger/transfers/T202608146807F1AB7B55AEDB - 200 - 22ms[39m
[32m[Nest] 26296  - [39m2026/08/14 10:10:54 [32m    LOG[39m [38;5;3m[LoggingInterceptor] [39m[32mGET /api/ext/ledger/transfers/T2026081407AE1A8AB371E2CD - 200 - 22ms[39m
[32m[Nest] 26296  - [39m2026/08/14 10:10:54 [32m    LOG[39m [38;5;3m[LoggingInterceptor] [39m[32mGET /api/ext/ledger/transfers/T2026081407AE1A8AB371E2CD - 200 - 22ms[39m
[32m[Nest] 26296  - [39m2026/08/14 10:10:54 [32m    LOG[39m [38;5;3m[LoggingInterceptor] [39m[32mGET /api/ext/ledger/transfers/T20260814B41B485A6B9B8170 - 200 - 15ms[39m
[32m[Nest] 26296  - [39m2026/08/14 10:10:54 [32m    LOG[39m [38;5;3m[LoggingInterceptor] [39m[32mGET /api/ext/ledger/transfers/T20260814B41B485A6B9B8170 - 200 - 15ms[39m
[32m[Nest] 26296  - [39m2026/08/14 10:10:54 [32m    LOG[39m [38;5;3m[LoggingInterceptor] [39m[32mGET /api/ext/ledger/transfers/T2026081458416E633E0E7AA5 - 200 - 14ms[39m
[32m[Nest] 26296  - [39m2026/08/14 10:10:54 [32m    LOG[39m [38;5;3m[LoggingInterceptor] [39m[32mGET /api/ext/ledger/transfers/T2026081458416E633E0E7AA5 - 200 - 14ms[39m
[32m[Nest] 26296  - [39m2026/08/14 10:10:54 [32m    LOG[39m [38;5;3m[LoggingInterceptor] [39m[32mGET /api/ext/ledger/transfers/T20260814BE0A4C30DB734B47 - 200 - 12ms[39m
[32m[Nest] 26296  - [39m2026/08/14 10:10:54 [32m    LOG[39m [38;5;3m[LoggingInterceptor] [39m[32mGET /api/ext/ledger/transfers/T20260814BE0A4C30DB734B47 - 200 - 13ms[39m
[32m[Nest] 26296  - [39m2026/08/14 10:10:54 [32m    LOG[39m [38;5;3m[LoggingInterceptor] [39m[32mGET /api/ext/ledger/transfers/T202608140311464F05746B31 - 200 - 12ms[39m
[32m[Nest] 26296  - [39m2026/08/14 10:10:54 [32m    LOG[39m [38;5;3m[LoggingInterceptor] [39m[32mGET /api/ext/ledger/transfers/T202608140311464F05746B31 - 200 - 12ms[39m
[32m[Nest] 26296  - [39m2026/08/14 10:10:54 [32m    LOG[39m [38;5;3m[LoggingInterceptor] [39m[32mGET /api/ext/ledger/transfers/T202608145601E99CBD2BEF93 - 200 - 13ms[39m
[32m[Nest] 26296  - [39m2026/08/14 10:10:54 [32m    LOG[39m [38;5;3m[LoggingInterceptor] [39m[32mGET /api/ext/ledger/transfers/T202608145601E99CBD2BEF93 - 200 - 13ms[39m
[32m[Nest] 26296  - [39m2026/08/14 10:10:54 [32m    LOG[39m [38;5;3m[LoggingInterceptor] [39m[32mGET /api/ext/ledger/transfers/T202608142B74F83E103B547F - 200 - 13ms[39m
[32m[Nest] 26296  - [39m2026/08/14 10:10:54 [32m    LOG[39m [38;5;3m[LoggingInterceptor] [39m[32mGET /api/ext/ledger/transfers/T202608142B74F83E103B547F - 200 - 13ms[39m
[32m[Nest] 26296  - [39m2026/08/14 10:10:54 [32m    LOG[39m [38;5;3m[LoggingInterceptor] [39m[32mGET /api/ext/ledger/transfers/T2026081419333A9C6FA81186 - 200 - 15ms[39m
[32m[Nest] 26296  - [39m2026/08/14 10:10:54 [32m    LOG[39m [38;5;3m[LoggingInterceptor] [39m[32mGET /api/ext/ledger/transfers/T2026081419333A9C6FA81186 - 200 - 15ms[39m
[32m[Nest] 26296  - [39m2026/08/14 10:10:54 [32m    LOG[39m [38;5;3m[LoggingInterceptor] [39m[32mGET /api/ext/ledger/transfers/T2026081415717C8A2328F66F - 200 - 14ms[39m
[32m[Nest] 26296  - [39m2026/08/14 10:10:54 [32m    LOG[39m [38;5;3m[LoggingInterceptor] [39m[32mGET /api/ext/ledger/transfers/T2026081415717C8A2328F66F - 200 - 14ms[39m
[32m[Nest] 26296  - [39m2026/08/14 10:10:54 [32m    LOG[39m [38;5;3m[LoggingInterceptor] [39m[32mGET /api/ext/ledger/transfers/T20260814B6CB8C73407699AA - 200 - 14ms[39m
[32m[Nest] 26296  - [39m2026/08/14 10:10:54 [32m    LOG[39m [38;5;3m[LoggingInterceptor] [39m[32mGET /api/ext/ledger/transfers/T20260814B6CB8C73407699AA - 200 - 14ms[39m
[32m[Nest] 26296  - [39m2026/08/14 10:10:54 [32m    LOG[39m [38;5;3m[LoggingInterceptor] [39m[32mGET /api/ext/ledger/transfers/T20260814C2986FAC1C9594F1 - 200 - 3ms[39m
[32m[Nest] 26296  - [39m2026/08/14 10:10:54 [32m    LOG[39m [38;5;3m[LoggingInterceptor] [39m[32mGET /api/ext/ledger/transfers/T20260814C2986FAC1C9594F1 - 200 - 3ms[39m
[32m[Nest] 26296  - [39m2026/08/14 10:10:54 [32m    LOG[39m [38;5;3m[LoggingInterceptor] [39m[32mGET /api/ext/ledger/transfers/T202608140DD2DCAB080B4274 - 200 - 6ms[39m
[32m[Nest] 26296  - [39m2026/08/14 10:10:54 [32m    LOG[39m [38;5;3m[LoggingInterceptor] [39m[32mGET /api/ext/ledger/transfers/T202608140DD2DCAB080B4274 - 200 - 6ms[39m
[32m[Nest] 26296  - [39m2026/08/14 10:10:54 [32m    LOG[39m [38;5;3m[LoggingInterceptor] [39m[32mGET /api/ext/ledger/transfers/T20260814BEE70A7D0923AE41 - 200 - 5ms[39m
[32m[Nest] 26296  - [39m2026/08/14 10:10:54 [32m    LOG[39m [38;5;3m[LoggingInterceptor] [39m[32mGET /api/ext/ledger/transfers/T20260814BEE70A7D0923AE41 - 200 - 5ms[39m
[32m[Nest] 26296  - [39m2026/08/14 10:10:54 [32m    LOG[39m [38;5;3m[LoggingInterceptor] [39m[32mGET /api/ext/ledger/transfers/T20260814CFA72E00D6D2EE33 - 200 - 4ms[39m
[32m[Nest] 26296  - [39m2026/08/14 10:10:54 [32m    LOG[39m [38;5;3m[LoggingInterceptor] [39m[32mGET /api/ext/ledger/transfers/T20260814CFA72E00D6D2EE33 - 200 - 4ms[39m
[32m[Nest] 26296  - [39m2026/08/14 10:10:54 [32m    LOG[39m [38;5;3m[LoggingInterceptor] [39m[32mGET /api/ext/ledger/transfers/T20260814B944926303D36E86 - 200 - 4ms[39m
[32m[Nest] 26296  - [39m2026/08/14 10:10:54 [32m    LOG[39m [38;5;3m[LoggingInterceptor] [39m[32mGET /api/ext/ledger/transfers/T20260814B944926303D36E86 - 200 - 4ms[39m
[32m[Nest] 26296  - [39m2026/08/14 10:10:54 [32m    LOG[39m [38;5;3m[LoggingInterceptor] [39m[32mGET /api/ext/ledger/transfers/T20260814C4ABF8576B8EBE62 - 200 - 8ms[39m
[32m[Nest] 26296  - [39m2026/08/14 10:10:54 [32m    LOG[39m [38;5;3m[LoggingInterceptor] [39m[32mGET /api/ext/ledger/transfers/T20260814C4ABF8576B8EBE62 - 200 - 8ms[39m
[32m[Nest] 26296  - [39m2026/08/14 10:10:54 [32m    LOG[39m [38;5;3m[LoggingInterceptor] [39m[32mGET /api/ext/ledger/transfers/T20260814C45BD39545BC4C81 - 200 - 7ms[39m
[32m[Nest] 26296  - [39m2026/08/14 10:10:54 [32m    LOG[39m [38;5;3m[LoggingInterceptor] [39m[32mGET /api/ext/ledger/transfers/T20260814C45BD39545BC4C81 - 200 - 7ms[39m
[32m[Nest] 26296  - [39m2026/08/14 10:10:54 [32m    LOG[39m [38;5;3m[LoggingInterceptor] [39m[32mGET /api/ext/ledger/transfers/T202608141A91135C4061A81B - 200 - 7ms[39m
[32m[Nest] 26296  - [39m2026/08/14 10:10:54 [32m    LOG[39m [38;5;3m[LoggingInterceptor] [39m[32mGET /api/ext/ledger/transfers/T202608141A91135C4061A81B - 200 - 8ms[39m
[32m[Nest] 26296  - [39m2026/08/14 10:10:54 [32m    LOG[39m [38;5;3m[LoggingInterceptor] [39m[32mGET /api/ext/ledger/transfers/T202608144898B840BDFF8CB0 - 200 - 8ms[39m
[32m[Nest] 26296  - [39m2026/08/14 10:10:54 [32m    LOG[39m [38;5;3m[LoggingInterceptor] [39m[32mGET /api/ext/ledger/transfers/T202608144898B840BDFF8CB0 - 200 - 8ms[39m
[32m[Nest] 26296  - [39m2026/08/14 10:10:54 [32m    LOG[39m [38;5;3m[LoggingInterceptor] [39m[32mGET /api/ext/ledger/transfers/T20260814941ABE2F2E4F07F9 - 200 - 7ms[39m
[32m[Nest] 26296  - [39m2026/08/14 10:10:54 [32m    LOG[39m [38;5;3m[LoggingInterceptor] [39m[32mGET /api/ext/ledger/transfers/T20260814941ABE2F2E4F07F9 - 200 - 7ms[39m
[32m[Nest] 26296  - [39m2026/08/14 10:10:54 [32m    LOG[39m [38;5;3m[LoggingInterceptor] [39m[32mGET /api/ext/ledger/transfers/T2026081482D5E90DC9365B3D - 200 - 7ms[39m
[32m[Nest] 26296  - [39m2026/08/14 10:10:54 [32m    LOG[39m [38;5;3m[LoggingInterceptor] [39m[32mGET /api/ext/ledger/transfers/T2026081482D5E90DC9365B3D - 200 - 7ms[39m
[32m[Nest] 26296  - [39m2026/08/14 10:10:54 [32m    LOG[39m [38;5;3m[LoggingInterceptor] [39m[32mGET /api/ext/ledger/transfers/T20260814BE366E4396D50EAA - 200 - 6ms[39m
[32m[Nest] 26296  - [39m2026/08/14 10:10:54 [32m    LOG[39m [38;5;3m[LoggingInterceptor] [39m[32mGET /api/ext/ledger/transfers/T20260814BE366E4396D50EAA - 200 - 6ms[39m
[32m[Nest] 26296  - [39m2026/08/14 10:10:54 [32m    LOG[39m [38;5;3m[LoggingInterceptor] [39m[32mGET /api/ext/ledger/transfers/T2026081472A9F54632E29740 - 200 - 5ms[39m
[32m[Nest] 26296  - [39m2026/08/14 10:10:54 [32m    LOG[39m [38;5;3m[LoggingInterceptor] [39m[32mGET /api/ext/ledger/transfers/T2026081472A9F54632E29740 - 200 - 6ms[39m
[32m[Nest] 26296  - [39m2026/08/14 10:10:54 [32m    LOG[39m [38;5;3m[LoggingInterceptor] [39m[32mGET /api/ext/ledger/transfers/T20260814E18C2BB1B900F653 - 200 - 5ms[39m
[32m[Nest] 26296  - [39m2026/08/14 10:10:54 [32m    LOG[39m [38;5;3m[LoggingInterceptor] [39m[32mGET /api/ext/ledger/transfers/T20260814E18C2BB1B900F653 - 200 - 6ms[39m
[32m[Nest] 26296  - [39m2026/08/14 10:10:54 [32m    LOG[39m [38;5;3m[LoggingInterceptor] [39m[32mGET /api/ext/ledger/transfers/T202608149248BEBD10FAFFEC - 200 - 6ms[39m
[32m[Nest] 26296  - [39m2026/08/14 10:10:54 [32m    LOG[39m [38;5;3m[LoggingInterceptor] [39m[32mGET /api/ext/ledger/transfers/T202608149248BEBD10FAFFEC - 200 - 6ms[39m
[32m[Nest] 26296  - [39m2026/08/14 10:10:54 [32m    LOG[39m [38;5;3m[LoggingInterceptor] [39m[32mGET /api/ext/ledger/transfers/T2026081439393D9689B0D46B - 200 - 6ms[39m
[32m[Nest] 26296  - [39m2026/08/14 10:10:54 [32m    LOG[39m [38;5;3m[LoggingInterceptor] [39m[32mGET /api/ext/ledger/transfers/T2026081439393D9689B0D46B - 200 - 6ms[39m
[32m[Nest] 26296  - [39m2026/08/14 10:10:54 [32m    LOG[39m [38;5;3m[LoggingInterceptor] [39m[32mGET /api/ext/ledger/transfers/T202608140C23E6F2D113BC44 - 200 - 6ms[39m
[32m[Nest] 26296  - [39m2026/08/14 10:10:54 [32m    LOG[39m [38;5;3m[LoggingInterceptor] [39m[32mGET /api/ext/ledger/transfers/T202608140C23E6F2D113BC44 - 200 - 6ms[39m
[32m[Nest] 26296  - [39m2026/08/14 10:10:54 [32m    LOG[39m [38;5;3m[LoggingInterceptor] [39m[32mGET /api/ext/ledger/transfers/T2026081430F593FBB76EB699 - 200 - 6ms[39m
[32m[Nest] 26296  - [39m2026/08/14 10:10:54 [32m    LOG[39m [38;5;3m[LoggingInterceptor] [39m[32mGET /api/ext/ledger/transfers/T2026081430F593FBB76EB699 - 200 - 6ms[39m
[32m[Nest] 26296  - [39m2026/08/14 10:10:54 [32m    LOG[39m [38;5;3m[LoggingInterceptor] [39m[32mGET /api/ext/ledger/transfers/T20260814888B4E24318AD146 - 200 - 6ms[39m
[32m[Nest] 26296  - [39m2026/08/14 10:10:54 [32m    LOG[39m [38;5;3m[LoggingInterceptor] [39m[32mGET /api/ext/ledger/transfers/T20260814888B4E24318AD146 - 200 - 6ms[39m
[32m[Nest] 26296  - [39m2026/08/14 10:10:54 [32m    LOG[39m [38;5;3m[LoggingInterceptor] [39m[32mGET /api/ext/ledger/transfers/T20260814C05015A6CA34EE5D - 200 - 5ms[39m
[32m[Nest] 26296  - [39m2026/08/14 10:10:54 [32m    LOG[39m [38;5;3m[LoggingInterceptor] [39m[32mGET /api/ext/ledger/transfers/T20260814C05015A6CA34EE5D - 200 - 5ms[39m
[32m[Nest] 26296  - [39m2026/08/14 10:10:54 [32m    LOG[39m [38;5;3m[LoggingInterceptor] [39m[32mGET /api/ext/ledger/transfers/T20260814C872782A91868807 - 200 - 4ms[39m
[32m[Nest] 26296  - [39m2026/08/14 10:10:54 [32m    LOG[39m [38;5;3m[LoggingInterceptor] [39m[32mGET /api/ext/ledger/transfers/T20260814C872782A91868807 - 200 - 5ms[39m
[32m[Nest] 26296  - [39m2026/08/14 10:10:54 [32m    LOG[39m [38;5;3m[LoggingInterceptor] [39m[32mGET /api/ext/ledger/transfers/T20260814CBC9EA5D016CB7F7 - 200 - 2ms[39m
[32m[Nest] 26296  - [39m2026/08/14 10:10:54 [32m    LOG[39m [38;5;3m[LoggingInterceptor] [39m[32mGET /api/ext/ledger/transfers/T20260814CBC9EA5D016CB7F7 - 200 - 2ms[39m
[32m[Nest] 26296  - [39m2026/08/14 10:10:54 [32m    LOG[39m [38;5;3m[LoggingInterceptor] [39m[32mGET /api/ext/ledger/transfers/T2026081402AF71A323230A39 - 200 - 2ms[39m
[32m[Nest] 26296  - [39m2026/08/14 10:10:54 [32m    LOG[39m [38;5;3m[LoggingInterceptor] [39m[32mGET /api/ext/ledger/transfers/T2026081402AF71A323230A39 - 200 - 2ms[39m
[32m[Nest] 26296  - [39m2026/08/14 10:10:54 [32m    LOG[39m [38;5;3m[LoggingInterceptor] [39m[32mGET /api/ext/ledger/transfers/T20260814EE3B9776A9BF17C5 - 200 - 3ms[39m
[32m[Nest] 26296  - [39m2026/08/14 10:10:54 [32m    LOG[39m [38;5;3m[LoggingInterceptor] [39m[32mGET /api/ext/ledger/transfers/T20260814EE3B9776A9BF17C5 - 200 - 3ms[39m
[32m[Nest] 26296  - [39m2026/08/14 10:10:54 [32m    LOG[39m [38;5;3m[LoggingInterceptor] [39m[32mGET /api/ext/ledger/transfers/T20260814133AE71E8D2D6533 - 200 - 11ms[39m
[32m[Nest] 26296  - [39m2026/08/14 10:10:54 [32m    LOG[39m [38;5;3m[LoggingInterceptor] [39m[32mGET /api/ext/ledger/transfers/T20260814133AE71E8D2D6533 - 200 - 11ms[39m
[32m[Nest] 26296  - [39m2026/08/14 10:10:54 [32m    LOG[39m [38;5;3m[LoggingInterceptor] [39m[32mGET /api/ext/ledger/transfers/T202608146C03F55723A47464 - 200 - 11ms[39m
[32m[Nest] 26296  - [39m2026/08/14 10:10:54 [32m    LOG[39m [38;5;3m[LoggingInterceptor] [39m[32mGET /api/ext/ledger/transfers/T202608146C03F55723A47464 - 200 - 11ms[39m
[32m[Nest] 26296  - [39m2026/08/14 10:10:54 [32m    LOG[39m [38;5;3m[LoggingInterceptor] [39m[32mGET /api/ext/ledger/transfers/T20260814712BAD986765A027 - 200 - 10ms[39m
[32m[Nest] 26296  - [39m2026/08/14 10:10:54 [32m    LOG[39m [38;5;3m[LoggingInterceptor] [39m[32mGET /api/ext/ledger/transfers/T20260814712BAD986765A027 - 200 - 10ms[39m
[32m[Nest] 26296  - [39m2026/08/14 10:10:54 [32m    LOG[39m [38;5;3m[LoggingInterceptor] [39m[32mGET /api/ext/ledger/transfers/T20260814E47FCEFF5CFCDA87 - 200 - 10ms[39m
[32m[Nest] 26296  - [39m2026/08/14 10:10:54 [32m    LOG[39m [38;5;3m[LoggingInterceptor] [39m[32mGET /api/ext/ledger/transfers/T20260814E47FCEFF5CFCDA87 - 200 - 10ms[39m
[32m[Nest] 26296  - [39m2026/08/14 10:10:54 [32m    LOG[39m [38;5;3m[LoggingInterceptor] [39m[32mGET /api/ext/ledger/transfers/T20260814FCB187981C57F9DB - 200 - 9ms[39m
[32m[Nest] 26296  - [39m2026/08/14 10:10:54 [32m    LOG[39m [38;5;3m[LoggingInterceptor] [39m[32mGET /api/ext/ledger/transfers/T20260814FCB187981C57F9DB - 200 - 9ms[39m
[32m[Nest] 26296  - [39m2026/08/14 10:10:54 [32m    LOG[39m [38;5;3m[LoggingInterceptor] [39m[32mGET /api/ext/ledger/transfers/T2026081465A1C7EE5ED531B9 - 200 - 8ms[39m
[32m[Nest] 26296  - [39m2026/08/14 10:10:54 [32m    LOG[39m [38;5;3m[LoggingInterceptor] [39m[32mGET /api/ext/ledger/transfers/T2026081465A1C7EE5ED531B9 - 200 - 8ms[39m
[32m[Nest] 26296  - [39m2026/08/14 10:10:54 [32m    LOG[39m [38;5;3m[LoggingInterceptor] [39m[32mGET /api/ext/ledger/transfers/T20260814DA5ED227B6F91B1C - 200 - 7ms[39m
[32m[Nest] 26296  - [39m2026/08/14 10:10:54 [32m    LOG[39m [38;5;3m[LoggingInterceptor] [39m[32mGET /api/ext/ledger/transfers/T20260814DA5ED227B6F91B1C - 200 - 8ms[39m
[32m[Nest] 26296  - [39m2026/08/14 10:10:54 [32m    LOG[39m [38;5;3m[LoggingInterceptor] [39m[32mGET /api/ext/ledger/transfers/T20260814EBD11EE64381F97F - 200 - 9ms[39m
[32m[Nest] 26296  - [39m2026/08/14 10:10:54 [32m    LOG[39m [38;5;3m[LoggingInterceptor] [39m[32mGET /api/ext/ledger/transfers/T20260814EBD11EE64381F97F - 200 - 10ms[39m
[32m[Nest] 26296  - [39m2026/08/14 10:10:54 [32m    LOG[39m [38;5;3m[LoggingInterceptor] [39m[32mGET /api/ext/ledger/transfers/T20260814344383A618F66392 - 200 - 8ms[39m
[32m[Nest] 26296  - [39m2026/08/14 10:10:54 [32m    LOG[39m [38;5;3m[LoggingInterceptor] [39m[32mGET /api/ext/ledger/transfers/T20260814344383A618F66392 - 200 - 8ms[39m
[32m[Nest] 26296  - [39m2026/08/14 10:10:54 [32m    LOG[39m [38;5;3m[LoggingInterceptor] [39m[32mGET /api/ext/ledger/transfers/T20260814063AF99F89245D97 - 200 - 7ms[39m
[32m[Nest] 26296  - [39m2026/08/14 10:10:54 [32m    LOG[39m [38;5;3m[LoggingInterceptor] [39m[32mGET /api/ext/ledger/transfers/T20260814063AF99F89245D97 - 200 - 8ms[39m
[32m[Nest] 26296  - [39m2026/08/14 10:10:54 [32m    LOG[39m [38;5;3m[LoggingInterceptor] [39m[32mGET /api/ext/ledger/transfers/T202608148FCED83E559C6717 - 200 - 6ms[39m
[32m[Nest] 26296  - [39m2026/08/14 10:10:54 [32m    LOG[39m [38;5;3m[LoggingInterceptor] [39m[32mGET /api/ext/ledger/transfers/T202608148FCED83E559C6717 - 200 - 6ms[39m
[32m[Nest] 26296  - [39m2026/08/14 10:10:54 [32m    LOG[39m [38;5;3m[LoggingInterceptor] [39m[32mGET /api/ext/ledger/transfers/T202608146807F1AB7B55AEDB - 200 - 4ms[39m
[32m[Nest] 26296  - [39m2026/08/14 10:10:54 [32m    LOG[39m [38;5;3m[LoggingInterceptor] [39m[32mGET /api/ext/ledger/transfers/T202608146807F1AB7B55AEDB - 200 - 4ms[39m
[32m[Nest] 26296  - [39m2026/08/14 10:10:54 [32m    LOG[39m [38;5;3m[LoggingInterceptor] [39m[32mGET /api/ext/ledger/transfers/T20260814B41B485A6B9B8170 - 200 - 3ms[39m
[32m[Nest] 26296  - [39m2026/08/14 10:10:54 [32m    LOG[39m [38;5;3m[LoggingInterceptor] [39m[32mGET /api/ext/ledger/transfers/T20260814B41B485A6B9B8170 - 200 - 3ms[39m
[32m[Nest] 26296  - [39m2026/08/14 10:10:54 [32m    LOG[39m [38;5;3m[LoggingInterceptor] [39m[32mGET /api/ext/ledger/transfers/T20260814BE0A4C30DB734B47 - 200 - 4ms[39m
[32m[Nest] 26296  - [39m2026/08/14 10:10:54 [32m    LOG[39m [38;5;3m[LoggingInterceptor] [39m[32mGET /api/ext/ledger/transfers/T20260814BE0A4C30DB734B47 - 200 - 4ms[39m
[32m[Nest] 26296  - [39m2026/08/14 10:10:54 [32m    LOG[39m [38;5;3m[LoggingInterceptor] [39m[32mGET /api/ext/ledger/transfers/T202608145601E99CBD2BEF93 - 200 - 3ms[39m
[32m[Nest] 26296  - [39m2026/08/14 10:10:54 [32m    LOG[39m [38;5;3m[LoggingInterceptor] [39m[32mGET /api/ext/ledger/transfers/T202608145601E99CBD2BEF93 - 200 - 3ms[39m
[32m[Nest] 26296  - [39m2026/08/14 10:10:54 [32m    LOG[39m [38;5;3m[LoggingInterceptor] [39m[32mGET /api/ext/ledger/transfers/T202608142B74F83E103B547F - 200 - 2ms[39m
[32m[Nest] 26296  - [39m2026/08/14 10:10:54 [32m    LOG[39m [38;5;3m[LoggingInterceptor] [39m[32mGET /api/ext/ledger/transfers/T202608142B74F83E103B547F - 200 - 2ms[39m
[32m[Nest] 26296  - [39m2026/08/14 10:10:54 [32m    LOG[39m [38;5;3m[LoggingInterceptor] [39m[32mGET /api/ext/ledger/transfers/T2026081419333A9C6FA81186 - 200 - 2ms[39m
[32m[Nest] 26296  - [39m2026/08/14 10:10:54 [32m    LOG[39m [38;5;3m[LoggingInterceptor] [39m[32mGET /api/ext/ledger/transfers/T2026081419333A9C6FA81186 - 200 - 3ms[39m
[32m[Nest] 26296  - [39m2026/08/14 10:10:54 [32m    LOG[39m [38;5;3m[LoggingInterceptor] [39m[32mGET /api/ext/ledger/transfers/T20260814B6CB8C73407699AA - 200 - 2ms[39m
[32m[Nest] 26296  - [39m2026/08/14 10:10:54 [32m    LOG[39m [38;5;3m[LoggingInterceptor] [39m[32mGET /api/ext/ledger/transfers/T20260814B6CB8C73407699AA - 200 - 2ms[39m
[32m[Nest] 26296  - [39m2026/08/14 10:10:54 [32m    LOG[39m [38;5;3m[LoggingInterceptor] [39m[32mGET /api/ext/ledger/transfers/T20260814C2986FAC1C9594F1 - 200 - 1ms[39m
[32m[Nest] 26296  - [39m2026/08/14 10:10:54 [32m    LOG[39m [38;5;3m[LoggingInterceptor] [39m[32mGET /api/ext/ledger/transfers/T20260814C2986FAC1C9594F1 - 200 - 1ms[39m
[32m[Nest] 26296  - [39m2026/08/14 10:10:54 [32m    LOG[39m [38;5;3m[LoggingInterceptor] [39m[32mGET /api/ext/ledger/transfers/T20260814BEE70A7D0923AE41 - 200 - 2ms[39m
[32m[Nest] 26296  - [39m2026/08/14 10:10:54 [32m    LOG[39m [38;5;3m[LoggingInterceptor] [39m[32mGET /api/ext/ledger/transfers/T20260814BEE70A7D0923AE41 - 200 - 2ms[39m
[32m[Nest] 26296  - [39m2026/08/14 10:10:54 [32m    LOG[39m [38;5;3m[LoggingInterceptor] [39m[32mGET /api/ext/ledger/transfers/T20260814CFA72E00D6D2EE33 - 200 - 1ms[39m
[32m[Nest] 26296  - [39m2026/08/14 10:10:54 [32m    LOG[39m [38;5;3m[LoggingInterceptor] [39m[32mGET /api/ext/ledger/transfers/T20260814CFA72E00D6D2EE33 - 200 - 2ms[39m
[32m[Nest] 26296  - [39m2026/08/14 10:10:54 [32m    LOG[39m [38;5;3m[LoggingInterceptor] [39m[32mGET /api/ext/ledger/transfers/T20260814B944926303D36E86 - 200 - 2ms[39m
[32m[Nest] 26296  - [39m2026/08/14 10:10:54 [32m    LOG[39m [38;5;3m[LoggingInterceptor] [39m[32mGET /api/ext/ledger/transfers/T20260814B944926303D36E86 - 200 - 2ms[39m
[32m[Nest] 26296  - [39m2026/08/14 10:10:54 [32m    LOG[39m [38;5;3m[LoggingInterceptor] [39m[32mGET /api/ext/ledger/transfers/T20260814C45BD39545BC4C81 - 200 - 4ms[39m
[32m[Nest] 26296  - [39m2026/08/14 10:10:54 [32m    LOG[39m [38;5;3m[LoggingInterceptor] [39m[32mGET /api/ext/ledger/transfers/T20260814C45BD39545BC4C81 - 200 - 4ms[39m
[32m[Nest] 26296  - [39m2026/08/14 10:10:54 [32m    LOG[39m [38;5;3m[LoggingInterceptor] [39m[32mGET /api/ext/ledger/transfers/T202608141A91135C4061A81B - 200 - 3ms[39m
[32m[Nest] 26296  - [39m2026/08/14 10:10:54 [32m    LOG[39m [38;5;3m[LoggingInterceptor] [39m[32mGET /api/ext/ledger/transfers/T202608141A91135C4061A81B - 200 - 3ms[39m
[32m[Nest] 26296  - [39m2026/08/14 10:10:54 [32m    LOG[39m [38;5;3m[LoggingInterceptor] [39m[32mGET /api/ext/ledger/transfers/T202608144898B840BDFF8CB0 - 200 - 4ms[39m
[32m[Nest] 26296  - [39m2026/08/14 10:10:54 [32m    LOG[39m [38;5;3m[LoggingInterceptor] [39m[32mGET /api/ext/ledger/transfers/T202608144898B840BDFF8CB0 - 200 - 4ms[39m
[32m[Nest] 26296  - [39m2026/08/14 10:10:54 [32m    LOG[39m [38;5;3m[LoggingInterceptor] [39m[32mGET /api/ext/ledger/transfers/T20260814941ABE2F2E4F07F9 - 200 - 3ms[39m
[32m[Nest] 26296  - [39m2026/08/14 10:10:54 [32m    LOG[39m [38;5;3m[LoggingInterceptor] [39m[32mGET /api/ext/ledger/transfers/T20260814941ABE2F2E4F07F9 - 200 - 3ms[39m
[32m[Nest] 26296  - [39m2026/08/14 10:10:54 [32m    LOG[39m [38;5;3m[LoggingInterceptor] [39m[32mGET /api/ext/ledger/transfers/T2026081482D5E90DC9365B3D - 200 - 3ms[39m
[32m[Nest] 26296  - [39m2026/08/14 10:10:54 [32m    LOG[39m [38;5;3m[LoggingInterceptor] [39m[32mGET /api/ext/ledger/transfers/T2026081482D5E90DC9365B3D - 200 - 3ms[39m
[32m[Nest] 26296  - [39m2026/08/14 10:10:54 [32m    LOG[39m [38;5;3m[LoggingInterceptor] [39m[32mGET /api/ext/ledger/transfers/T20260814E18C2BB1B900F653 - 200 - 2ms[39m
[32m[Nest] 26296  - [39m2026/08/14 10:10:54 [32m    LOG[39m [38;5;3m[LoggingInterceptor] [39m[32mGET /api/ext/ledger/transfers/T20260814E18C2BB1B900F653 - 200 - 2ms[39m
[32m[Nest] 26296  - [39m2026/08/14 10:10:54 [32m    LOG[39m [38;5;3m[LoggingInterceptor] [39m[32mGET /api/ext/ledger/transfers/T202608140C23E6F2D113BC44 - 200 - 2ms[39m
[32m[Nest] 26296  - [39m2026/08/14 10:10:54 [32m    LOG[39m [38;5;3m[LoggingInterceptor] [39m[32mGET /api/ext/ledger/transfers/T202608140C23E6F2D113BC44 - 200 - 2ms[39m
[32m[Nest] 26296  - [39m2026/08/14 10:10:54 [32m    LOG[39m [38;5;3m[LoggingInterceptor] [39m[32mGET /api/ext/ledger/transfers/T2026081430F593FBB76EB699 - 200 - 2ms[39m
[32m[Nest] 26296  - [39m2026/08/14 10:10:54 [32m    LOG[39m [38;5;3m[LoggingInterceptor] [39m[32mGET /api/ext/ledger/transfers/T2026081430F593FBB76EB699 - 200 - 2ms[39m
[32m[Nest] 26296  - [39m2026/08/14 10:10:54 [32m    LOG[39m [38;5;3m[LoggingInterceptor] [39m[32mGET /api/ext/ledger/transfers/T20260814C872782A91868807 - 200 - 2ms[39m
[32m[Nest] 26296  - [39m2026/08/14 10:10:54 [32m    LOG[39m [38;5;3m[LoggingInterceptor] [39m[32mGET /api/ext/ledger/transfers/T20260814C872782A91868807 - 200 - 2ms[39m
[32m[Nest] 26296  - [39m2026/08/14 10:10:54 [32m    LOG[39m [38;5;3m[LoggingInterceptor] [39m[32mGET /api/ext/ledger/transfers/T20260814EE3B9776A9BF17C5 - 200 - 0ms[39m
[32m[Nest] 26296  - [39m2026/08/14 10:10:54 [32m    LOG[39m [38;5;3m[LoggingInterceptor] [39m[32mGET /api/ext/ledger/transfers/T20260814EE3B9776A9BF17C5 - 200 - 1ms[39m
[32m[Nest] 26296  - [39m2026/08/14 10:10:54 [32m    LOG[39m [38;5;3m[LoggingInterceptor] [39m[32mGET /api/ext/ledger/transfers/T202608146C03F55723A47464 - 200 - 4ms[39m
[32m[Nest] 26296  - [39m2026/08/14 10:10:54 [32m    LOG[39m [38;5;3m[LoggingInterceptor] [39m[32mGET /api/ext/ledger/transfers/T202608146C03F55723A47464 - 200 - 4ms[39m
[32m[Nest] 26296  - [39m2026/08/14 10:10:54 [32m    LOG[39m [38;5;3m[LoggingInterceptor] [39m[32mGET /api/ext/ledger/transfers/T20260814712BAD986765A027 - 200 - 3ms[39m
[32m[Nest] 26296  - [39m2026/08/14 10:10:54 [32m    LOG[39m [38;5;3m[LoggingInterceptor] [39m[32mGET /api/ext/ledger/transfers/T20260814712BAD986765A027 - 200 - 4ms[39m
[32m[Nest] 26296  - [39m2026/08/14 10:10:54 [32m    LOG[39m [38;5;3m[LoggingInterceptor] [39m[32mGET /api/ext/ledger/transfers/T20260814E47FCEFF5CFCDA87 - 200 - 4ms[39m
[32m[Nest] 26296  - [39m2026/08/14 10:10:54 [32m    LOG[39m [38;5;3m[LoggingInterceptor] [39m[32mGET /api/ext/ledger/transfers/T20260814E47FCEFF5CFCDA87 - 200 - 4ms[39m
[32m[Nest] 26296  - [39m2026/08/14 10:10:54 [32m    LOG[39m [38;5;3m[LoggingInterceptor] [39m[32mGET /api/ext/ledger/transfers/T20260814FCB187981C57F9DB - 200 - 4ms[39m
[32m[Nest] 26296  - [39m2026/08/14 10:10:54 [32m    LOG[39m [38;5;3m[LoggingInterceptor] [39m[32mGET /api/ext/ledger/transfers/T20260814FCB187981C57F9DB - 200 - 4ms[39m
[32m[Nest] 26296  - [39m2026/08/14 10:10:54 [32m    LOG[39m [38;5;3m[LoggingInterceptor] [39m[32mGET /api/ext/ledger/transfers/T2026081465A1C7EE5ED531B9 - 200 - 3ms[39m
[32m[Nest] 26296  - [39m2026/08/14 10:10:54 [32m    LOG[39m [38;5;3m[LoggingInterceptor] [39m[32mGET /api/ext/ledger/transfers/T2026081465A1C7EE5ED531B9 - 200 - 3ms[39m
[32m[Nest] 26296  - [39m2026/08/14 10:10:54 [32m    LOG[39m [38;5;3m[LoggingInterceptor] [39m[32mGET /api/ext/ledger/transfers/T20260814EBD11EE64381F97F - 200 - 4ms[39m
[32m[Nest] 26296  - [39m2026/08/14 10:10:54 [32m    LOG[39m [38;5;3m[LoggingInterceptor] [39m[32mGET /api/ext/ledger/transfers/T20260814EBD11EE64381F97F - 200 - 4ms[39m
[32m[Nest] 26296  - [39m2026/08/14 10:10:54 [32m    LOG[39m [38;5;3m[LoggingInterceptor] [39m[32mGET /api/ext/ledger/transfers/T20260814344383A618F66392 - 200 - 1ms[39m
[32m[Nest] 26296  - [39m2026/08/14 10:10:54 [32m    LOG[39m [38;5;3m[LoggingInterceptor] [39m[32mGET /api/ext/ledger/transfers/T20260814344383A618F66392 - 200 - 1ms[39m
[32m[Nest] 26296  - [39m2026/08/14 10:10:54 [32m    LOG[39m [38;5;3m[LoggingInterceptor] [39m[32mGET /api/ext/ledger/transfers/T20260814B41B485A6B9B8170 - 200 - 2ms[39m
[32m[Nest] 26296  - [39m2026/08/14 10:10:54 [32m    LOG[39m [38;5;3m[LoggingInterceptor] [39m[32mGET /api/ext/ledger/transfers/T20260814B41B485A6B9B8170 - 200 - 2ms[39m
[32m[Nest] 26296  - [39m2026/08/14 10:10:54 [32m    LOG[39m [38;5;3m[LoggingInterceptor] [39m[32mGET /api/ext/ledger/transfers/T202608145601E99CBD2BEF93 - 200 - 2ms[39m
[32m[Nest] 26296  - [39m2026/08/14 10:10:54 [32m    LOG[39m [38;5;3m[LoggingInterceptor] [39m[32mGET /api/ext/ledger/transfers/T202608145601E99CBD2BEF93 - 200 - 2ms[39m
[32m[Nest] 26296  - [39m2026/08/14 10:10:54 [32m    LOG[39m [38;5;3m[LoggingInterceptor] [39m[32mGET /api/ext/ledger/transfers/T202608142B74F83E103B547F - 200 - 1ms[39m
[32m[Nest] 26296  - [39m2026/08/14 10:10:54 [32m    LOG[39m [38;5;3m[LoggingInterceptor] [39m[32mGET /api/ext/ledger/transfers/T202608142B74F83E103B547F - 200 - 1ms[39m
[32m[Nest] 26296  - [39m2026/08/14 10:10:54 [32m    LOG[39m [38;5;3m[LoggingInterceptor] [39m[32mGET /api/ext/ledger/transfers/T20260814B6CB8C73407699AA - 200 - 2ms[39m
[32m[Nest] 26296  - [39m2026/08/14 10:10:54 [32m    LOG[39m [38;5;3m[LoggingInterceptor] [39m[32mGET /api/ext/ledger/transfers/T20260814B6CB8C73407699AA - 200 - 2ms[39m
[32m[Nest] 26296  - [39m2026/08/14 10:10:55 [32m    LOG[39m [38;5;3m[LoggingInterceptor] [39m[32mGET /api/ext/ledger/transfers/T20260814C45BD39545BC4C81 - 200 - 1ms[39m
[32m[Nest] 26296  - [39m2026/08/14 10:10:55 [32m    LOG[39m [38;5;3m[LoggingInterceptor] [39m[32mGET /api/ext/ledger/transfers/T20260814C45BD39545BC4C81 - 200 - 1ms[39m
[32m[Nest] 26296  - [39m2026/08/14 10:10:55 [32m    LOG[39m [38;5;3m[LoggingInterceptor] [39m[32mGET /api/ext/ledger/transfers/T2026081482D5E90DC9365B3D - 200 - 1ms[39m
[32m[Nest] 26296  - [39m2026/08/14 10:10:55 [32m    LOG[39m [38;5;3m[LoggingInterceptor] [39m[32mGET /api/ext/ledger/transfers/T2026081482D5E90DC9365B3D - 200 - 1ms[39m
[32m[Nest] 26296  - [39m2026/08/14 10:10:55 [32m    LOG[39m [38;5;3m[LoggingInterceptor] [39m[32mGET /api/ext/ledger/transfers/T20260814E18C2BB1B900F653 - 200 - 1ms[39m
[32m[Nest] 26296  - [39m2026/08/14 10:10:55 [32m    LOG[39m [38;5;3m[LoggingInterceptor] [39m[32mGET /api/ext/ledger/transfers/T20260814E18C2BB1B900F653 - 200 - 2ms[39m
[32m[Nest] 26296  - [39m2026/08/14 10:10:55 [32m    LOG[39m [38;5;3m[LoggingInterceptor] [39m[32mGET /api/ext/ledger/transfers/T202608140C23E6F2D113BC44 - 200 - 2ms[39m
[32m[Nest] 26296  - [39m2026/08/14 10:10:55 [32m    LOG[39m [38;5;3m[LoggingInterceptor] [39m[32mGET /api/ext/ledger/transfers/T202608140C23E6F2D113BC44 - 200 - 2ms[39m
[32m[Nest] 26296  - [39m2026/08/14 10:10:55 [32m    LOG[39m [38;5;3m[LoggingInterceptor] [39m[32mGET /api/ext/ledger/transfers/T20260814C872782A91868807 - 200 - 2ms[39m
[32m[Nest] 26296  - [39m2026/08/14 10:10:55 [32m    LOG[39m [38;5;3m[LoggingInterceptor] [39m[32mGET /api/ext/ledger/transfers/T20260814C872782A91868807 - 200 - 3ms[39m
[32m[Nest] 26296  - [39m2026/08/14 10:10:55 [32m    LOG[39m [38;5;3m[LoggingInterceptor] [39m[32mGET /api/ext/ledger/transfers/T20260814EE3B9776A9BF17C5 - 200 - 1ms[39m
[32m[Nest] 26296  - [39m2026/08/14 10:10:55 [32m    LOG[39m [38;5;3m[LoggingInterceptor] [39m[32mGET /api/ext/ledger/transfers/T20260814EE3B9776A9BF17C5 - 200 - 1ms[39m
[32m[Nest] 26296  - [39m2026/08/14 10:10:55 [32m    LOG[39m [38;5;3m[LoggingInterceptor] [39m[32mGET /api/ext/ledger/transfers/T202608146C03F55723A47464 - 200 - 3ms[39m
[32m[Nest] 26296  - [39m2026/08/14 10:10:55 [32m    LOG[39m [38;5;3m[LoggingInterceptor] [39m[32mGET /api/ext/ledger/transfers/T202608146C03F55723A47464 - 200 - 3ms[39m
[32m[Nest] 26296  - [39m2026/08/14 10:10:55 [32m    LOG[39m [38;5;3m[LoggingInterceptor] [39m[32mGET /api/ext/ledger/transfers/T2026081465A1C7EE5ED531B9 - 200 - 3ms[39m
[32m[Nest] 26296  - [39m2026/08/14 10:10:55 [32m    LOG[39m [38;5;3m[LoggingInterceptor] [39m[32mGET /api/ext/ledger/transfers/T2026081465A1C7EE5ED531B9 - 200 - 3ms[39m
[32m[Nest] 26296  - [39m2026/08/14 10:10:55 [32m    LOG[39m [38;5;3m[LoggingInterceptor] [39m[32mGET /api/ext/ledger/transfers/T20260814EBD11EE64381F97F - 200 - 3ms[39m
[32m[Nest] 26296  - [39m2026/08/14 10:10:55 [32m    LOG[39m [38;5;3m[LoggingInterceptor] [39m[32mGET /api/ext/ledger/transfers/T20260814EBD11EE64381F97F - 200 - 3ms[39m
[32m[Nest] 26296  - [39m2026/08/14 10:10:55 [32m    LOG[39m [38;5;3m[LoggingInterceptor] [39m[32mGET /api/ext/ledger/transfers/T20260814B41B485A6B9B8170 - 200 - 3ms[39m
[32m[Nest] 26296  - [39m2026/08/14 10:10:55 [32m    LOG[39m [38;5;3m[LoggingInterceptor] [39m[32mGET /api/ext/ledger/transfers/T20260814B41B485A6B9B8170 - 200 - 3ms[39m
[32m[Nest] 26296  - [39m2026/08/14 10:10:55 [32m    LOG[39m [38;5;3m[LoggingInterceptor] [39m[32mGET /api/ext/ledger/transfers/T202608145601E99CBD2BEF93 - 200 - 4ms[39m
[32m[Nest] 26296  - [39m2026/08/14 10:10:55 [32m    LOG[39m [38;5;3m[LoggingInterceptor] [39m[32mGET /api/ext/ledger/transfers/T202608145601E99CBD2BEF93 - 200 - 4ms[39m
[32m[Nest] 26296  - [39m2026/08/14 10:10:55 [32m    LOG[39m [38;5;3m[LoggingInterceptor] [39m[32mGET /api/ext/ledger/accounts/7cc807d9-4e5a-4ed9-8b31-b2688582e376 - 200 - 1ms[39m
[32m[Nest] 26296  - [39m2026/08/14 10:10:55 [32m    LOG[39m [38;5;3m[LoggingInterceptor] [39m[32mGET /api/ext/ledger/accounts/7cc807d9-4e5a-4ed9-8b31-b2688582e376 - 200 - 1ms[39m
[32m[Nest] 26296  - [39m2026/08/14 10:10:55 [32m    LOG[39m [38;5;3m[LoggingInterceptor] [39m[32mGET /api/ext/ledger/accounts/6485c72d-41c4-4c9a-903a-f0695c32043a - 200 - 1ms[39m
[32m[Nest] 26296  - [39m2026/08/14 10:10:55 [32m    LOG[39m [38;5;3m[LoggingInterceptor] [39m[32mGET /api/ext/ledger/accounts/6485c72d-41c4-4c9a-903a-f0695c32043a - 200 - 1ms[39m
[31m[Nest] 26296  - [39m2026/08/14 10:10:55 [31m  ERROR[39m [38;5;3m[AllExceptionsFilter] [39m[31m[POST] /api/ext/ledger/transfers - 500: 账户余额不足: 7cc807d9-4e5a-4ed9-8b31-b2688582e376（需要 1000，可用 0）[39m
InsufficientBalanceError: 账户余额不足: 7cc807d9-4e5a-4ed9-8b31-b2688582e376（需要 1000，可用 0）
    at E:\Moyan\moyan\moyan-mfw-workspace\workspace04\moyan-mfw\packages\extensions\extension-ledger\src\backend\dist\spi\impl\storage\transfer.storage.js:84:23
    at process.processTicksAndRejections (node:internal/process/task_queues:104:5)
    at async EntityManager.transaction (E:\Moyan\moyan\moyan-mfw-workspace\workspace04\moyan-mfw\node_modules\.pnpm\typeorm@0.3.28_mysql2@3.20._660c7ed14319c0fb0d4db2ac45bf3697\node_modules\typeorm\entity-manager\EntityManager.js:75:28)
    at async LedgerTransferService.createTransfer (E:\Moyan\moyan\moyan-mfw-workspace\workspace04\moyan-mfw\packages\extensions\extension-ledger\src\backend\dist\services\ledger-transfer.service.js:54:39)
    at async LedgerTransferController.create (E:\Moyan\moyan\moyan-mfw-workspace\workspace04\moyan-mfw\packages\extensions\extension-ledger\src\backend\dist\controller\ledger-transfer.controller.js:35:24)
[31m[Nest] 26296  - [39m2026/08/14 10:10:55 [31m  ERROR[39m [38;5;3m[AllExceptionsFilter] [39m[31m[POST] /api/ext/ledger/transfers - 500: 账户余额不足: 7cc807d9-4e5a-4ed9-8b31-b2688582e376（需要 1000，可用 0）[39m
InsufficientBalanceError: 账户余额不足: 7cc807d9-4e5a-4ed9-8b31-b2688582e376（需要 1000，可用 0）
    at E:\Moyan\moyan\moyan-mfw-workspace\workspace04\moyan-mfw\packages\extensions\extension-ledger\src\backend\dist\spi\impl\storage\transfer.storage.js:84:23
    at process.processTicksAndRejections (node:internal/process/task_queues:104:5)
    at async EntityManager.transaction (E:\Moyan\moyan\moyan-mfw-workspace\workspace04\moyan-mfw\node_modules\.pnpm\typeorm@0.3.28_mysql2@3.20._660c7ed14319c0fb0d4db2ac45bf3697\node_modules\typeorm\entity-manager\EntityManager.js:75:28)
    at async LedgerTransferService.createTransfer (E:\Moyan\moyan\moyan-mfw-workspace\workspace04\moyan-mfw\packages\extensions\extension-ledger\src\backend\dist\services\ledger-transfer.service.js:54:39)
    at async LedgerTransferController.create (E:\Moyan\moyan\moyan-mfw-workspace\workspace04\moyan-mfw\packages\extensions\extension-ledger\src\backend\dist\controller\ledger-transfer.controller.js:35:24)
[31m[Nest] 26296  - [39m2026/08/14 10:10:55 [31m  ERROR[39m [38;5;3m[AllExceptionsFilter] [39m[31m[POST] /api/ext/ledger/transfers - 500: 账户余额不足: 7cc807d9-4e5a-4ed9-8b31-b2688582e376（需要 1000，可用 0）[39m
InsufficientBalanceError: 账户余额不足: 7cc807d9-4e5a-4ed9-8b31-b2688582e376（需要 1000，可用 0）
    at E:\Moyan\moyan\moyan-mfw-workspace\workspace04\moyan-mfw\packages\extensions\extension-ledger\src\backend\dist\spi\impl\storage\transfer.storage.js:84:23
    at process.processTicksAndRejections (node:internal/process/task_queues:104:5)
    at async EntityManager.transaction (E:\Moyan\moyan\moyan-mfw-workspace\workspace04\moyan-mfw\node_modules\.pnpm\typeorm@0.3.28_mysql2@3.20._660c7ed14319c0fb0d4db2ac45bf3697\node_modules\typeorm\entity-manager\EntityManager.js:75:28)
    at async LedgerTransferService.createTransfer (E:\Moyan\moyan\moyan-mfw-workspace\workspace04\moyan-mfw\packages\extensions\extension-ledger\src\backend\dist\services\ledger-transfer.service.js:54:39)
    at async LedgerTransferController.create (E:\Moyan\moyan\moyan-mfw-workspace\workspace04\moyan-mfw\packages\extensions\extension-ledger\src\backend\dist\controller\ledger-transfer.controller.js:35:24)
[31m[Nest] 26296  - [39m2026/08/14 10:10:55 [31m  ERROR[39m [38;5;3m[AllExceptionsFilter] [39m[31m[POST] /api/ext/ledger/transfers - 500: 账户余额不足: 7cc807d9-4e5a-4ed9-8b31-b2688582e376（需要 1000，可用 0）[39m
InsufficientBalanceError: 账户余额不足: 7cc807d9-4e5a-4ed9-8b31-b2688582e376（需要 1000，可用 0）
    at E:\Moyan\moyan\moyan-mfw-workspace\workspace04\moyan-mfw\packages\extensions\extension-ledger\src\backend\dist\spi\impl\storage\transfer.storage.js:84:23
    at process.processTicksAndRejections (node:internal/process/task_queues:104:5)
    at async EntityManager.transaction (E:\Moyan\moyan\moyan-mfw-workspace\workspace04\moyan-mfw\node_modules\.pnpm\typeorm@0.3.28_mysql2@3.20._660c7ed14319c0fb0d4db2ac45bf3697\node_modules\typeorm\entity-manager\EntityManager.js:75:28)
    at async LedgerTransferService.createTransfer (E:\Moyan\moyan\moyan-mfw-workspace\workspace04\moyan-mfw\packages\extensions\extension-ledger\src\backend\dist\services\ledger-transfer.service.js:54:39)
    at async LedgerTransferController.create (E:\Moyan\moyan\moyan-mfw-workspace\workspace04\moyan-mfw\packages\extensions\extension-ledger\src\backend\dist\controller\ledger-transfer.controller.js:35:24)
[31m[Nest] 26296  - [39m2026/08/14 10:10:55 [31m  ERROR[39m [38;5;3m[AllExceptionsFilter] [39m[31m[POST] /api/ext/ledger/transfers - 500: 账户余额不足: 7cc807d9-4e5a-4ed9-8b31-b2688582e376（需要 1000，可用 0）[39m
InsufficientBalanceError: 账户余额不足: 7cc807d9-4e5a-4ed9-8b31-b2688582e376（需要 1000，可用 0）
    at E:\Moyan\moyan\moyan-mfw-workspace\workspace04\moyan-mfw\packages\extensions\extension-ledger\src\backend\dist\spi\impl\storage\transfer.storage.js:84:23
    at process.processTicksAndRejections (node:internal/process/task_queues:104:5)
    at async EntityManager.transaction (E:\Moyan\moyan\moyan-mfw-workspace\workspace04\moyan-mfw\node_modules\.pnpm\typeorm@0.3.28_mysql2@3.20._660c7ed14319c0fb0d4db2ac45bf3697\node_modules\typeorm\entity-manager\EntityManager.js:75:28)
    at async LedgerTransferService.createTransfer (E:\Moyan\moyan\moyan-mfw-workspace\workspace04\moyan-mfw\packages\extensions\extension-ledger\src\backend\dist\services\ledger-transfer.service.js:54:39)
    at async LedgerTransferController.create (E:\Moyan\moyan\moyan-mfw-workspace\workspace04\moyan-mfw\packages\extensions\extension-ledger\src\backend\dist\controller\ledger-transfer.controller.js:35:24)
[32m[Nest] 26296  - [39m2026/08/14 10:10:55 [32m    LOG[39m [38;5;3m[LedgerReconcileService] [39m[32m对账完成：17 个账户全部平衡（reportId=c4b1c6b1-8732-4b43-95ec-ca97bf10e616）[39m
[32m[Nest] 26296  - [39m2026/08/14 10:10:55 [32m    LOG[39m [38;5;3m[LoggingInterceptor] [39m[32mPOST /api/ext/ledger/reconcile - 201 - 10ms[39m
[32m[Nest] 26296  - [39m2026/08/14 10:10:55 [32m    LOG[39m [38;5;3m[LoggingInterceptor] [39m[32mPOST /api/ext/ledger/reconcile - 201 - 10ms[39m
[95m[Nest] 26296  - [39m2026/08/14 10:11:00 [95m  DEBUG[39m [38;5;3m[SchedulerEngineService] [39m[95m立即执行任务: demo.cron.hello (triggerType=1)[39m
[32m[Nest] 26296  - [39m2026/08/14 10:11:00 [32m    LOG[39m [38;5;3m[DemoCronTaskHandler] [39m[32m[示例Cron任务] 执行中... triggeredAt=2026-08-14T02:11:00.004Z[39m
[32m[Nest] 26296  - [39m2026/08/14 10:11:00 [32m    LOG[39m [38;5;3m[DemoCronTaskHandler] [39m[32m[示例Cron任务] 执行完成: 示例Cron任务执行成功[39m
[95m[Nest] 26296  - [39m2026/08/14 10:12:00 [95m  DEBUG[39m [38;5;3m[SchedulerEngineService] [39m[95m立即执行任务: demo.cron.hello (triggerType=1)[39m
[32m[Nest] 26296  - [39m2026/08/14 10:12:00 [32m    LOG[39m [38;5;3m[DemoCronTaskHandler] [39m[32m[示例Cron任务] 执行中... triggeredAt=2026-08-14T02:12:00.006Z[39m
[32m[Nest] 26296  - [39m2026/08/14 10:12:00 [32m    LOG[39m [38;5;3m[DemoCronTaskHandler] [39m[32m[示例Cron任务] 执行完成: 示例Cron任务执行成功[39m
[95m[Nest] 26296  - [39m2026/08/14 10:13:00 [95m  DEBUG[39m [38;5;3m[SchedulerEngineService] [39m[95m立即执行任务: demo.cron.hello (triggerType=1)[39m
[32m[Nest] 26296  - [39m2026/08/14 10:13:00 [32m    LOG[39m [38;5;3m[DemoCronTaskHandler] [39m[32m[示例Cron任务] 执行中... triggeredAt=2026-08-14T02:13:00.013Z[39m
[32m[Nest] 26296  - [39m2026/08/14 10:13:00 [32m    LOG[39m [38;5;3m[DemoCronTaskHandler] [39m[32m[示例Cron任务] 执行完成: 示例Cron任务执行成功[39m
[95m[Nest] 26296  - [39m2026/08/14 10:14:00 [95m  DEBUG[39m [38;5;3m[SchedulerEngineService] [39m[95m立即执行任务: demo.cron.hello (triggerType=1)[39m
[32m[Nest] 26296  - [39m2026/08/14 10:14:00 [32m    LOG[39m [38;5;3m[DemoCronTaskHandler] [39m[32m[示例Cron任务] 执行中... triggeredAt=2026-08-14T02:14:00.010Z[39m
[32m[Nest] 26296  - [39m2026/08/14 10:14:00 [32m    LOG[39m [38;5;3m[DemoCronTaskHandler] [39m[32m[示例Cron任务] 执行完成: 示例Cron任务执行成功[39m
[95m[Nest] 26296  - [39m2026/08/14 10:15:00 [95m  DEBUG[39m [38;5;3m[SchedulerEngineService] [39m[95m立即执行任务: demo.cron.hello (triggerType=1)[39m
[32m[Nest] 26296  - [39m2026/08/14 10:15:00 [32m    LOG[39m [38;5;3m[DemoCronTaskHandler] [39m[32m[示例Cron任务] 执行中... triggeredAt=2026-08-14T02:15:00.011Z[39m
[32m[Nest] 26296  - [39m2026/08/14 10:15:00 [32m    LOG[39m [38;5;3m[DemoCronTaskHandler] [39m[32m[示例Cron任务] 执行完成: 示例Cron任务执行成功[39m
[95m[Nest] 26296  - [39m2026/08/14 10:16:00 [95m  DEBUG[39m [38;5;3m[SchedulerEngineService] [39m[95m立即执行任务: demo.cron.hello (triggerType=1)[39m
[32m[Nest] 26296  - [39m2026/08/14 10:16:00 [32m    LOG[39m [38;5;3m[DemoCronTaskHandler] [39m[32m[示例Cron任务] 执行中... triggeredAt=2026-08-14T02:16:00.007Z[39m
[32m[Nest] 26296  - [39m2026/08/14 10:16:00 [32m    LOG[39m [38;5;3m[DemoCronTaskHandler] [39m[32m[示例Cron任务] 执行完成: 示例Cron任务执行成功[39m
[95m[Nest] 26296  - [39m2026/08/14 10:17:00 [95m  DEBUG[39m [38;5;3m[SchedulerEngineService] [39m[95m立即执行任务: demo.cron.hello (triggerType=1)[39m
[32m[Nest] 26296  - [39m2026/08/14 10:17:00 [32m    LOG[39m [38;5;3m[DemoCronTaskHandler] [39m[32m[示例Cron任务] 执行中... triggeredAt=2026-08-14T02:17:00.014Z[39m
[32m[Nest] 26296  - [39m2026/08/14 10:17:00 [32m    LOG[39m [38;5;3m[DemoCronTaskHandler] [39m[32m[示例Cron任务] 执行完成: 示例Cron任务执行成功[39m
[95m[Nest] 26296  - [39m2026/08/14 10:18:00 [95m  DEBUG[39m [38;5;3m[SchedulerEngineService] [39m[95m立即执行任务: demo.cron.hello (triggerType=1)[39m
[32m[Nest] 26296  - [39m2026/08/14 10:18:00 [32m    LOG[39m [38;5;3m[DemoCronTaskHandler] [39m[32m[示例Cron任务] 执行中... triggeredAt=2026-08-14T02:18:00.002Z[39m
[32m[Nest] 26296  - [39m2026/08/14 10:18:00 [32m    LOG[39m [38;5;3m[DemoCronTaskHandler] [39m[32m[示例Cron任务] 执行完成: 示例Cron任务执行成功[39m
[95m[Nest] 26296  - [39m2026/08/14 10:19:00 [95m  DEBUG[39m [38;5;3m[SchedulerEngineService] [39m[95m立即执行任务: demo.cron.hello (triggerType=1)[39m
[32m[Nest] 26296  - [39m2026/08/14 10:19:00 [32m    LOG[39m [38;5;3m[DemoCronTaskHandler] [39m[32m[示例Cron任务] 执行中... triggeredAt=2026-08-14T02:19:00.006Z[39m
[32m[Nest] 26296  - [39m2026/08/14 10:19:00 [32m    LOG[39m [38;5;3m[DemoCronTaskHandler] [39m[32m[示例Cron任务] 执行完成: 示例Cron任务执行成功[39m
[95m[Nest] 26296  - [39m2026/08/14 10:20:00 [95m  DEBUG[39m [38;5;3m[SchedulerEngineService] [39m[95m立即执行任务: demo.cron.hello (triggerType=1)[39m
[32m[Nest] 26296  - [39m2026/08/14 10:20:00 [32m    LOG[39m [38;5;3m[DemoCronTaskHandler] [39m[32m[示例Cron任务] 执行中... triggeredAt=2026-08-14T02:20:00.010Z[39m
[32m[Nest] 26296  - [39m2026/08/14 10:20:00 [32m    LOG[39m [38;5;3m[DemoCronTaskHandler] [39m[32m[示例Cron任务] 执行完成: 示例Cron任务执行成功[39m
[95m[Nest] 26296  - [39m2026/08/14 10:21:00 [95m  DEBUG[39m [38;5;3m[SchedulerEngineService] [39m[95m立即执行任务: demo.cron.hello (triggerType=1)[39m
[32m[Nest] 26296  - [39m2026/08/14 10:21:00 [32m    LOG[39m [38;5;3m[DemoCronTaskHandler] [39m[32m[示例Cron任务] 执行中... triggeredAt=2026-08-14T02:21:00.006Z[39m
[32m[Nest] 26296  - [39m2026/08/14 10:21:00 [32m    LOG[39m [38;5;3m[DemoCronTaskHandler] [39m[32m[示例Cron任务] 执行完成: 示例Cron任务执行成功[39m
[95m[Nest] 26296  - [39m2026/08/14 10:22:00 [95m  DEBUG[39m [38;5;3m[SchedulerEngineService] [39m[95m立即执行任务: demo.cron.hello (triggerType=1)[39m
[32m[Nest] 26296  - [39m2026/08/14 10:22:00 [32m    LOG[39m [38;5;3m[DemoCronTaskHandler] [39m[32m[示例Cron任务] 执行中... triggeredAt=2026-08-14T02:22:00.013Z[39m
[32m[Nest] 26296  - [39m2026/08/14 10:22:00 [32m    LOG[39m [38;5;3m[DemoCronTaskHandler] [39m[32m[示例Cron任务] 执行完成: 示例Cron任务执行成功[39m
[32m[Nest] 26296  - [39m2026/08/14 10:22:58 [32m    LOG[39m [38;5;3m[LoggingInterceptor] [39m[32mGET /api/install/status - 200 - 11ms[39m
[32m[Nest] 26296  - [39m2026/08/14 10:22:58 [32m    LOG[39m [38;5;3m[LoggingInterceptor] [39m[32mGET /api/install/status - 200 - 12ms[39m
[32m[Nest] 26296  - [39m2026/08/14 10:22:58 [32m    LOG[39m [38;5;3m[LoggingInterceptor] [39m[32mGET /api/permission-values - 200 - 1ms[39m
[32m[Nest] 26296  - [39m2026/08/14 10:22:58 [32m    LOG[39m [38;5;3m[LoggingInterceptor] [39m[32mGET /api/permission-values - 200 - 2ms[39m
[95m[Nest] 26296  - [39m2026/08/14 10:23:00 [95m  DEBUG[39m [38;5;3m[SchedulerEngineService] [39m[95m立即执行任务: demo.cron.hello (triggerType=1)[39m
[32m[Nest] 26296  - [39m2026/08/14 10:23:00 [32m    LOG[39m [38;5;3m[DemoCronTaskHandler] [39m[32m[示例Cron任务] 执行中... triggeredAt=2026-08-14T02:23:00.007Z[39m
[32m[Nest] 26296  - [39m2026/08/14 10:23:00 [32m    LOG[39m [38;5;3m[DemoCronTaskHandler] [39m[32m[示例Cron任务] 执行完成: 示例Cron任务执行成功[39m
[钩子] 用户登录前: admin
[钩子] 用户登录成功: admin
[32m[Nest] 26296  - [39m2026/08/14 10:23:21 [32m    LOG[39m [38;5;3m[LoggingInterceptor] [39m[32mPOST /api/auth/login - 200 - 225ms[39m
[32m[Nest] 26296  - [39m2026/08/14 10:23:21 [32m    LOG[39m [38;5;3m[LoggingInterceptor] [39m[32mPOST /api/auth/login - 200 - 225ms[39m
[32m[Nest] 26296  - [39m2026/08/14 10:23:21 [32m    LOG[39m [38;5;3m[LoggingInterceptor] [39m[32mPOST /api/auth/userinfo - 200 - 6ms[39m
[32m[Nest] 26296  - [39m2026/08/14 10:23:21 [32m    LOG[39m [38;5;3m[LoggingInterceptor] [39m[32mPOST /api/auth/userinfo - 200 - 7ms[39m
[32m[Nest] 26296  - [39m2026/08/14 10:23:21 [32m    LOG[39m [38;5;3m[LoggingInterceptor] [39m[32mGET /api/auth/apps - 200 - 4ms[39m
[32m[Nest] 26296  - [39m2026/08/14 10:23:21 [32m    LOG[39m [38;5;3m[LoggingInterceptor] [39m[32mGET /api/auth/apps - 200 - 5ms[39m
[32m[Nest] 26296  - [39m2026/08/14 10:23:22 [32m    LOG[39m [38;5;3m[LoggingInterceptor] [39m[32mGET /api/auth/apps - 200 - 2ms[39m
[32m[Nest] 26296  - [39m2026/08/14 10:23:22 [32m    LOG[39m [38;5;3m[LoggingInterceptor] [39m[32mGET /api/auth/apps - 200 - 3ms[39m
[32m[Nest] 26296  - [39m2026/08/14 10:23:23 [32m    LOG[39m [38;5;3m[LoggingInterceptor] [39m[32mGET /api/auth/permissions?appId=b24d49c6-240f-465e-916f-cf72812d5be3 - 200 - 6ms[39m
[32m[Nest] 26296  - [39m2026/08/14 10:23:23 [32m    LOG[39m [38;5;3m[LoggingInterceptor] [39m[32mGET /api/auth/permissions?appId=b24d49c6-240f-465e-916f-cf72812d5be3 - 200 - 6ms[39m
[32m[Nest] 26296  - [39m2026/08/14 10:23:23 [32m    LOG[39m [38;5;3m[LoggingInterceptor] [39m[32mGET /api/auth/permissions?appId=b24d49c6-240f-465e-916f-cf72812d5be3 - 200 - 3ms[39m
[32m[Nest] 26296  - [39m2026/08/14 10:23:23 [32m    LOG[39m [38;5;3m[LoggingInterceptor] [39m[32mGET /api/auth/permissions?appId=b24d49c6-240f-465e-916f-cf72812d5be3 - 200 - 3ms[39m
[32m[Nest] 26296  - [39m2026/08/14 10:23:23 [32m    LOG[39m [38;5;3m[LoggingInterceptor] [39m[32mPOST /api/route-sync/check - 200 - 19ms[39m
[32m[Nest] 26296  - [39m2026/08/14 10:23:23 [32m    LOG[39m [38;5;3m[LoggingInterceptor] [39m[32mPOST /api/route-sync/check - 200 - 20ms[39m
[32m[Nest] 26296  - [39m2026/08/14 10:23:45 [32m    LOG[39m [38;5;3m[RouteSyncService] [39m[32m菜单树配置哈希: 44bd1bd9ff5a97da649ce94df81194e8544dfcc25660ba357fb344fe952c6b90[39m
[32m[Nest] 26296  - [39m2026/08/14 10:23:45 [32m    LOG[39m [38;5;3m[RouteSyncService] [39m[32m检测到菜单树配置变更，开始同步...[39m
[32m[Nest] 26296  - [39m2026/08/14 10:23:45 [32m    LOG[39m [38;5;3m[RouteSyncService] [39m[32m从数据库加载了 13 个权限值映射[39m
[32m[Nest] 26296  - [39m2026/08/14 10:23:45 [32m    LOG[39m [38;5;3m[RouteSyncService] [39m[32mPC 权限同步完成：新增 1，更新 21，删除 0[39m
[32m[Nest] 26296  - [39m2026/08/14 10:23:45 [32m    LOG[39m [38;5;3m[RouteSyncService] [39m[32m应用类型 "system" 权限池同步完成：16 条记录[39m
[32m[Nest] 26296  - [39m2026/08/14 10:23:45 [32m    LOG[39m [38;5;3m[RouteSyncService] [39m[32m内置角色 "超级管理员" 权限同步完成：16 条记录[39m
[32m[Nest] 26296  - [39m2026/08/14 10:23:45 [32m    LOG[39m [38;5;3m[RouteSyncService] [39m[32m应用类型 "supplier" 权限池同步完成：6 条记录[39m
[32m[Nest] 26296  - [39m2026/08/14 10:23:45 [32m    LOG[39m [38;5;3m[RouteSyncService] [39m[32m内置角色 "供应商管理员" 权限同步完成：6 条记录[39m
[32m[Nest] 26296  - [39m2026/08/14 10:23:45 [32m    LOG[39m [38;5;3m[RouteSyncService] [39m[32m菜单树同步完成：2 个应用类型，22 个权限变动，22 个权限池记录，22 个角色权限记录[39m
[32m[Nest] 26296  - [39m2026/08/14 10:23:45 [32m    LOG[39m [38;5;3m[LoggingInterceptor] [39m[32mPOST /api/route-sync/sync - 200 - 101ms[39m
[32m[Nest] 26296  - [39m2026/08/14 10:23:45 [32m    LOG[39m [38;5;3m[LoggingInterceptor] [39m[32mPOST /api/route-sync/sync - 200 - 101ms[39m
[32m[Nest] 26296  - [39m2026/08/14 10:23:48 [32m    LOG[39m [38;5;3m[LoggingInterceptor] [39m[32mGET /api/install/status - 200 - 2ms[39m
[32m[Nest] 26296  - [39m2026/08/14 10:23:48 [32m    LOG[39m [38;5;3m[LoggingInterceptor] [39m[32mGET /api/install/status - 200 - 2ms[39m
[32m[Nest] 26296  - [39m2026/08/14 10:23:48 [32m    LOG[39m [38;5;3m[LoggingInterceptor] [39m[32mGET /api/permission-values - 200 - 0ms[39m
[32m[Nest] 26296  - [39m2026/08/14 10:23:48 [32m    LOG[39m [38;5;3m[LoggingInterceptor] [39m[32mGET /api/permission-values - 200 - 0ms[39m
[32m[Nest] 26296  - [39m2026/08/14 10:23:48 [32m    LOG[39m [38;5;3m[LoggingInterceptor] [39m[32mGET /api/permission-values - 200 - 0ms[39m
[32m[Nest] 26296  - [39m2026/08/14 10:23:48 [32m    LOG[39m [38;5;3m[LoggingInterceptor] [39m[32mGET /api/permission-values - 200 - 1ms[39m
[32m[Nest] 26296  - [39m2026/08/14 10:23:48 [32m    LOG[39m [38;5;3m[LoggingInterceptor] [39m[32mPOST /api/auth/userinfo - 200 - 2ms[39m
[32m[Nest] 26296  - [39m2026/08/14 10:23:48 [32m    LOG[39m [38;5;3m[LoggingInterceptor] [39m[32mPOST /api/auth/userinfo - 200 - 2ms[39m
[32m[Nest] 26296  - [39m2026/08/14 10:23:48 [32m    LOG[39m [38;5;3m[LoggingInterceptor] [39m[32mGET /api/auth/apps - 200 - 1ms[39m
[32m[Nest] 26296  - [39m2026/08/14 10:23:48 [32m    LOG[39m [38;5;3m[LoggingInterceptor] [39m[32mGET /api/auth/apps - 200 - 1ms[39m
[32m[Nest] 26296  - [39m2026/08/14 10:23:48 [32m    LOG[39m [38;5;3m[LoggingInterceptor] [39m[32mGET /api/auth/permissions?appId=b24d49c6-240f-465e-916f-cf72812d5be3 - 200 - 2ms[39m
[32m[Nest] 26296  - [39m2026/08/14 10:23:48 [32m    LOG[39m [38;5;3m[LoggingInterceptor] [39m[32mGET /api/auth/permissions?appId=b24d49c6-240f-465e-916f-cf72812d5be3 - 200 - 3ms[39m
[32m[Nest] 26296  - [39m2026/08/14 10:23:48 [32m    LOG[39m [38;5;3m[LoggingInterceptor] [39m[32mPOST /api/route-sync/check - 200 - 1ms[39m
[32m[Nest] 26296  - [39m2026/08/14 10:23:48 [32m    LOG[39m [38;5;3m[LoggingInterceptor] [39m[32mPOST /api/route-sync/check - 200 - 2ms[39m
[95m[Nest] 26296  - [39m2026/08/14 10:24:00 [95m  DEBUG[39m [38;5;3m[SchedulerEngineService] [39m[95m立即执行任务: demo.cron.hello (triggerType=1)[39m
[32m[Nest] 26296  - [39m2026/08/14 10:24:00 [32m    LOG[39m [38;5;3m[DemoCronTaskHandler] [39m[32m[示例Cron任务] 执行中... triggeredAt=2026-08-14T02:24:00.007Z[39m
[32m[Nest] 26296  - [39m2026/08/14 10:24:00 [32m    LOG[39m [38;5;3m[DemoCronTaskHandler] [39m[32m[示例Cron任务] 执行完成: 示例Cron任务执行成功[39m
[32m[Nest] 26296  - [39m2026/08/14 10:24:10 [32m    LOG[39m [38;5;3m[LoggingInterceptor] [39m[32mGET /api/health - 200 - 1ms[39m
[32m[Nest] 26296  - [39m2026/08/14 10:24:10 [32m    LOG[39m [38;5;3m[LoggingInterceptor] [39m[32mGET /api/health - 200 - 1ms[39m
[95m[Nest] 26296  - [39m2026/08/14 10:25:00 [95m  DEBUG[39m [38;5;3m[SchedulerEngineService] [39m[95m立即执行任务: demo.cron.hello (triggerType=1)[39m
[32m[Nest] 26296  - [39m2026/08/14 10:25:00 [32m    LOG[39m [38;5;3m[DemoCronTaskHandler] [39m[32m[示例Cron任务] 执行中... triggeredAt=2026-08-14T02:25:00.005Z[39m
[32m[Nest] 26296  - [39m2026/08/14 10:25:00 [32m    LOG[39m [38;5;3m[DemoCronTaskHandler] [39m[32m[示例Cron任务] 执行完成: 示例Cron任务执行成功[39m
[32m[Nest] 26296  - [39m2026/08/14 10:25:02 [32m    LOG[39m [38;5;3m[LoggingInterceptor] [39m[32mGET /api/ext/ledger/accounts?page=1&pageSize=20 - 200 - 8ms[39m
[32m[Nest] 26296  - [39m2026/08/14 10:25:02 [32m    LOG[39m [38;5;3m[LoggingInterceptor] [39m[32mGET /api/ext/ledger/accounts?page=1&pageSize=20 - 200 - 9ms[39m
[32m[Nest] 26296  - [39m2026/08/14 10:25:09 [32m    LOG[39m [38;5;3m[LoggingInterceptor] [39m[32mGET /api/ext/ledger/transfers?page=1&pageSize=20 - 200 - 6ms[39m
[32m[Nest] 26296  - [39m2026/08/14 10:25:09 [32m    LOG[39m [38;5;3m[LoggingInterceptor] [39m[32mGET /api/ext/ledger/transfers?page=1&pageSize=20 - 200 - 7ms[39m
[32m[Nest] 26296  - [39m2026/08/14 10:25:12 [32m    LOG[39m [38;5;3m[LoggingInterceptor] [39m[32mGET /api/ext/ledger/reconcile/reports?page=1&pageSize=20 - 200 - 2ms[39m
[32m[Nest] 26296  - [39m2026/08/14 10:25:12 [32m    LOG[39m [38;5;3m[LoggingInterceptor] [39m[32mGET /api/ext/ledger/reconcile/reports?page=1&pageSize=20 - 200 - 2ms[39m
[32m[Nest] 26296  - [39m2026/08/14 10:25:27 [32m    LOG[39m [38;5;3m[LoggingInterceptor] [39m[32mGET /api/ext/ledger/transfers?page=1&pageSize=20 - 200 - 3ms[39m
[32m[Nest] 26296  - [39m2026/08/14 10:25:27 [32m    LOG[39m [38;5;3m[LoggingInterceptor] [39m[32mGET /api/ext/ledger/transfers?page=1&pageSize=20 - 200 - 4ms[39m
[32m[Nest] 26296  - [39m2026/08/14 10:25:42 [32m    LOG[39m [38;5;3m[LoggingInterceptor] [39m[32mGET /api/ext/ledger/accounts?page=1&pageSize=20 - 200 - 1ms[39m
[32m[Nest] 26296  - [39m2026/08/14 10:25:42 [32m    LOG[39m [38;5;3m[LoggingInterceptor] [39m[32mGET /api/ext/ledger/accounts?page=1&pageSize=20 - 200 - 2ms[39m
[95m[Nest] 26296  - [39m2026/08/14 10:26:00 [95m  DEBUG[39m [38;5;3m[SchedulerEngineService] [39m[95m立即执行任务: demo.cron.hello (triggerType=1)[39m
[32m[Nest] 26296  - [39m2026/08/14 10:26:00 [32m    LOG[39m [38;5;3m[DemoCronTaskHandler] [39m[32m[示例Cron任务] 执行中... triggeredAt=2026-08-14T02:26:00.000Z[39m
[32m[Nest] 26296  - [39m2026/08/14 10:26:00 [32m    LOG[39m [38;5;3m[DemoCronTaskHandler] [39m[32m[示例Cron任务] 执行完成: 示例Cron任务执行成功[39m
[95m[Nest] 26296  - [39m2026/08/14 10:27:00 [95m  DEBUG[39m [38;5;3m[SchedulerEngineService] [39m[95m立即执行任务: demo.cron.hello (triggerType=1)[39m
[32m[Nest] 26296  - [39m2026/08/14 10:27:00 [32m    LOG[39m [38;5;3m[DemoCronTaskHandler] [39m[32m[示例Cron任务] 执行中... triggeredAt=2026-08-14T02:27:00.005Z[39m
[32m[Nest] 26296  - [39m2026/08/14 10:27:00 [32m    LOG[39m [38;5;3m[DemoCronTaskHandler] [39m[32m[示例Cron任务] 执行完成: 示例Cron任务执行成功[39m
[32m[Nest] 26296  - [39m2026/08/14 10:27:59 [32m    LOG[39m [38;5;3m[LoggingInterceptor] [39m[32mPOST /api/ext/ledger/accounts - 201 - 31ms[39m
[32m[Nest] 26296  - [39m2026/08/14 10:27:59 [32m    LOG[39m [38;5;3m[LoggingInterceptor] [39m[32mPOST /api/ext/ledger/accounts - 201 - 31ms[39m
[32m[Nest] 26296  - [39m2026/08/14 10:27:59 [32m    LOG[39m [38;5;3m[LoggingInterceptor] [39m[32mGET /api/ext/ledger/accounts?page=1&pageSize=20 - 200 - 2ms[39m
[32m[Nest] 26296  - [39m2026/08/14 10:27:59 [32m    LOG[39m [38;5;3m[LoggingInterceptor] [39m[32mGET /api/ext/ledger/accounts?page=1&pageSize=20 - 200 - 2ms[39m
[95m[Nest] 26296  - [39m2026/08/14 10:28:00 [95m  DEBUG[39m [38;5;3m[SchedulerEngineService] [39m[95m立即执行任务: demo.cron.hello (triggerType=1)[39m
[32m[Nest] 26296  - [39m2026/08/14 10:28:00 [32m    LOG[39m [38;5;3m[DemoCronTaskHandler] [39m[32m[示例Cron任务] 执行中... triggeredAt=2026-08-14T02:28:00.008Z[39m
[32m[Nest] 26296  - [39m2026/08/14 10:28:00 [32m    LOG[39m [38;5;3m[DemoCronTaskHandler] [39m[32m[示例Cron任务] 执行完成: 示例Cron任务执行成功[39m
[32m[Nest] 26296  - [39m2026/08/14 10:28:28 [32m    LOG[39m [38;5;3m[LoggingInterceptor] [39m[32mGET /api/ext/ledger/transfers?page=1&pageSize=20 - 200 - 4ms[39m
[32m[Nest] 26296  - [39m2026/08/14 10:28:28 [32m    LOG[39m [38;5;3m[LoggingInterceptor] [39m[32mGET /api/ext/ledger/transfers?page=1&pageSize=20 - 200 - 4ms[39m
[95m[Nest] 26296  - [39m2026/08/14 10:29:00 [95m  DEBUG[39m [38;5;3m[SchedulerEngineService] [39m[95m立即执行任务: demo.cron.hello (triggerType=1)[39m
[32m[Nest] 26296  - [39m2026/08/14 10:29:00 [32m    LOG[39m [38;5;3m[DemoCronTaskHandler] [39m[32m[示例Cron任务] 执行中... triggeredAt=2026-08-14T02:29:00.001Z[39m
[32m[Nest] 26296  - [39m2026/08/14 10:29:00 [32m    LOG[39m [38;5;3m[DemoCronTaskHandler] [39m[32m[示例Cron任务] 执行完成: 示例Cron任务执行成功[39m
[95m[Nest] 26296  - [39m2026/08/14 10:30:00 [95m  DEBUG[39m [38;5;3m[SchedulerEngineService] [39m[95m立即执行任务: demo.cron.hello (triggerType=1)[39m
[32m[Nest] 26296  - [39m2026/08/14 10:30:00 [32m    LOG[39m [38;5;3m[DemoCronTaskHandler] [39m[32m[示例Cron任务] 执行中... triggeredAt=2026-08-14T02:30:00.011Z[39m
[32m[Nest] 26296  - [39m2026/08/14 10:30:00 [32m    LOG[39m [38;5;3m[DemoCronTaskHandler] [39m[32m[示例Cron任务] 执行完成: 示例Cron任务执行成功[39m
[95m[Nest] 26296  - [39m2026/08/14 10:31:00 [95m  DEBUG[39m [38;5;3m[SchedulerEngineService] [39m[95m立即执行任务: demo.cron.hello (triggerType=1)[39m
[32m[Nest] 26296  - [39m2026/08/14 10:31:00 [32m    LOG[39m [38;5;3m[DemoCronTaskHandler] [39m[32m[示例Cron任务] 执行中... triggeredAt=2026-08-14T02:31:00.002Z[39m
[32m[Nest] 26296  - [39m2026/08/14 10:31:00 [32m    LOG[39m [38;5;3m[DemoCronTaskHandler] [39m[32m[示例Cron任务] 执行完成: 示例Cron任务执行成功[39m
[32m[Nest] 26296  - [39m2026/08/14 10:31:54 [32m    LOG[39m [38;5;3m[LoggingInterceptor] [39m[32mPOST /api/ext/ledger/transfers - 201 - 18ms[39m
[32m[Nest] 26296  - [39m2026/08/14 10:31:54 [32m    LOG[39m [38;5;3m[LoggingInterceptor] [39m[32mPOST /api/ext/ledger/transfers - 201 - 18ms[39m
[32m[Nest] 26296  - [39m2026/08/14 10:31:55 [32m    LOG[39m [38;5;3m[LoggingInterceptor] [39m[32mGET /api/ext/ledger/transfers?page=1&pageSize=20 - 200 - 3ms[39m
[32m[Nest] 26296  - [39m2026/08/14 10:31:55 [32m    LOG[39m [38;5;3m[LoggingInterceptor] [39m[32mGET /api/ext/ledger/transfers?page=1&pageSize=20 - 200 - 4ms[39m
[95m[Nest] 26296  - [39m2026/08/14 10:32:00 [95m  DEBUG[39m [38;5;3m[SchedulerEngineService] [39m[95m立即执行任务: demo.cron.hello (triggerType=1)[39m
[32m[Nest] 26296  - [39m2026/08/14 10:32:00 [32m    LOG[39m [38;5;3m[DemoCronTaskHandler] [39m[32m[示例Cron任务] 执行中... triggeredAt=2026-08-14T02:32:00.000Z[39m
[32m[Nest] 26296  - [39m2026/08/14 10:32:00 [32m    LOG[39m [38;5;3m[DemoCronTaskHandler] [39m[32m[示例Cron任务] 执行完成: 示例Cron任务执行成功[39m
[32m[Nest] 26296  - [39m2026/08/14 10:32:58 [32m    LOG[39m [38;5;3m[LoggingInterceptor] [39m[32mGET /api/ext/ledger/entries?accountId=54901412-cf68-4482-9245-6d5c0c1cfd23&page=1&pageSize=20 - 200 - 2ms[39m
[32m[Nest] 26296  - [39m2026/08/14 10:32:58 [32m    LOG[39m [38;5;3m[LoggingInterceptor] [39m[32mGET /api/ext/ledger/entries?accountId=54901412-cf68-4482-9245-6d5c0c1cfd23&page=1&pageSize=20 - 200 - 2ms[39m
[95m[Nest] 26296  - [39m2026/08/14 10:33:00 [95m  DEBUG[39m [38;5;3m[SchedulerEngineService] [39m[95m立即执行任务: demo.cron.hello (triggerType=1)[39m
[32m[Nest] 26296  - [39m2026/08/14 10:33:00 [32m    LOG[39m [38;5;3m[DemoCronTaskHandler] [39m[32m[示例Cron任务] 执行中... triggeredAt=2026-08-14T02:33:00.006Z[39m
[32m[Nest] 26296  - [39m2026/08/14 10:33:00 [32m    LOG[39m [38;5;3m[DemoCronTaskHandler] [39m[32m[示例Cron任务] 执行完成: 示例Cron任务执行成功[39m
[32m[Nest] 26296  - [39m2026/08/14 10:33:56 [32m    LOG[39m [38;5;3m[LoggingInterceptor] [39m[32mGET /api/ext/ledger/transfers?page=1&pageSize=20 - 200 - 6ms[39m
[32m[Nest] 26296  - [39m2026/08/14 10:33:56 [32m    LOG[39m [38;5;3m[LoggingInterceptor] [39m[32mGET /api/ext/ledger/transfers?page=1&pageSize=20 - 200 - 8ms[39m
[95m[Nest] 26296  - [39m2026/08/14 10:34:00 [95m  DEBUG[39m [38;5;3m[SchedulerEngineService] [39m[95m立即执行任务: demo.cron.hello (triggerType=1)[39m
[32m[Nest] 26296  - [39m2026/08/14 10:34:00 [32m    LOG[39m [38;5;3m[DemoCronTaskHandler] [39m[32m[示例Cron任务] 执行中... triggeredAt=2026-08-14T02:34:00.005Z[39m
[32m[Nest] 26296  - [39m2026/08/14 10:34:00 [32m    LOG[39m [38;5;3m[DemoCronTaskHandler] [39m[32m[示例Cron任务] 执行完成: 示例Cron任务执行成功[39m
[95m[Nest] 26296  - [39m2026/08/14 10:35:00 [95m  DEBUG[39m [38;5;3m[SchedulerEngineService] [39m[95m立即执行任务: demo.cron.hello (triggerType=1)[39m
[32m[Nest] 26296  - [39m2026/08/14 10:35:00 [32m    LOG[39m [38;5;3m[DemoCronTaskHandler] [39m[32m[示例Cron任务] 执行中... triggeredAt=2026-08-14T02:35:00.007Z[39m
[32m[Nest] 26296  - [39m2026/08/14 10:35:00 [32m    LOG[39m [38;5;3m[DemoCronTaskHandler] [39m[32m[示例Cron任务] 执行完成: 示例Cron任务执行成功[39m
[32m[Nest] 26296  - [39m2026/08/14 10:35:00 [32m    LOG[39m [38;5;3m[LoggingInterceptor] [39m[32mGET /api/ext/ledger/transfers?page=1&pageSize=20 - 200 - 4ms[39m
[32m[Nest] 26296  - [39m2026/08/14 10:35:00 [32m    LOG[39m [38;5;3m[LoggingInterceptor] [39m[32mGET /api/ext/ledger/transfers?page=1&pageSize=20 - 200 - 6ms[39m
[95m[Nest] 26296  - [39m2026/08/14 10:36:00 [95m  DEBUG[39m [38;5;3m[SchedulerEngineService] [39m[95m立即执行任务: demo.cron.hello (triggerType=1)[39m
[32m[Nest] 26296  - [39m2026/08/14 10:36:00 [32m    LOG[39m [38;5;3m[DemoCronTaskHandler] [39m[32m[示例Cron任务] 执行中... triggeredAt=2026-08-14T02:36:00.004Z[39m
[32m[Nest] 26296  - [39m2026/08/14 10:36:00 [32m    LOG[39m [38;5;3m[DemoCronTaskHandler] [39m[32m[示例Cron任务] 执行完成: 示例Cron任务执行成功[39m
[95m[Nest] 26296  - [39m2026/08/14 10:37:00 [95m  DEBUG[39m [38;5;3m[SchedulerEngineService] [39m[95m立即执行任务: demo.cron.hello (triggerType=1)[39m
[32m[Nest] 26296  - [39m2026/08/14 10:37:00 [32m    LOG[39m [38;5;3m[DemoCronTaskHandler] [39m[32m[示例Cron任务] 执行中... triggeredAt=2026-08-14T02:37:00.003Z[39m
[32m[Nest] 26296  - [39m2026/08/14 10:37:00 [32m    LOG[39m [38;5;3m[DemoCronTaskHandler] [39m[32m[示例Cron任务] 执行完成: 示例Cron任务执行成功[39m
[95m[Nest] 26296  - [39m2026/08/14 10:38:00 [95m  DEBUG[39m [38;5;3m[SchedulerEngineService] [39m[95m立即执行任务: demo.cron.hello (triggerType=1)[39m
[32m[Nest] 26296  - [39m2026/08/14 10:38:00 [32m    LOG[39m [38;5;3m[DemoCronTaskHandler] [39m[32m[示例Cron任务] 执行中... triggeredAt=2026-08-14T02:38:00.011Z[39m
[32m[Nest] 26296  - [39m2026/08/14 10:38:00 [32m    LOG[39m [38;5;3m[DemoCronTaskHandler] [39m[32m[示例Cron任务] 执行完成: 示例Cron任务执行成功[39m
[95m[Nest] 26296  - [39m2026/08/14 10:39:00 [95m  DEBUG[39m [38;5;3m[SchedulerEngineService] [39m[95m立即执行任务: demo.cron.hello (triggerType=1)[39m
[32m[Nest] 26296  - [39m2026/08/14 10:39:00 [32m    LOG[39m [38;5;3m[DemoCronTaskHandler] [39m[32m[示例Cron任务] 执行中... triggeredAt=2026-08-14T02:39:00.002Z[39m
[32m[Nest] 26296  - [39m2026/08/14 10:39:00 [32m    LOG[39m [38;5;3m[DemoCronTaskHandler] [39m[32m[示例Cron任务] 执行完成: 示例Cron任务执行成功[39m
[95m[Nest] 26296  - [39m2026/08/14 10:40:00 [95m  DEBUG[39m [38;5;3m[SchedulerEngineService] [39m[95m立即执行任务: demo.cron.hello (triggerType=1)[39m
[32m[Nest] 26296  - [39m2026/08/14 10:40:00 [32m    LOG[39m [38;5;3m[DemoCronTaskHandler] [39m[32m[示例Cron任务] 执行中... triggeredAt=2026-08-14T02:40:00.012Z[39m
[32m[Nest] 26296  - [39m2026/08/14 10:40:00 [32m    LOG[39m [38;5;3m[DemoCronTaskHandler] [39m[32m[示例Cron任务] 执行完成: 示例Cron任务执行成功[39m
[95m[Nest] 26296  - [39m2026/08/14 10:41:00 [95m  DEBUG[39m [38;5;3m[SchedulerEngineService] [39m[95m立即执行任务: demo.cron.hello (triggerType=1)[39m
[32m[Nest] 26296  - [39m2026/08/14 10:41:00 [32m    LOG[39m [38;5;3m[DemoCronTaskHandler] [39m[32m[示例Cron任务] 执行中... triggeredAt=2026-08-14T02:41:00.002Z[39m
[32m[Nest] 26296  - [39m2026/08/14 10:41:00 [32m    LOG[39m [38;5;3m[DemoCronTaskHandler] [39m[32m[示例Cron任务] 执行完成: 示例Cron任务执行成功[39m
[95m[Nest] 26296  - [39m2026/08/14 10:42:00 [95m  DEBUG[39m [38;5;3m[SchedulerEngineService] [39m[95m立即执行任务: demo.cron.hello (triggerType=1)[39m
[32m[Nest] 26296  - [39m2026/08/14 10:42:00 [32m    LOG[39m [38;5;3m[DemoCronTaskHandler] [39m[32m[示例Cron任务] 执行中... triggeredAt=2026-08-14T02:42:00.007Z[39m
[32m[Nest] 26296  - [39m2026/08/14 10:42:00 [32m    LOG[39m [38;5;3m[DemoCronTaskHandler] [39m[32m[示例Cron任务] 执行完成: 示例Cron任务执行成功[39m
[95m[Nest] 26296  - [39m2026/08/14 10:43:00 [95m  DEBUG[39m [38;5;3m[SchedulerEngineService] [39m[95m立即执行任务: demo.cron.hello (triggerType=1)[39m
[32m[Nest] 26296  - [39m2026/08/14 10:43:00 [32m    LOG[39m [38;5;3m[DemoCronTaskHandler] [39m[32m[示例Cron任务] 执行中... triggeredAt=2026-08-14T02:43:00.001Z[39m
[32m[Nest] 26296  - [39m2026/08/14 10:43:00 [32m    LOG[39m [38;5;3m[DemoCronTaskHandler] [39m[32m[示例Cron任务] 执行完成: 示例Cron任务执行成功[39m
[95m[Nest] 26296  - [39m2026/08/14 10:44:00 [95m  DEBUG[39m [38;5;3m[SchedulerEngineService] [39m[95m立即执行任务: demo.cron.hello (triggerType=1)[39m
[32m[Nest] 26296  - [39m2026/08/14 10:44:00 [32m    LOG[39m [38;5;3m[DemoCronTaskHandler] [39m[32m[示例Cron任务] 执行中... triggeredAt=2026-08-14T02:44:00.006Z[39m
[32m[Nest] 26296  - [39m2026/08/14 10:44:00 [32m    LOG[39m [38;5;3m[DemoCronTaskHandler] [39m[32m[示例Cron任务] 执行完成: 示例Cron任务执行成功[39m
[95m[Nest] 26296  - [39m2026/08/14 10:45:00 [95m  DEBUG[39m [38;5;3m[SchedulerEngineService] [39m[95m立即执行任务: demo.cron.hello (triggerType=1)[39m
[32m[Nest] 26296  - [39m2026/08/14 10:45:00 [32m    LOG[39m [38;5;3m[DemoCronTaskHandler] [39m[32m[示例Cron任务] 执行中... triggeredAt=2026-08-14T02:45:00.016Z[39m
[32m[Nest] 26296  - [39m2026/08/14 10:45:00 [32m    LOG[39m [38;5;3m[DemoCronTaskHandler] [39m[32m[示例Cron任务] 执行完成: 示例Cron任务执行成功[39m
[95m[Nest] 26296  - [39m2026/08/14 10:46:00 [95m  DEBUG[39m [38;5;3m[SchedulerEngineService] [39m[95m立即执行任务: demo.cron.hello (triggerType=1)[39m
[32m[Nest] 26296  - [39m2026/08/14 10:46:00 [32m    LOG[39m [38;5;3m[DemoCronTaskHandler] [39m[32m[示例Cron任务] 执行中... triggeredAt=2026-08-14T02:46:00.010Z[39m
[32m[Nest] 26296  - [39m2026/08/14 10:46:00 [32m    LOG[39m [38;5;3m[DemoCronTaskHandler] [39m[32m[示例Cron任务] 执行完成: 示例Cron任务执行成功[39m
[95m[Nest] 26296  - [39m2026/08/14 10:47:00 [95m  DEBUG[39m [38;5;3m[SchedulerEngineService] [39m[95m立即执行任务: demo.cron.hello (triggerType=1)[39m
[32m[Nest] 26296  - [39m2026/08/14 10:47:00 [32m    LOG[39m [38;5;3m[DemoCronTaskHandler] [39m[32m[示例Cron任务] 执行中... triggeredAt=2026-08-14T02:47:00.006Z[39m
[32m[Nest] 26296  - [39m2026/08/14 10:47:00 [32m    LOG[39m [38;5;3m[DemoCronTaskHandler] [39m[32m[示例Cron任务] 执行完成: 示例Cron任务执行成功[39m
[32m[Nest] 26296  - [39m2026/08/14 10:47:37 [32m    LOG[39m [38;5;3m[LoggingInterceptor] [39m[32mGET /api/permission-values - 200 - 1ms[39m
[32m[Nest] 26296  - [39m2026/08/14 10:47:37 [32m    LOG[39m [38;5;3m[LoggingInterceptor] [39m[32mGET /api/permission-values - 200 - 1ms[39m
[32m[Nest] 26296  - [39m2026/08/14 10:47:37 [32m    LOG[39m [38;5;3m[LoggingInterceptor] [39m[32mGET /api/install/status - 200 - 12ms[39m
[32m[Nest] 26296  - [39m2026/08/14 10:47:37 [32m    LOG[39m [38;5;3m[LoggingInterceptor] [39m[32mGET /api/install/status - 200 - 12ms[39m
[33m[Nest] 26296  - [39m2026/08/14 10:47:37 [33m   WARN[39m [38;5;3m[AllExceptionsFilter] [39m[33m[POST] /api/auth/userinfo - 401: Token 无效或已过期[39m
[33m[Nest] 26296  - [39m2026/08/14 10:47:37 [33m   WARN[39m [38;5;3m[AllExceptionsFilter] [39m[33m[POST] /api/auth/refresh - 401: 刷新 Token 无效或已过期[39m
[95m[Nest] 26296  - [39m2026/08/14 10:48:00 [95m  DEBUG[39m [38;5;3m[SchedulerEngineService] [39m[95m立即执行任务: demo.cron.hello (triggerType=1)[39m
[32m[Nest] 26296  - [39m2026/08/14 10:48:00 [32m    LOG[39m [38;5;3m[DemoCronTaskHandler] [39m[32m[示例Cron任务] 执行中... triggeredAt=2026-08-14T02:48:00.011Z[39m
[32m[Nest] 26296  - [39m2026/08/14 10:48:00 [32m    LOG[39m [38;5;3m[DemoCronTaskHandler] [39m[32m[示例Cron任务] 执行完成: 示例Cron任务执行成功[39m
[32m[Nest] 26296  - [39m2026/08/14 10:48:16 [32m    LOG[39m [38;5;3m[LoggingInterceptor] [39m[32mGET /api/install/status - 200 - 5ms[39m
[32m[Nest] 26296  - [39m2026/08/14 10:48:16 [32m    LOG[39m [38;5;3m[LoggingInterceptor] [39m[32mGET /api/install/status - 200 - 6ms[39m
[32m[Nest] 26296  - [39m2026/08/14 10:48:16 [32m    LOG[39m [38;5;3m[LoggingInterceptor] [39m[32mGET /api/permission-values - 200 - 1ms[39m
[32m[Nest] 26296  - [39m2026/08/14 10:48:16 [32m    LOG[39m [38;5;3m[LoggingInterceptor] [39m[32mGET /api/permission-values - 200 - 1ms[39m
[钩子] 用户登录前: admin
[钩子] 用户登录成功: admin
[32m[Nest] 26296  - [39m2026/08/14 10:48:27 [32m    LOG[39m [38;5;3m[LoggingInterceptor] [39m[32mPOST /api/auth/login - 200 - 116ms[39m
[32m[Nest] 26296  - [39m2026/08/14 10:48:27 [32m    LOG[39m [38;5;3m[LoggingInterceptor] [39m[32mPOST /api/auth/login - 200 - 116ms[39m
[32m[Nest] 26296  - [39m2026/08/14 10:48:27 [32m    LOG[39m [38;5;3m[LoggingInterceptor] [39m[32mPOST /api/auth/userinfo - 200 - 3ms[39m
[32m[Nest] 26296  - [39m2026/08/14 10:48:27 [32m    LOG[39m [38;5;3m[LoggingInterceptor] [39m[32mPOST /api/auth/userinfo - 200 - 3ms[39m
[32m[Nest] 26296  - [39m2026/08/14 10:48:27 [32m    LOG[39m [38;5;3m[LoggingInterceptor] [39m[32mGET /api/auth/apps - 200 - 1ms[39m
[32m[Nest] 26296  - [39m2026/08/14 10:48:27 [32m    LOG[39m [38;5;3m[LoggingInterceptor] [39m[32mGET /api/auth/apps - 200 - 1ms[39m
[32m[Nest] 26296  - [39m2026/08/14 10:48:27 [32m    LOG[39m [38;5;3m[LoggingInterceptor] [39m[32mGET /api/auth/apps - 200 - 2ms[39m
[32m[Nest] 26296  - [39m2026/08/14 10:48:27 [32m    LOG[39m [38;5;3m[LoggingInterceptor] [39m[32mGET /api/auth/apps - 200 - 2ms[39m
[32m[Nest] 26296  - [39m2026/08/14 10:48:29 [32m    LOG[39m [38;5;3m[LoggingInterceptor] [39m[32mGET /api/auth/permissions?appId=b24d49c6-240f-465e-916f-cf72812d5be3 - 200 - 5ms[39m
[32m[Nest] 26296  - [39m2026/08/14 10:48:29 [32m    LOG[39m [38;5;3m[LoggingInterceptor] [39m[32mGET /api/auth/permissions?appId=b24d49c6-240f-465e-916f-cf72812d5be3 - 200 - 6ms[39m
[32m[Nest] 26296  - [39m2026/08/14 10:48:29 [32m    LOG[39m [38;5;3m[LoggingInterceptor] [39m[32mGET /api/auth/permissions?appId=b24d49c6-240f-465e-916f-cf72812d5be3 - 200 - 4ms[39m
[32m[Nest] 26296  - [39m2026/08/14 10:48:29 [32m    LOG[39m [38;5;3m[LoggingInterceptor] [39m[32mGET /api/auth/permissions?appId=b24d49c6-240f-465e-916f-cf72812d5be3 - 200 - 5ms[39m
[32m[Nest] 26296  - [39m2026/08/14 10:48:29 [32m    LOG[39m [38;5;3m[LoggingInterceptor] [39m[32mPOST /api/route-sync/check - 200 - 3ms[39m
[32m[Nest] 26296  - [39m2026/08/14 10:48:29 [32m    LOG[39m [38;5;3m[LoggingInterceptor] [39m[32mPOST /api/route-sync/check - 200 - 3ms[39m
[32m[Nest] 26296  - [39m2026/08/14 10:48:37 [32m    LOG[39m [38;5;3m[LoggingInterceptor] [39m[32mGET /api/ext/ledger/accounts?page=1&pageSize=20 - 200 - 3ms[39m
[32m[Nest] 26296  - [39m2026/08/14 10:48:37 [32m    LOG[39m [38;5;3m[LoggingInterceptor] [39m[32mGET /api/ext/ledger/accounts?page=1&pageSize=20 - 200 - 5ms[39m
[32m[Nest] 26296  - [39m2026/08/14 10:48:48 [32m    LOG[39m [38;5;3m[LoggingInterceptor] [39m[32mGET /api/ext/ledger/transfers?page=1&pageSize=20 - 200 - 7ms[39m
[32m[Nest] 26296  - [39m2026/08/14 10:48:48 [32m    LOG[39m [38;5;3m[LoggingInterceptor] [39m[32mGET /api/ext/ledger/transfers?page=1&pageSize=20 - 200 - 9ms[39m
[95m[Nest] 26296  - [39m2026/08/14 10:49:00 [95m  DEBUG[39m [38;5;3m[SchedulerEngineService] [39m[95m立即执行任务: demo.cron.hello (triggerType=1)[39m
[32m[Nest] 26296  - [39m2026/08/14 10:49:00 [32m    LOG[39m [38;5;3m[DemoCronTaskHandler] [39m[32m[示例Cron任务] 执行中... triggeredAt=2026-08-14T02:49:00.009Z[39m
[32m[Nest] 26296  - [39m2026/08/14 10:49:00 [32m    LOG[39m [38;5;3m[DemoCronTaskHandler] [39m[32m[示例Cron任务] 执行完成: 示例Cron任务执行成功[39m
[32m[Nest] 26296  - [39m2026/08/14 10:49:33 [32m    LOG[39m [38;5;3m[LoggingInterceptor] [39m[32mGET /api/ext/ledger/reconcile/reports?page=1&pageSize=20 - 200 - 1ms[39m
[32m[Nest] 26296  - [39m2026/08/14 10:49:33 [32m    LOG[39m [38;5;3m[LoggingInterceptor] [39m[32mGET /api/ext/ledger/reconcile/reports?page=1&pageSize=20 - 200 - 2ms[39m
[32m[Nest] 26296  - [39m2026/08/14 10:49:53 [32m    LOG[39m [38;5;3m[LedgerReconcileService] [39m[32m对账完成：18 个账户全部平衡（reportId=9775ec6c-6704-48dd-8b8c-397f98310999）[39m
[32m[Nest] 26296  - [39m2026/08/14 10:49:53 [32m    LOG[39m [38;5;3m[LoggingInterceptor] [39m[32mPOST /api/ext/ledger/reconcile - 201 - 15ms[39m
[32m[Nest] 26296  - [39m2026/08/14 10:49:53 [32m    LOG[39m [38;5;3m[LoggingInterceptor] [39m[32mPOST /api/ext/ledger/reconcile - 201 - 15ms[39m
[32m[Nest] 26296  - [39m2026/08/14 10:49:53 [32m    LOG[39m [38;5;3m[LoggingInterceptor] [39m[32mGET /api/ext/ledger/reconcile/reports?page=1&pageSize=20 - 200 - 1ms[39m
[32m[Nest] 26296  - [39m2026/08/14 10:49:53 [32m    LOG[39m [38;5;3m[LoggingInterceptor] [39m[32mGET /api/ext/ledger/reconcile/reports?page=1&pageSize=20 - 200 - 2ms[39m
[32m[Nest] 26296  - [39m2026/08/14 10:49:59 [32m    LOG[39m [38;5;3m[LedgerReconcileService] [39m[32m对账完成：18 个账户全部平衡（reportId=46c91805-2aab-4856-a8ca-9c3cc0a034c1）[39m
[32m[Nest] 26296  - [39m2026/08/14 10:49:59 [32m    LOG[39m [38;5;3m[LoggingInterceptor] [39m[32mPOST /api/ext/ledger/reconcile - 201 - 15ms[39m
[32m[Nest] 26296  - [39m2026/08/14 10:49:59 [32m    LOG[39m [38;5;3m[LoggingInterceptor] [39m[32mPOST /api/ext/ledger/reconcile - 201 - 15ms[39m
[32m[Nest] 26296  - [39m2026/08/14 10:49:59 [32m    LOG[39m [38;5;3m[LoggingInterceptor] [39m[32mGET /api/ext/ledger/reconcile/reports?page=1&pageSize=20 - 200 - 1ms[39m
[32m[Nest] 26296  - [39m2026/08/14 10:49:59 [32m    LOG[39m [38;5;3m[LoggingInterceptor] [39m[32mGET /api/ext/ledger/reconcile/reports?page=1&pageSize=20 - 200 - 2ms[39m
[95m[Nest] 26296  - [39m2026/08/14 10:50:00 [95m  DEBUG[39m [38;5;3m[SchedulerEngineService] [39m[95m立即执行任务: demo.cron.hello (triggerType=1)[39m
[32m[Nest] 26296  - [39m2026/08/14 10:50:00 [32m    LOG[39m [38;5;3m[DemoCronTaskHandler] [39m[32m[示例Cron任务] 执行中... triggeredAt=2026-08-14T02:50:00.002Z[39m
[32m[Nest] 26296  - [39m2026/08/14 10:50:00 [32m    LOG[39m [38;5;3m[DemoCronTaskHandler] [39m[32m[示例Cron任务] 执行完成: 示例Cron任务执行成功[39m
[32m[Nest] 26296  - [39m2026/08/14 10:50:09 [32m    LOG[39m [38;5;3m[LoggingInterceptor] [39m[32mGET /api/ext/ledger/transfers?page=1&pageSize=20 - 200 - 8ms[39m
[32m[Nest] 26296  - [39m2026/08/14 10:50:09 [32m    LOG[39m [38;5;3m[LoggingInterceptor] [39m[32mGET /api/ext/ledger/transfers?page=1&pageSize=20 - 200 - 9ms[39m
[32m[Nest] 26296  - [39m2026/08/14 10:50:45 [32m    LOG[39m [38;5;3m[LoggingInterceptor] [39m[32mGET /api/ext/ledger/accounts?page=1&pageSize=20 - 200 - 2ms[39m
[32m[Nest] 26296  - [39m2026/08/14 10:50:45 [32m    LOG[39m [38;5;3m[LoggingInterceptor] [39m[32mGET /api/ext/ledger/accounts?page=1&pageSize=20 - 200 - 2ms[39m
[95m[Nest] 26296  - [39m2026/08/14 10:51:00 [95m  DEBUG[39m [38;5;3m[SchedulerEngineService] [39m[95m立即执行任务: demo.cron.hello (triggerType=1)[39m
[32m[Nest] 26296  - [39m2026/08/14 10:51:00 [32m    LOG[39m [38;5;3m[DemoCronTaskHandler] [39m[32m[示例Cron任务] 执行中... triggeredAt=2026-08-14T02:51:00.007Z[39m
[32m[Nest] 26296  - [39m2026/08/14 10:51:00 [32m    LOG[39m [38;5;3m[DemoCronTaskHandler] [39m[32m[示例Cron任务] 执行完成: 示例Cron任务执行成功[39m
[32m[Nest] 26296  - [39m2026/08/14 10:51:29 [32m    LOG[39m [38;5;3m[LoggingInterceptor] [39m[32mGET /api/ext/ledger/accounts?page=1&pageSize=20 - 200 - 3ms[39m
[32m[Nest] 26296  - [39m2026/08/14 10:51:29 [32m    LOG[39m [38;5;3m[LoggingInterceptor] [39m[32mGET /api/ext/ledger/accounts?page=1&pageSize=20 - 200 - 4ms[39m
[32m[Nest] 26296  - [39m2026/08/14 10:51:54 [32m    LOG[39m [38;5;3m[LoggingInterceptor] [39m[32mGET /api/ext/ledger/accounts?page=1&pageSize=20 - 200 - 3ms[39m
[32m[Nest] 26296  - [39m2026/08/14 10:51:54 [32m    LOG[39m [38;5;3m[LoggingInterceptor] [39m[32mGET /api/ext/ledger/accounts?page=1&pageSize=20 - 200 - 5ms[39m
[95m[Nest] 26296  - [39m2026/08/14 10:52:00 [95m  DEBUG[39m [38;5;3m[SchedulerEngineService] [39m[95m立即执行任务: demo.cron.hello (triggerType=1)[39m
[32m[Nest] 26296  - [39m2026/08/14 10:52:00 [32m    LOG[39m [38;5;3m[DemoCronTaskHandler] [39m[32m[示例Cron任务] 执行中... triggeredAt=2026-08-14T02:52:00.002Z[39m
[32m[Nest] 26296  - [39m2026/08/14 10:52:00 [32m    LOG[39m [38;5;3m[DemoCronTaskHandler] [39m[32m[示例Cron任务] 执行完成: 示例Cron任务执行成功[39m
[32m[Nest] 26296  - [39m2026/08/14 10:52:20 [32m    LOG[39m [38;5;3m[LoggingInterceptor] [39m[32mGET /api/ext/ledger/transfers?page=1&pageSize=20 - 200 - 7ms[39m
[32m[Nest] 26296  - [39m2026/08/14 10:52:20 [32m    LOG[39m [38;5;3m[LoggingInterceptor] [39m[32mGET /api/ext/ledger/transfers?page=1&pageSize=20 - 200 - 8ms[39m
[95m[Nest] 26296  - [39m2026/08/14 10:53:00 [95m  DEBUG[39m [38;5;3m[SchedulerEngineService] [39m[95m立即执行任务: demo.cron.hello (triggerType=1)[39m
[32m[Nest] 26296  - [39m2026/08/14 10:53:00 [32m    LOG[39m [38;5;3m[DemoCronTaskHandler] [39m[32m[示例Cron任务] 执行中... triggeredAt=2026-08-14T02:53:00.003Z[39m
[32m[Nest] 26296  - [39m2026/08/14 10:53:00 [32m    LOG[39m [38;5;3m[DemoCronTaskHandler] [39m[32m[示例Cron任务] 执行完成: 示例Cron任务执行成功[39m
[32m[Nest] 26296  - [39m2026/08/14 10:53:07 [32m    LOG[39m [38;5;3m[LoggingInterceptor] [39m[32mGET /api/ext/ledger/transfers?page=1&pageSize=20 - 200 - 5ms[39m
[32m[Nest] 26296  - [39m2026/08/14 10:53:07 [32m    LOG[39m [38;5;3m[LoggingInterceptor] [39m[32mGET /api/ext/ledger/transfers?page=1&pageSize=20 - 200 - 7ms[39m
[32m[Nest] 26296  - [39m2026/08/14 10:53:20 [32m    LOG[39m [38;5;3m[LoggingInterceptor] [39m[32mGET /api/install/status - 200 - 4ms[39m
[32m[Nest] 26296  - [39m2026/08/14 10:53:20 [32m    LOG[39m [38;5;3m[LoggingInterceptor] [39m[32mGET /api/install/status - 200 - 4ms[39m
[32m[Nest] 26296  - [39m2026/08/14 10:53:20 [32m    LOG[39m [38;5;3m[LoggingInterceptor] [39m[32mGET /api/permission-values - 200 - 0ms[39m
[32m[Nest] 26296  - [39m2026/08/14 10:53:20 [32m    LOG[39m [38;5;3m[LoggingInterceptor] [39m[32mGET /api/permission-values - 200 - 1ms[39m
[32m[Nest] 26296  - [39m2026/08/14 10:53:20 [32m    LOG[39m [38;5;3m[LoggingInterceptor] [39m[32mGET /api/permission-values - 200 - 0ms[39m
[32m[Nest] 26296  - [39m2026/08/14 10:53:20 [32m    LOG[39m [38;5;3m[LoggingInterceptor] [39m[32mGET /api/permission-values - 200 - 1ms[39m
[32m[Nest] 26296  - [39m2026/08/14 10:53:20 [32m    LOG[39m [38;5;3m[LoggingInterceptor] [39m[32mPOST /api/auth/userinfo - 200 - 4ms[39m
[32m[Nest] 26296  - [39m2026/08/14 10:53:20 [32m    LOG[39m [38;5;3m[LoggingInterceptor] [39m[32mPOST /api/auth/userinfo - 200 - 4ms[39m
[32m[Nest] 26296  - [39m2026/08/14 10:53:20 [32m    LOG[39m [38;5;3m[LoggingInterceptor] [39m[32mGET /api/auth/apps - 200 - 2ms[39m
[32m[Nest] 26296  - [39m2026/08/14 10:53:20 [32m    LOG[39m [38;5;3m[LoggingInterceptor] [39m[32mGET /api/auth/apps - 200 - 2ms[39m
[32m[Nest] 26296  - [39m2026/08/14 10:53:20 [32m    LOG[39m [38;5;3m[LoggingInterceptor] [39m[32mGET /api/auth/permissions?appId=b24d49c6-240f-465e-916f-cf72812d5be3 - 200 - 3ms[39m
[32m[Nest] 26296  - [39m2026/08/14 10:53:20 [32m    LOG[39m [38;5;3m[LoggingInterceptor] [39m[32mGET /api/auth/permissions?appId=b24d49c6-240f-465e-916f-cf72812d5be3 - 200 - 3ms[39m
[32m[Nest] 26296  - [39m2026/08/14 10:53:20 [32m    LOG[39m [38;5;3m[LoggingInterceptor] [39m[32mPOST /api/route-sync/check - 200 - 3ms[39m
[32m[Nest] 26296  - [39m2026/08/14 10:53:20 [32m    LOG[39m [38;5;3m[LoggingInterceptor] [39m[32mPOST /api/route-sync/check - 200 - 3ms[39m
[32m[Nest] 26296  - [39m2026/08/14 10:53:25 [32m    LOG[39m [38;5;3m[LoggingInterceptor] [39m[32mGET /api/ext/ledger/accounts?page=1&pageSize=20 - 200 - 2ms[39m
[32m[Nest] 26296  - [39m2026/08/14 10:53:25 [32m    LOG[39m [38;5;3m[LoggingInterceptor] [39m[32mGET /api/ext/ledger/accounts?page=1&pageSize=20 - 200 - 2ms[39m
[32m[Nest] 26296  - [39m2026/08/14 10:53:29 [32m    LOG[39m [38;5;3m[LoggingInterceptor] [39m[32mGET /api/ext/ledger/transfers?page=1&pageSize=20 - 200 - 3ms[39m
[32m[Nest] 26296  - [39m2026/08/14 10:53:29 [32m    LOG[39m [38;5;3m[LoggingInterceptor] [39m[32mGET /api/ext/ledger/transfers?page=1&pageSize=20 - 200 - 4ms[39m
[32m[Nest] 26296  - [39m2026/08/14 10:53:57 [32m    LOG[39m [38;5;3m[LoggingInterceptor] [39m[32mGET /api/ext/ledger/transfers?page=1&pageSize=20 - 200 - 4ms[39m
[32m[Nest] 26296  - [39m2026/08/14 10:53:57 [32m    LOG[39m [38;5;3m[LoggingInterceptor] [39m[32mGET /api/ext/ledger/transfers?page=1&pageSize=20 - 200 - 6ms[39m
[95m[Nest] 26296  - [39m2026/08/14 10:54:00 [95m  DEBUG[39m [38;5;3m[SchedulerEngineService] [39m[95m立即执行任务: demo.cron.hello (triggerType=1)[39m
[32m[Nest] 26296  - [39m2026/08/14 10:54:00 [32m    LOG[39m [38;5;3m[DemoCronTaskHandler] [39m[32m[示例Cron任务] 执行中... triggeredAt=2026-08-14T02:54:00.001Z[39m
[32m[Nest] 26296  - [39m2026/08/14 10:54:00 [32m    LOG[39m [38;5;3m[DemoCronTaskHandler] [39m[32m[示例Cron任务] 执行完成: 示例Cron任务执行成功[39m
[95m[Nest] 26296  - [39m2026/08/14 10:55:00 [95m  DEBUG[39m [38;5;3m[SchedulerEngineService] [39m[95m立即执行任务: demo.cron.hello (triggerType=1)[39m
[32m[Nest] 26296  - [39m2026/08/14 10:55:00 [32m    LOG[39m [38;5;3m[DemoCronTaskHandler] [39m[32m[示例Cron任务] 执行中... triggeredAt=2026-08-14T02:55:00.002Z[39m
[32m[Nest] 26296  - [39m2026/08/14 10:55:00 [32m    LOG[39m [38;5;3m[DemoCronTaskHandler] [39m[32m[示例Cron任务] 执行完成: 示例Cron任务执行成功[39m
[95m[Nest] 26296  - [39m2026/08/14 10:56:00 [95m  DEBUG[39m [38;5;3m[SchedulerEngineService] [39m[95m立即执行任务: demo.cron.hello (triggerType=1)[39m
[32m[Nest] 26296  - [39m2026/08/14 10:56:00 [32m    LOG[39m [38;5;3m[DemoCronTaskHandler] [39m[32m[示例Cron任务] 执行中... triggeredAt=2026-08-14T02:56:00.002Z[39m
[32m[Nest] 26296  - [39m2026/08/14 10:56:00 [32m    LOG[39m [38;5;3m[DemoCronTaskHandler] [39m[32m[示例Cron任务] 执行完成: 示例Cron任务执行成功[39m
[95m[Nest] 26296  - [39m2026/08/14 10:57:00 [95m  DEBUG[39m [38;5;3m[SchedulerEngineService] [39m[95m立即执行任务: demo.cron.hello (triggerType=1)[39m
[32m[Nest] 26296  - [39m2026/08/14 10:57:00 [32m    LOG[39m [38;5;3m[DemoCronTaskHandler] [39m[32m[示例Cron任务] 执行中... triggeredAt=2026-08-14T02:57:00.009Z[39m
[32m[Nest] 26296  - [39m2026/08/14 10:57:00 [32m    LOG[39m [38;5;3m[DemoCronTaskHandler] [39m[32m[示例Cron任务] 执行完成: 示例Cron任务执行成功[39m
[32m[Nest] 26296  - [39m2026/08/14 10:57:13 [32m    LOG[39m [38;5;3m[LoggingInterceptor] [39m[32mGET /api/ext/ledger/transfers?page=1&pageSize=20 - 200 - 6ms[39m
[32m[Nest] 26296  - [39m2026/08/14 10:57:13 [32m    LOG[39m [38;5;3m[LoggingInterceptor] [39m[32mGET /api/ext/ledger/transfers?page=1&pageSize=20 - 200 - 7ms[39m
[32m[Nest] 26296  - [39m2026/08/14 10:57:41 [32m    LOG[39m [38;5;3m[LoggingInterceptor] [39m[32mGET /api/ext/ledger/accounts?page=1&pageSize=20 - 200 - 3ms[39m
[32m[Nest] 26296  - [39m2026/08/14 10:57:41 [32m    LOG[39m [38;5;3m[LoggingInterceptor] [39m[32mGET /api/ext/ledger/accounts?page=1&pageSize=20 - 200 - 4ms[39m
[95m[Nest] 26296  - [39m2026/08/14 10:58:00 [95m  DEBUG[39m [38;5;3m[SchedulerEngineService] [39m[95m立即执行任务: demo.cron.hello (triggerType=1)[39m
[32m[Nest] 26296  - [39m2026/08/14 10:58:00 [32m    LOG[39m [38;5;3m[DemoCronTaskHandler] [39m[32m[示例Cron任务] 执行中... triggeredAt=2026-08-14T02:58:00.001Z[39m
[32m[Nest] 26296  - [39m2026/08/14 10:58:00 [32m    LOG[39m [38;5;3m[DemoCronTaskHandler] [39m[32m[示例Cron任务] 执行完成: 示例Cron任务执行成功[39m
[32m[Nest] 26296  - [39m2026/08/14 10:58:47 [32m    LOG[39m [38;5;3m[LoggingInterceptor] [39m[32mGET /api/install/status - 200 - 3ms[39m
[32m[Nest] 26296  - [39m2026/08/14 10:58:47 [32m    LOG[39m [38;5;3m[LoggingInterceptor] [39m[32mGET /api/install/status - 200 - 4ms[39m
[32m[Nest] 26296  - [39m2026/08/14 10:58:47 [32m    LOG[39m [38;5;3m[LoggingInterceptor] [39m[32mGET /api/permission-values - 200 - 0ms[39m
[32m[Nest] 26296  - [39m2026/08/14 10:58:47 [32m    LOG[39m [38;5;3m[LoggingInterceptor] [39m[32mGET /api/permission-values - 200 - 0ms[39m
[32m[Nest] 26296  - [39m2026/08/14 10:58:47 [32m    LOG[39m [38;5;3m[LoggingInterceptor] [39m[32mGET /api/permission-values - 200 - 0ms[39m
[32m[Nest] 26296  - [39m2026/08/14 10:58:47 [32m    LOG[39m [38;5;3m[LoggingInterceptor] [39m[32mGET /api/permission-values - 200 - 0ms[39m
[32m[Nest] 26296  - [39m2026/08/14 10:58:47 [32m    LOG[39m [38;5;3m[LoggingInterceptor] [39m[32mPOST /api/auth/userinfo - 200 - 2ms[39m
[32m[Nest] 26296  - [39m2026/08/14 10:58:47 [32m    LOG[39m [38;5;3m[LoggingInterceptor] [39m[32mPOST /api/auth/userinfo - 200 - 3ms[39m
[32m[Nest] 26296  - [39m2026/08/14 10:58:47 [32m    LOG[39m [38;5;3m[LoggingInterceptor] [39m[32mGET /api/auth/apps - 200 - 1ms[39m
[32m[Nest] 26296  - [39m2026/08/14 10:58:47 [32m    LOG[39m [38;5;3m[LoggingInterceptor] [39m[32mGET /api/auth/apps - 200 - 1ms[39m
[32m[Nest] 26296  - [39m2026/08/14 10:58:47 [32m    LOG[39m [38;5;3m[LoggingInterceptor] [39m[32mGET /api/auth/permissions?appId=b24d49c6-240f-465e-916f-cf72812d5be3 - 200 - 2ms[39m
[32m[Nest] 26296  - [39m2026/08/14 10:58:47 [32m    LOG[39m [38;5;3m[LoggingInterceptor] [39m[32mGET /api/auth/permissions?appId=b24d49c6-240f-465e-916f-cf72812d5be3 - 200 - 3ms[39m
[32m[Nest] 26296  - [39m2026/08/14 10:58:47 [32m    LOG[39m [38;5;3m[LoggingInterceptor] [39m[32mPOST /api/route-sync/check - 200 - 4ms[39m
[32m[Nest] 26296  - [39m2026/08/14 10:58:47 [32m    LOG[39m [38;5;3m[LoggingInterceptor] [39m[32mPOST /api/route-sync/check - 200 - 4ms[39m
[32m[Nest] 26296  - [39m2026/08/14 10:58:47 [32m    LOG[39m [38;5;3m[LoggingInterceptor] [39m[32mGET /api/ext/ledger/accounts?page=1&pageSize=20 - 200 - 3ms[39m
[32m[Nest] 26296  - [39m2026/08/14 10:58:47 [32m    LOG[39m [38;5;3m[LoggingInterceptor] [39m[32mGET /api/ext/ledger/accounts?page=1&pageSize=20 - 200 - 3ms[39m
[95m[Nest] 26296  - [39m2026/08/14 10:59:00 [95m  DEBUG[39m [38;5;3m[SchedulerEngineService] [39m[95m立即执行任务: demo.cron.hello (triggerType=1)[39m
[32m[Nest] 26296  - [39m2026/08/14 10:59:00 [32m    LOG[39m [38;5;3m[DemoCronTaskHandler] [39m[32m[示例Cron任务] 执行中... triggeredAt=2026-08-14T02:59:00.001Z[39m
[32m[Nest] 26296  - [39m2026/08/14 10:59:00 [32m    LOG[39m [38;5;3m[DemoCronTaskHandler] [39m[32m[示例Cron任务] 执行完成: 示例Cron任务执行成功[39m
[32m[Nest] 26296  - [39m2026/08/14 10:59:02 [32m    LOG[39m [38;5;3m[LoggingInterceptor] [39m[32mGET /api/install/status - 200 - 3ms[39m
[32m[Nest] 26296  - [39m2026/08/14 10:59:02 [32m    LOG[39m [38;5;3m[LoggingInterceptor] [39m[32mGET /api/install/status - 200 - 3ms[39m
[32m[Nest] 26296  - [39m2026/08/14 10:59:02 [32m    LOG[39m [38;5;3m[LoggingInterceptor] [39m[32mGET /api/permission-values - 200 - 0ms[39m
[32m[Nest] 26296  - [39m2026/08/14 10:59:02 [32m    LOG[39m [38;5;3m[LoggingInterceptor] [39m[32mGET /api/permission-values - 200 - 0ms[39m
[钩子] 用户登录前: admin
[钩子] 用户登录成功: admin
[32m[Nest] 26296  - [39m2026/08/14 10:59:04 [32m    LOG[39m [38;5;3m[LoggingInterceptor] [39m[32mPOST /api/auth/login - 200 - 123ms[39m
[32m[Nest] 26296  - [39m2026/08/14 10:59:04 [32m    LOG[39m [38;5;3m[LoggingInterceptor] [39m[32mPOST /api/auth/login - 200 - 123ms[39m
[32m[Nest] 26296  - [39m2026/08/14 10:59:04 [32m    LOG[39m [38;5;3m[LoggingInterceptor] [39m[32mPOST /api/auth/userinfo - 200 - 2ms[39m
[32m[Nest] 26296  - [39m2026/08/14 10:59:04 [32m    LOG[39m [38;5;3m[LoggingInterceptor] [39m[32mPOST /api/auth/userinfo - 200 - 2ms[39m
[32m[Nest] 26296  - [39m2026/08/14 10:59:04 [32m    LOG[39m [38;5;3m[LoggingInterceptor] [39m[32mGET /api/auth/apps - 200 - 1ms[39m
[32m[Nest] 26296  - [39m2026/08/14 10:59:04 [32m    LOG[39m [38;5;3m[LoggingInterceptor] [39m[32mGET /api/auth/apps - 200 - 1ms[39m
[32m[Nest] 26296  - [39m2026/08/14 10:59:04 [32m    LOG[39m [38;5;3m[LoggingInterceptor] [39m[32mGET /api/auth/apps - 200 - 2ms[39m
[32m[Nest] 26296  - [39m2026/08/14 10:59:04 [32m    LOG[39m [38;5;3m[LoggingInterceptor] [39m[32mGET /api/auth/apps - 200 - 3ms[39m
[32m[Nest] 26296  - [39m2026/08/14 10:59:05 [32m    LOG[39m [38;5;3m[LoggingInterceptor] [39m[32mGET /api/auth/permissions?appId=b24d49c6-240f-465e-916f-cf72812d5be3 - 200 - 2ms[39m
[32m[Nest] 26296  - [39m2026/08/14 10:59:05 [32m    LOG[39m [38;5;3m[LoggingInterceptor] [39m[32mGET /api/auth/permissions?appId=b24d49c6-240f-465e-916f-cf72812d5be3 - 200 - 3ms[39m
[32m[Nest] 26296  - [39m2026/08/14 10:59:05 [32m    LOG[39m [38;5;3m[LoggingInterceptor] [39m[32mGET /api/auth/permissions?appId=b24d49c6-240f-465e-916f-cf72812d5be3 - 200 - 2ms[39m
[32m[Nest] 26296  - [39m2026/08/14 10:59:05 [32m    LOG[39m [38;5;3m[LoggingInterceptor] [39m[32mGET /api/auth/permissions?appId=b24d49c6-240f-465e-916f-cf72812d5be3 - 200 - 2ms[39m
[32m[Nest] 26296  - [39m2026/08/14 10:59:05 [32m    LOG[39m [38;5;3m[LoggingInterceptor] [39m[32mPOST /api/route-sync/check - 200 - 2ms[39m
[32m[Nest] 26296  - [39m2026/08/14 10:59:05 [32m    LOG[39m [38;5;3m[LoggingInterceptor] [39m[32mPOST /api/route-sync/check - 200 - 2ms[39m
[32m[Nest] 26296  - [39m2026/08/14 10:59:08 [32m    LOG[39m [38;5;3m[LoggingInterceptor] [39m[32mGET /api/ext/ledger/accounts?page=1&pageSize=20 - 200 - 2ms[39m
[32m[Nest] 26296  - [39m2026/08/14 10:59:08 [32m    LOG[39m [38;5;3m[LoggingInterceptor] [39m[32mGET /api/ext/ledger/accounts?page=1&pageSize=20 - 200 - 3ms[39m
[32m[Nest] 26296  - [39m2026/08/14 10:59:28 [32m    LOG[39m [38;5;3m[LoggingInterceptor] [39m[32mGET /api/ext/ledger/transfers?page=1&pageSize=20 - 200 - 9ms[39m
[32m[Nest] 26296  - [39m2026/08/14 10:59:28 [32m    LOG[39m [38;5;3m[LoggingInterceptor] [39m[32mGET /api/ext/ledger/transfers?page=1&pageSize=20 - 200 - 10ms[39m
[32m[Nest] 26296  - [39m2026/08/14 10:59:52 [32m    LOG[39m [38;5;3m[LoggingInterceptor] [39m[32mGET /api/ext/ledger/accounts?page=1&pageSize=20 - 200 - 2ms[39m
[32m[Nest] 26296  - [39m2026/08/14 10:59:52 [32m    LOG[39m [38;5;3m[LoggingInterceptor] [39m[32mGET /api/ext/ledger/accounts?page=1&pageSize=20 - 200 - 3ms[39m
[95m[Nest] 26296  - [39m2026/08/14 11:00:00 [95m  DEBUG[39m [38;5;3m[SchedulerEngineService] [39m[95m立即执行任务: demo.cron.hello (triggerType=1)[39m
[32m[Nest] 26296  - [39m2026/08/14 11:00:00 [32m    LOG[39m [38;5;3m[DemoCronTaskHandler] [39m[32m[示例Cron任务] 执行中... triggeredAt=2026-08-14T03:00:00.002Z[39m
[32m[Nest] 26296  - [39m2026/08/14 11:00:00 [32m    LOG[39m [38;5;3m[DemoCronTaskHandler] [39m[32m[示例Cron任务] 执行完成: 示例Cron任务执行成功[39m
[32m[Nest] 26296  - [39m2026/08/14 11:00:15 [32m    LOG[39m [38;5;3m[LoggingInterceptor] [39m[32mGET /api/ext/ledger/transfers?page=1&pageSize=20 - 200 - 4ms[39m
[32m[Nest] 26296  - [39m2026/08/14 11:00:15 [32m    LOG[39m [38;5;3m[LoggingInterceptor] [39m[32mGET /api/ext/ledger/transfers?page=1&pageSize=20 - 200 - 5ms[39m
[32m[Nest] 26296  - [39m2026/08/14 11:00:23 [32m    LOG[39m [38;5;3m[LoggingInterceptor] [39m[32mGET /api/ext/ledger/transfers?page=1&pageSize=20 - 200 - 5ms[39m
[32m[Nest] 26296  - [39m2026/08/14 11:00:23 [32m    LOG[39m [38;5;3m[LoggingInterceptor] [39m[32mGET /api/ext/ledger/transfers?page=1&pageSize=20 - 200 - 6ms[39m
[32m[Nest] 26296  - [39m2026/08/14 11:00:40 [32m    LOG[39m [38;5;3m[LoggingInterceptor] [39m[32mGET /api/ext/ledger/transfers?page=1&pageSize=20 - 200 - 5ms[39m
[32m[Nest] 26296  - [39m2026/08/14 11:00:40 [32m    LOG[39m [38;5;3m[LoggingInterceptor] [39m[32mGET /api/ext/ledger/transfers?page=1&pageSize=20 - 200 - 6ms[39m
[32m[Nest] 26296  - [39m2026/08/14 11:00:53 [32m    LOG[39m [38;5;3m[LoggingInterceptor] [39m[32mGET /api/ext/ledger/transfers?page=1&pageSize=20 - 200 - 5ms[39m
[32m[Nest] 26296  - [39m2026/08/14 11:00:53 [32m    LOG[39m [38;5;3m[LoggingInterceptor] [39m[32mGET /api/ext/ledger/transfers?page=1&pageSize=20 - 200 - 7ms[39m
[95m[Nest] 26296  - [39m2026/08/14 11:01:00 [95m  DEBUG[39m [38;5;3m[SchedulerEngineService] [39m[95m立即执行任务: demo.cron.hello (triggerType=1)[39m
[32m[Nest] 26296  - [39m2026/08/14 11:01:00 [32m    LOG[39m [38;5;3m[DemoCronTaskHandler] [39m[32m[示例Cron任务] 执行中... triggeredAt=2026-08-14T03:01:00.013Z[39m
[32m[Nest] 26296  - [39m2026/08/14 11:01:00 [32m    LOG[39m [38;5;3m[DemoCronTaskHandler] [39m[32m[示例Cron任务] 执行完成: 示例Cron任务执行成功[39m
[32m[Nest] 26296  - [39m2026/08/14 11:01:12 [32m    LOG[39m [38;5;3m[LoggingInterceptor] [39m[32mGET /api/ext/ledger/accounts?page=1&pageSize=20 - 200 - 8ms[39m
[32m[Nest] 26296  - [39m2026/08/14 11:01:12 [32m    LOG[39m [38;5;3m[LoggingInterceptor] [39m[32mGET /api/ext/ledger/accounts?page=1&pageSize=20 - 200 - 9ms[39m
[95m[Nest] 26296  - [39m2026/08/14 11:02:00 [95m  DEBUG[39m [38;5;3m[SchedulerEngineService] [39m[95m立即执行任务: demo.cron.hello (triggerType=1)[39m
[32m[Nest] 26296  - [39m2026/08/14 11:02:00 [32m    LOG[39m [38;5;3m[DemoCronTaskHandler] [39m[32m[示例Cron任务] 执行中... triggeredAt=2026-08-14T03:02:00.002Z[39m
[32m[Nest] 26296  - [39m2026/08/14 11:02:00 [32m    LOG[39m [38;5;3m[DemoCronTaskHandler] [39m[32m[示例Cron任务] 执行完成: 示例Cron任务执行成功[39m
[32m[Nest] 26296  - [39m2026/08/14 11:02:04 [32m    LOG[39m [38;5;3m[LoggingInterceptor] [39m[32mGET /api/ext/ledger/accounts?page=1&pageSize=20 - 200 - 3ms[39m
[32m[Nest] 26296  - [39m2026/08/14 11:02:04 [32m    LOG[39m [38;5;3m[LoggingInterceptor] [39m[32mGET /api/ext/ledger/accounts?page=1&pageSize=20 - 200 - 3ms[39m
[32m[Nest] 26296  - [39m2026/08/14 11:02:18 [32m    LOG[39m [38;5;3m[LoggingInterceptor] [39m[32mGET /api/ext/ledger/accounts?page=1&pageSize=20 - 200 - 3ms[39m
[32m[Nest] 26296  - [39m2026/08/14 11:02:18 [32m    LOG[39m [38;5;3m[LoggingInterceptor] [39m[32mGET /api/ext/ledger/accounts?page=1&pageSize=20 - 200 - 3ms[39m
[32m[Nest] 26296  - [39m2026/08/14 11:02:53 [32m    LOG[39m [38;5;3m[LoggingInterceptor] [39m[32mGET /api/ext/ledger/transfers?page=1&pageSize=20 - 200 - 4ms[39m
[32m[Nest] 26296  - [39m2026/08/14 11:02:53 [32m    LOG[39m [38;5;3m[LoggingInterceptor] [39m[32mGET /api/ext/ledger/transfers?page=1&pageSize=20 - 200 - 5ms[39m
[32m[Nest] 26296  - [39m2026/08/14 11:02:58 [32m    LOG[39m [38;5;3m[LoggingInterceptor] [39m[32mGET /api/ext/ledger/accounts?page=1&pageSize=20 - 200 - 2ms[39m
[32m[Nest] 26296  - [39m2026/08/14 11:02:58 [32m    LOG[39m [38;5;3m[LoggingInterceptor] [39m[32mGET /api/ext/ledger/accounts?page=1&pageSize=20 - 200 - 3ms[39m
[95m[Nest] 26296  - [39m2026/08/14 11:03:00 [95m  DEBUG[39m [38;5;3m[SchedulerEngineService] [39m[95m立即执行任务: demo.cron.hello (triggerType=1)[39m
[32m[Nest] 26296  - [39m2026/08/14 11:03:00 [32m    LOG[39m [38;5;3m[DemoCronTaskHandler] [39m[32m[示例Cron任务] 执行中... triggeredAt=2026-08-14T03:03:00.004Z[39m
[32m[Nest] 26296  - [39m2026/08/14 11:03:00 [32m    LOG[39m [38;5;3m[DemoCronTaskHandler] [39m[32m[示例Cron任务] 执行完成: 示例Cron任务执行成功[39m
[95m[Nest] 26296  - [39m2026/08/14 11:04:00 [95m  DEBUG[39m [38;5;3m[SchedulerEngineService] [39m[95m立即执行任务: demo.cron.hello (triggerType=1)[39m
[32m[Nest] 26296  - [39m2026/08/14 11:04:00 [32m    LOG[39m [38;5;3m[DemoCronTaskHandler] [39m[32m[示例Cron任务] 执行中... triggeredAt=2026-08-14T03:04:00.006Z[39m
[32m[Nest] 26296  - [39m2026/08/14 11:04:00 [32m    LOG[39m [38;5;3m[DemoCronTaskHandler] [39m[32m[示例Cron任务] 执行完成: 示例Cron任务执行成功[39m
[32m[Nest] 26296  - [39m2026/08/14 11:04:18 [32m    LOG[39m [38;5;3m[LoggingInterceptor] [39m[32mGET /api/install/status - 200 - 2ms[39m
[32m[Nest] 26296  - [39m2026/08/14 11:04:18 [32m    LOG[39m [38;5;3m[LoggingInterceptor] [39m[32mGET /api/install/status - 200 - 3ms[39m
[32m[Nest] 26296  - [39m2026/08/14 11:04:18 [32m    LOG[39m [38;5;3m[LoggingInterceptor] [39m[32mGET /api/permission-values - 200 - 0ms[39m
[32m[Nest] 26296  - [39m2026/08/14 11:04:18 [32m    LOG[39m [38;5;3m[LoggingInterceptor] [39m[32mGET /api/permission-values - 200 - 1ms[39m
[95m[Nest] 26296  - [39m2026/08/14 11:05:00 [95m  DEBUG[39m [38;5;3m[SchedulerEngineService] [39m[95m立即执行任务: demo.cron.hello (triggerType=1)[39m
[32m[Nest] 26296  - [39m2026/08/14 11:05:00 [32m    LOG[39m [38;5;3m[DemoCronTaskHandler] [39m[32m[示例Cron任务] 执行中... triggeredAt=2026-08-14T03:05:00.001Z[39m
[32m[Nest] 26296  - [39m2026/08/14 11:05:00 [32m    LOG[39m [38;5;3m[DemoCronTaskHandler] [39m[32m[示例Cron任务] 执行完成: 示例Cron任务执行成功[39m
[32m[Nest] 26296  - [39m2026/08/14 11:05:15 [32m    LOG[39m [38;5;3m[LoggingInterceptor] [39m[32mGET /api/ext/ledger/accounts?page=1&pageSize=20 - 200 - 3ms[39m
[32m[Nest] 26296  - [39m2026/08/14 11:05:15 [32m    LOG[39m [38;5;3m[LoggingInterceptor] [39m[32mGET /api/ext/ledger/accounts?page=1&pageSize=20 - 200 - 4ms[39m
[32m[Nest] 26296  - [39m2026/08/14 11:05:15 [32m    LOG[39m [38;5;3m[LoggingInterceptor] [39m[32mGET /api/ext/ledger/accounts?page=1&pageSize=20 - 200 - 2ms[39m
[32m[Nest] 26296  - [39m2026/08/14 11:05:15 [32m    LOG[39m [38;5;3m[LoggingInterceptor] [39m[32mGET /api/ext/ledger/accounts?page=1&pageSize=20 - 200 - 2ms[39m
[32m[Nest] 26296  - [39m2026/08/14 11:05:29 [32m    LOG[39m [38;5;3m[LoggingInterceptor] [39m[32mGET /api/ext/ledger/accounts?page=1&pageSize=20 - 200 - 2ms[39m
[32m[Nest] 26296  - [39m2026/08/14 11:05:29 [32m    LOG[39m [38;5;3m[LoggingInterceptor] [39m[32mGET /api/ext/ledger/accounts?page=1&pageSize=20 - 200 - 2ms[39m
[32m[Nest] 26296  - [39m2026/08/14 11:05:29 [32m    LOG[39m [38;5;3m[LoggingInterceptor] [39m[32mGET /api/ext/ledger/accounts?page=1&pageSize=20 - 200 - 2ms[39m
[32m[Nest] 26296  - [39m2026/08/14 11:05:29 [32m    LOG[39m [38;5;3m[LoggingInterceptor] [39m[32mGET /api/ext/ledger/accounts?page=1&pageSize=20 - 200 - 2ms[39m
[95m[Nest] 26296  - [39m2026/08/14 11:06:00 [95m  DEBUG[39m [38;5;3m[SchedulerEngineService] [39m[95m立即执行任务: demo.cron.hello (triggerType=1)[39m
[32m[Nest] 26296  - [39m2026/08/14 11:06:00 [32m    LOG[39m [38;5;3m[DemoCronTaskHandler] [39m[32m[示例Cron任务] 执行中... triggeredAt=2026-08-14T03:06:00.008Z[39m
[32m[Nest] 26296  - [39m2026/08/14 11:06:00 [32m    LOG[39m [38;5;3m[DemoCronTaskHandler] [39m[32m[示例Cron任务] 执行完成: 示例Cron任务执行成功[39m
[32m[Nest] 26296  - [39m2026/08/14 11:06:09 [32m    LOG[39m [38;5;3m[LoggingInterceptor] [39m[32mGET /api/ext/ledger/accounts?page=1&pageSize=20 - 200 - 4ms[39m
[32m[Nest] 26296  - [39m2026/08/14 11:06:09 [32m    LOG[39m [38;5;3m[LoggingInterceptor] [39m[32mGET /api/ext/ledger/accounts?page=1&pageSize=20 - 200 - 4ms[39m
[32m[Nest] 26296  - [39m2026/08/14 11:06:09 [32m    LOG[39m [38;5;3m[LoggingInterceptor] [39m[32mGET /api/ext/ledger/accounts?page=1&pageSize=20 - 200 - 4ms[39m
[32m[Nest] 26296  - [39m2026/08/14 11:06:09 [32m    LOG[39m [38;5;3m[LoggingInterceptor] [39m[32mGET /api/ext/ledger/accounts?page=1&pageSize=20 - 200 - 4ms[39m
[32m[Nest] 26296  - [39m2026/08/14 11:06:31 [32m    LOG[39m [38;5;3m[LoggingInterceptor] [39m[32mGET /api/ext/ledger/accounts?page=1&pageSize=20 - 200 - 2ms[39m
[32m[Nest] 26296  - [39m2026/08/14 11:06:31 [32m    LOG[39m [38;5;3m[LoggingInterceptor] [39m[32mGET /api/ext/ledger/accounts?page=1&pageSize=20 - 200 - 2ms[39m
[32m[Nest] 26296  - [39m2026/08/14 11:06:31 [32m    LOG[39m [38;5;3m[LoggingInterceptor] [39m[32mGET /api/ext/ledger/accounts?page=1&pageSize=20 - 200 - 2ms[39m
[32m[Nest] 26296  - [39m2026/08/14 11:06:31 [32m    LOG[39m [38;5;3m[LoggingInterceptor] [39m[32mGET /api/ext/ledger/accounts?page=1&pageSize=20 - 200 - 2ms[39m
[95m[Nest] 26296  - [39m2026/08/14 11:07:00 [95m  DEBUG[39m [38;5;3m[SchedulerEngineService] [39m[95m立即执行任务: demo.cron.hello (triggerType=1)[39m
[32m[Nest] 26296  - [39m2026/08/14 11:07:00 [32m    LOG[39m [38;5;3m[DemoCronTaskHandler] [39m[32m[示例Cron任务] 执行中... triggeredAt=2026-08-14T03:07:00.000Z[39m
[32m[Nest] 26296  - [39m2026/08/14 11:07:00 [32m    LOG[39m [38;5;3m[DemoCronTaskHandler] [39m[32m[示例Cron任务] 执行完成: 示例Cron任务执行成功[39m
[95m[Nest] 26296  - [39m2026/08/14 11:08:00 [95m  DEBUG[39m [38;5;3m[SchedulerEngineService] [39m[95m立即执行任务: demo.cron.hello (triggerType=1)[39m
[32m[Nest] 26296  - [39m2026/08/14 11:08:00 [32m    LOG[39m [38;5;3m[DemoCronTaskHandler] [39m[32m[示例Cron任务] 执行中... triggeredAt=2026-08-14T03:08:00.004Z[39m
[32m[Nest] 26296  - [39m2026/08/14 11:08:00 [32m    LOG[39m [38;5;3m[DemoCronTaskHandler] [39m[32m[示例Cron任务] 执行完成: 示例Cron任务执行成功[39m
[95m[Nest] 26296  - [39m2026/08/14 11:09:00 [95m  DEBUG[39m [38;5;3m[SchedulerEngineService] [39m[95m立即执行任务: demo.cron.hello (triggerType=1)[39m
[32m[Nest] 26296  - [39m2026/08/14 11:09:00 [32m    LOG[39m [38;5;3m[DemoCronTaskHandler] [39m[32m[示例Cron任务] 执行中... triggeredAt=2026-08-14T03:09:00.003Z[39m
[32m[Nest] 26296  - [39m2026/08/14 11:09:00 [32m    LOG[39m [38;5;3m[DemoCronTaskHandler] [39m[32m[示例Cron任务] 执行完成: 示例Cron任务执行成功[39m
[95m[Nest] 26296  - [39m2026/08/14 11:10:00 [95m  DEBUG[39m [38;5;3m[SchedulerEngineService] [39m[95m立即执行任务: demo.cron.hello (triggerType=1)[39m
[32m[Nest] 26296  - [39m2026/08/14 11:10:00 [32m    LOG[39m [38;5;3m[DemoCronTaskHandler] [39m[32m[示例Cron任务] 执行中... triggeredAt=2026-08-14T03:10:00.003Z[39m
[32m[Nest] 26296  - [39m2026/08/14 11:10:00 [32m    LOG[39m [38;5;3m[DemoCronTaskHandler] [39m[32m[示例Cron任务] 执行完成: 示例Cron任务执行成功[39m
[95m[Nest] 26296  - [39m2026/08/14 11:11:00 [95m  DEBUG[39m [38;5;3m[SchedulerEngineService] [39m[95m立即执行任务: demo.cron.hello (triggerType=1)[39m
[32m[Nest] 26296  - [39m2026/08/14 11:11:00 [32m    LOG[39m [38;5;3m[DemoCronTaskHandler] [39m[32m[示例Cron任务] 执行中... triggeredAt=2026-08-14T03:11:00.009Z[39m
[32m[Nest] 26296  - [39m2026/08/14 11:11:00 [32m    LOG[39m [38;5;3m[DemoCronTaskHandler] [39m[32m[示例Cron任务] 执行完成: 示例Cron任务执行成功[39m
[32m[Nest] 26296  - [39m2026/08/14 11:11:27 [32m    LOG[39m [38;5;3m[LoggingInterceptor] [39m[32mGET /api/install/status - 200 - 2ms[39m
[32m[Nest] 26296  - [39m2026/08/14 11:11:27 [32m    LOG[39m [38;5;3m[LoggingInterceptor] [39m[32mGET /api/install/status - 200 - 3ms[39m
[32m[Nest] 26296  - [39m2026/08/14 11:11:27 [32m    LOG[39m [38;5;3m[LoggingInterceptor] [39m[32mGET /api/permission-values - 200 - 0ms[39m
[32m[Nest] 26296  - [39m2026/08/14 11:11:27 [32m    LOG[39m [38;5;3m[LoggingInterceptor] [39m[32mGET /api/permission-values - 200 - 0ms[39m
[32m[Nest] 26296  - [39m2026/08/14 11:11:27 [32m    LOG[39m [38;5;3m[LoggingInterceptor] [39m[32mPOST /api/auth/userinfo - 200 - 5ms[39m
[32m[Nest] 26296  - [39m2026/08/14 11:11:27 [32m    LOG[39m [38;5;3m[LoggingInterceptor] [39m[32mPOST /api/auth/userinfo - 200 - 5ms[39m
[32m[Nest] 26296  - [39m2026/08/14 11:11:27 [32m    LOG[39m [38;5;3m[LoggingInterceptor] [39m[32mGET /api/auth/apps - 200 - 1ms[39m
[32m[Nest] 26296  - [39m2026/08/14 11:11:27 [32m    LOG[39m [38;5;3m[LoggingInterceptor] [39m[32mGET /api/auth/apps - 200 - 2ms[39m
[32m[Nest] 26296  - [39m2026/08/14 11:11:27 [32m    LOG[39m [38;5;3m[LoggingInterceptor] [39m[32mGET /api/auth/permissions?appId=b24d49c6-240f-465e-916f-cf72812d5be3 - 200 - 12ms[39m
[32m[Nest] 26296  - [39m2026/08/14 11:11:27 [32m    LOG[39m [38;5;3m[LoggingInterceptor] [39m[32mGET /api/auth/permissions?appId=b24d49c6-240f-465e-916f-cf72812d5be3 - 200 - 14ms[39m
[32m[Nest] 26296  - [39m2026/08/14 11:11:27 [32m    LOG[39m [38;5;3m[LoggingInterceptor] [39m[32mPOST /api/route-sync/check - 200 - 3ms[39m
[32m[Nest] 26296  - [39m2026/08/14 11:11:27 [32m    LOG[39m [38;5;3m[LoggingInterceptor] [39m[32mPOST /api/route-sync/check - 200 - 3ms[39m
[95m[Nest] 26296  - [39m2026/08/14 11:12:00 [95m  DEBUG[39m [38;5;3m[SchedulerEngineService] [39m[95m立即执行任务: demo.cron.hello (triggerType=1)[39m
[32m[Nest] 26296  - [39m2026/08/14 11:12:00 [32m    LOG[39m [38;5;3m[DemoCronTaskHandler] [39m[32m[示例Cron任务] 执行中... triggeredAt=2026-08-14T03:12:00.002Z[39m
[32m[Nest] 26296  - [39m2026/08/14 11:12:00 [32m    LOG[39m [38;5;3m[DemoCronTaskHandler] [39m[32m[示例Cron任务] 执行完成: 示例Cron任务执行成功[39m
[32m[Nest] 26296  - [39m2026/08/14 11:12:56 [32m    LOG[39m [38;5;3m[LoggingInterceptor] [39m[32mGET /api/ext/ledger/accounts?page=1&pageSize=20 - 200 - 3ms[39m
[32m[Nest] 26296  - [39m2026/08/14 11:12:56 [32m    LOG[39m [38;5;3m[LoggingInterceptor] [39m[32mGET /api/ext/ledger/accounts?page=1&pageSize=20 - 200 - 4ms[39m
[95m[Nest] 26296  - [39m2026/08/14 11:13:00 [95m  DEBUG[39m [38;5;3m[SchedulerEngineService] [39m[95m立即执行任务: demo.cron.hello (triggerType=1)[39m
[32m[Nest] 26296  - [39m2026/08/14 11:13:00 [32m    LOG[39m [38;5;3m[DemoCronTaskHandler] [39m[32m[示例Cron任务] 执行中... triggeredAt=2026-08-14T03:13:00.002Z[39m
[32m[Nest] 26296  - [39m2026/08/14 11:13:00 [32m    LOG[39m [38;5;3m[DemoCronTaskHandler] [39m[32m[示例Cron任务] 执行完成: 示例Cron任务执行成功[39m
[95m[Nest] 26296  - [39m2026/08/14 11:14:00 [95m  DEBUG[39m [38;5;3m[SchedulerEngineService] [39m[95m立即执行任务: demo.cron.hello (triggerType=1)[39m
[32m[Nest] 26296  - [39m2026/08/14 11:14:00 [32m    LOG[39m [38;5;3m[DemoCronTaskHandler] [39m[32m[示例Cron任务] 执行中... triggeredAt=2026-08-14T03:14:00.007Z[39m
[32m[Nest] 26296  - [39m2026/08/14 11:14:00 [32m    LOG[39m [38;5;3m[DemoCronTaskHandler] [39m[32m[示例Cron任务] 执行完成: 示例Cron任务执行成功[39m
[95m[Nest] 26296  - [39m2026/08/14 11:15:00 [95m  DEBUG[39m [38;5;3m[SchedulerEngineService] [39m[95m立即执行任务: demo.cron.hello (triggerType=1)[39m
[32m[Nest] 26296  - [39m2026/08/14 11:15:00 [32m    LOG[39m [38;5;3m[DemoCronTaskHandler] [39m[32m[示例Cron任务] 执行中... triggeredAt=2026-08-14T03:15:00.010Z[39m
[32m[Nest] 26296  - [39m2026/08/14 11:15:00 [32m    LOG[39m [38;5;3m[DemoCronTaskHandler] [39m[32m[示例Cron任务] 执行完成: 示例Cron任务执行成功[39m
[32m[Nest] 26296  - [39m2026/08/14 11:15:03 [32m    LOG[39m [38;5;3m[LoggingInterceptor] [39m[32mGET /api/ext/ledger/transfers?page=1&pageSize=20 - 200 - 4ms[39m
[32m[Nest] 26296  - [39m2026/08/14 11:15:03 [32m    LOG[39m [38;5;3m[LoggingInterceptor] [39m[32mGET /api/ext/ledger/transfers?page=1&pageSize=20 - 200 - 5ms[39m
[32m[Nest] 26296  - [39m2026/08/14 11:15:58 [32m    LOG[39m [38;5;3m[LoggingInterceptor] [39m[32mGET /api/ext/ledger/transfers?page=1&pageSize=20 - 200 - 4ms[39m
[32m[Nest] 26296  - [39m2026/08/14 11:15:58 [32m    LOG[39m [38;5;3m[LoggingInterceptor] [39m[32mGET /api/ext/ledger/transfers?page=1&pageSize=20 - 200 - 6ms[39m
[95m[Nest] 26296  - [39m2026/08/14 11:16:00 [95m  DEBUG[39m [38;5;3m[SchedulerEngineService] [39m[95m立即执行任务: demo.cron.hello (triggerType=1)[39m
[32m[Nest] 26296  - [39m2026/08/14 11:16:00 [32m    LOG[39m [38;5;3m[DemoCronTaskHandler] [39m[32m[示例Cron任务] 执行中... triggeredAt=2026-08-14T03:16:00.012Z[39m
[32m[Nest] 26296  - [39m2026/08/14 11:16:00 [32m    LOG[39m [38;5;3m[DemoCronTaskHandler] [39m[32m[示例Cron任务] 执行完成: 示例Cron任务执行成功[39m
[32m[Nest] 26296  - [39m2026/08/14 11:16:15 [32m    LOG[39m [38;5;3m[LoggingInterceptor] [39m[32mGET /api/ext/ledger/reconcile/reports?page=1&pageSize=20 - 200 - 2ms[39m
[32m[Nest] 26296  - [39m2026/08/14 11:16:15 [32m    LOG[39m [38;5;3m[LoggingInterceptor] [39m[32mGET /api/ext/ledger/reconcile/reports?page=1&pageSize=20 - 200 - 3ms[39m
[32m[Nest] 26296  - [39m2026/08/14 11:16:41 [32m    LOG[39m [38;5;3m[LoggingInterceptor] [39m[32mGET /api/ext/ledger/reconcile/reports?page=1&pageSize=20 - 200 - 2ms[39m
[32m[Nest] 26296  - [39m2026/08/14 11:16:41 [32m    LOG[39m [38;5;3m[LoggingInterceptor] [39m[32mGET /api/ext/ledger/reconcile/reports?page=1&pageSize=20 - 200 - 2ms[39m
[95m[Nest] 26296  - [39m2026/08/14 11:17:00 [95m  DEBUG[39m [38;5;3m[SchedulerEngineService] [39m[95m立即执行任务: demo.cron.hello (triggerType=1)[39m
[32m[Nest] 26296  - [39m2026/08/14 11:17:00 [32m    LOG[39m [38;5;3m[DemoCronTaskHandler] [39m[32m[示例Cron任务] 执行中... triggeredAt=2026-08-14T03:17:00.004Z[39m
[32m[Nest] 26296  - [39m2026/08/14 11:17:00 [32m    LOG[39m [38;5;3m[DemoCronTaskHandler] [39m[32m[示例Cron任务] 执行完成: 示例Cron任务执行成功[39m
[95m[Nest] 26296  - [39m2026/08/14 11:18:00 [95m  DEBUG[39m [38;5;3m[SchedulerEngineService] [39m[95m立即执行任务: demo.cron.hello (triggerType=1)[39m
[32m[Nest] 26296  - [39m2026/08/14 11:18:00 [32m    LOG[39m [38;5;3m[DemoCronTaskHandler] [39m[32m[示例Cron任务] 执行中... triggeredAt=2026-08-14T03:18:00.012Z[39m
[32m[Nest] 26296  - [39m2026/08/14 11:18:00 [32m    LOG[39m [38;5;3m[DemoCronTaskHandler] [39m[32m[示例Cron任务] 执行完成: 示例Cron任务执行成功[39m
[95m[Nest] 26296  - [39m2026/08/14 11:19:00 [95m  DEBUG[39m [38;5;3m[SchedulerEngineService] [39m[95m立即执行任务: demo.cron.hello (triggerType=1)[39m
[32m[Nest] 26296  - [39m2026/08/14 11:19:00 [32m    LOG[39m [38;5;3m[DemoCronTaskHandler] [39m[32m[示例Cron任务] 执行中... triggeredAt=2026-08-14T03:19:00.005Z[39m
[32m[Nest] 26296  - [39m2026/08/14 11:19:00 [32m    LOG[39m [38;5;3m[DemoCronTaskHandler] [39m[32m[示例Cron任务] 执行完成: 示例Cron任务执行成功[39m
[95m[Nest] 26296  - [39m2026/08/14 11:20:00 [95m  DEBUG[39m [38;5;3m[SchedulerEngineService] [39m[95m立即执行任务: demo.cron.hello (triggerType=1)[39m
[32m[Nest] 26296  - [39m2026/08/14 11:20:00 [32m    LOG[39m [38;5;3m[DemoCronTaskHandler] [39m[32m[示例Cron任务] 执行中... triggeredAt=2026-08-14T03:20:00.000Z[39m
[32m[Nest] 26296  - [39m2026/08/14 11:20:00 [32m    LOG[39m [38;5;3m[DemoCronTaskHandler] [39m[32m[示例Cron任务] 执行完成: 示例Cron任务执行成功[39m
[95m[Nest] 26296  - [39m2026/08/14 11:21:00 [95m  DEBUG[39m [38;5;3m[SchedulerEngineService] [39m[95m立即执行任务: demo.cron.hello (triggerType=1)[39m
[32m[Nest] 26296  - [39m2026/08/14 11:21:00 [32m    LOG[39m [38;5;3m[DemoCronTaskHandler] [39m[32m[示例Cron任务] 执行中... triggeredAt=2026-08-14T03:21:00.008Z[39m
[32m[Nest] 26296  - [39m2026/08/14 11:21:00 [32m    LOG[39m [38;5;3m[DemoCronTaskHandler] [39m[32m[示例Cron任务] 执行完成: 示例Cron任务执行成功[39m
[95m[Nest] 26296  - [39m2026/08/14 11:22:00 [95m  DEBUG[39m [38;5;3m[SchedulerEngineService] [39m[95m立即执行任务: demo.cron.hello (triggerType=1)[39m
[32m[Nest] 26296  - [39m2026/08/14 11:22:00 [32m    LOG[39m [38;5;3m[DemoCronTaskHandler] [39m[32m[示例Cron任务] 执行中... triggeredAt=2026-08-14T03:22:00.001Z[39m
[32m[Nest] 26296  - [39m2026/08/14 11:22:00 [32m    LOG[39m [38;5;3m[DemoCronTaskHandler] [39m[32m[示例Cron任务] 执行完成: 示例Cron任务执行成功[39m
[95m[Nest] 26296  - [39m2026/08/14 11:23:00 [95m  DEBUG[39m [38;5;3m[SchedulerEngineService] [39m[95m立即执行任务: demo.cron.hello (triggerType=1)[39m
[32m[Nest] 26296  - [39m2026/08/14 11:23:00 [32m    LOG[39m [38;5;3m[DemoCronTaskHandler] [39m[32m[示例Cron任务] 执行中... triggeredAt=2026-08-14T03:23:00.014Z[39m
[32m[Nest] 26296  - [39m2026/08/14 11:23:00 [32m    LOG[39m [38;5;3m[DemoCronTaskHandler] [39m[32m[示例Cron任务] 执行完成: 示例Cron任务执行成功[39m
[95m[Nest] 26296  - [39m2026/08/14 11:24:00 [95m  DEBUG[39m [38;5;3m[SchedulerEngineService] [39m[95m立即执行任务: demo.cron.hello (triggerType=1)[39m
[32m[Nest] 26296  - [39m2026/08/14 11:24:00 [32m    LOG[39m [38;5;3m[DemoCronTaskHandler] [39m[32m[示例Cron任务] 执行中... triggeredAt=2026-08-14T03:24:00.011Z[39m
[32m[Nest] 26296  - [39m2026/08/14 11:24:00 [32m    LOG[39m [38;5;3m[DemoCronTaskHandler] [39m[32m[示例Cron任务] 执行完成: 示例Cron任务执行成功[39m
[95m[Nest] 26296  - [39m2026/08/14 11:25:00 [95m  DEBUG[39m [38;5;3m[SchedulerEngineService] [39m[95m立即执行任务: demo.cron.hello (triggerType=1)[39m
[32m[Nest] 26296  - [39m2026/08/14 11:25:00 [32m    LOG[39m [38;5;3m[DemoCronTaskHandler] [39m[32m[示例Cron任务] 执行中... triggeredAt=2026-08-14T03:25:00.009Z[39m
[32m[Nest] 26296  - [39m2026/08/14 11:25:00 [32m    LOG[39m [38;5;3m[DemoCronTaskHandler] [39m[32m[示例Cron任务] 执行完成: 示例Cron任务执行成功[39m
[95m[Nest] 26296  - [39m2026/08/14 11:26:00 [95m  DEBUG[39m [38;5;3m[SchedulerEngineService] [39m[95m立即执行任务: demo.cron.hello (triggerType=1)[39m
[32m[Nest] 26296  - [39m2026/08/14 11:26:00 [32m    LOG[39m [38;5;3m[DemoCronTaskHandler] [39m[32m[示例Cron任务] 执行中... triggeredAt=2026-08-14T03:26:00.009Z[39m
[32m[Nest] 26296  - [39m2026/08/14 11:26:00 [32m    LOG[39m [38;5;3m[DemoCronTaskHandler] [39m[32m[示例Cron任务] 执行完成: 示例Cron任务执行成功[39m
[95m[Nest] 26296  - [39m2026/08/14 11:27:00 [95m  DEBUG[39m [38;5;3m[SchedulerEngineService] [39m[95m立即执行任务: demo.cron.hello (triggerType=1)[39m
[32m[Nest] 26296  - [39m2026/08/14 11:27:00 [32m    LOG[39m [38;5;3m[DemoCronTaskHandler] [39m[32m[示例Cron任务] 执行中... triggeredAt=2026-08-14T03:27:00.014Z[39m
[32m[Nest] 26296  - [39m2026/08/14 11:27:00 [32m    LOG[39m [38;5;3m[DemoCronTaskHandler] [39m[32m[示例Cron任务] 执行完成: 示例Cron任务执行成功[39m
[32m[Nest] 26296  - [39m2026/08/14 11:27:11 [32m    LOG[39m [38;5;3m[LoggingInterceptor] [39m[32mGET /api/install/status - 200 - 5ms[39m
[32m[Nest] 26296  - [39m2026/08/14 11:27:11 [32m    LOG[39m [38;5;3m[LoggingInterceptor] [39m[32mGET /api/install/status - 200 - 6ms[39m
[32m[Nest] 26296  - [39m2026/08/14 11:27:11 [32m    LOG[39m [38;5;3m[LoggingInterceptor] [39m[32mGET /api/install/status - 200 - 4ms[39m
[32m[Nest] 26296  - [39m2026/08/14 11:27:11 [32m    LOG[39m [38;5;3m[LoggingInterceptor] [39m[32mGET /api/install/status - 200 - 5ms[39m
[32m[Nest] 26296  - [39m2026/08/14 11:27:12 [32m    LOG[39m [38;5;3m[LoggingInterceptor] [39m[32mGET /api/permission-values - 200 - 0ms[39m
[32m[Nest] 26296  - [39m2026/08/14 11:27:12 [32m    LOG[39m [38;5;3m[LoggingInterceptor] [39m[32mGET /api/permission-values - 200 - 1ms[39m
[32m[Nest] 26296  - [39m2026/08/14 11:27:12 [32m    LOG[39m [38;5;3m[LoggingInterceptor] [39m[32mGET /api/permission-values - 200 - 0ms[39m
[32m[Nest] 26296  - [39m2026/08/14 11:27:12 [32m    LOG[39m [38;5;3m[LoggingInterceptor] [39m[32mGET /api/permission-values - 200 - 1ms[39m
[32m[Nest] 26296  - [39m2026/08/14 11:27:12 [32m    LOG[39m [38;5;3m[LoggingInterceptor] [39m[32mGET /api/permission-values - 200 - 0ms[39m
[32m[Nest] 26296  - [39m2026/08/14 11:27:12 [32m    LOG[39m [38;5;3m[LoggingInterceptor] [39m[32mGET /api/permission-values - 200 - 2ms[39m
[32m[Nest] 26296  - [39m2026/08/14 11:27:12 [32m    LOG[39m [38;5;3m[LoggingInterceptor] [39m[32mPOST /api/auth/userinfo - 200 - 5ms[39m
[32m[Nest] 26296  - [39m2026/08/14 11:27:12 [32m    LOG[39m [38;5;3m[LoggingInterceptor] [39m[32mPOST /api/auth/userinfo - 200 - 5ms[39m
[32m[Nest] 26296  - [39m2026/08/14 11:27:12 [32m    LOG[39m [38;5;3m[LoggingInterceptor] [39m[32mGET /api/auth/apps - 200 - 2ms[39m
[32m[Nest] 26296  - [39m2026/08/14 11:27:12 [32m    LOG[39m [38;5;3m[LoggingInterceptor] [39m[32mGET /api/auth/apps - 200 - 2ms[39m
[32m[Nest] 26296  - [39m2026/08/14 11:27:12 [32m    LOG[39m [38;5;3m[LoggingInterceptor] [39m[32mGET /api/auth/permissions?appId=b24d49c6-240f-465e-916f-cf72812d5be3 - 200 - 5ms[39m
[32m[Nest] 26296  - [39m2026/08/14 11:27:12 [32m    LOG[39m [38;5;3m[LoggingInterceptor] [39m[32mGET /api/auth/permissions?appId=b24d49c6-240f-465e-916f-cf72812d5be3 - 200 - 6ms[39m
[32m[Nest] 26296  - [39m2026/08/14 11:27:13 [32m    LOG[39m [38;5;3m[LoggingInterceptor] [39m[32mPOST /api/route-sync/check - 200 - 3ms[39m
[32m[Nest] 26296  - [39m2026/08/14 11:27:13 [32m    LOG[39m [38;5;3m[LoggingInterceptor] [39m[32mPOST /api/route-sync/check - 200 - 3ms[39m
[32m[Nest] 26296  - [39m2026/08/14 11:27:13 [32m    LOG[39m [38;5;3m[LoggingInterceptor] [39m[32mGET /api/ext/ledger/accounts?page=1&pageSize=20 - 200 - 5ms[39m
[32m[Nest] 26296  - [39m2026/08/14 11:27:13 [32m    LOG[39m [38;5;3m[LoggingInterceptor] [39m[32mGET /api/ext/ledger/accounts?page=1&pageSize=20 - 200 - 6ms[39m
[95m[Nest] 26296  - [39m2026/08/14 11:28:00 [95m  DEBUG[39m [38;5;3m[SchedulerEngineService] [39m[95m立即执行任务: demo.cron.hello (triggerType=1)[39m
[32m[Nest] 26296  - [39m2026/08/14 11:28:00 [32m    LOG[39m [38;5;3m[DemoCronTaskHandler] [39m[32m[示例Cron任务] 执行中... triggeredAt=2026-08-14T03:28:00.013Z[39m
[32m[Nest] 26296  - [39m2026/08/14 11:28:00 [32m    LOG[39m [38;5;3m[DemoCronTaskHandler] [39m[32m[示例Cron任务] 执行完成: 示例Cron任务执行成功[39m
[32m[Nest] 26296  - [39m2026/08/14 11:28:28 [32m    LOG[39m [38;5;3m[LoggingInterceptor] [39m[32mGET /api/ext/ledger/accounts?page=1&pageSize=20 - 200 - 4ms[39m
[32m[Nest] 26296  - [39m2026/08/14 11:28:28 [32m    LOG[39m [38;5;3m[LoggingInterceptor] [39m[32mGET /api/ext/ledger/accounts?page=1&pageSize=20 - 200 - 6ms[39m
[95m[Nest] 26296  - [39m2026/08/14 11:29:00 [95m  DEBUG[39m [38;5;3m[SchedulerEngineService] [39m[95m立即执行任务: demo.cron.hello (triggerType=1)[39m
[32m[Nest] 26296  - [39m2026/08/14 11:29:00 [32m    LOG[39m [38;5;3m[DemoCronTaskHandler] [39m[32m[示例Cron任务] 执行中... triggeredAt=2026-08-14T03:29:00.007Z[39m
[32m[Nest] 26296  - [39m2026/08/14 11:29:00 [32m    LOG[39m [38;5;3m[DemoCronTaskHandler] [39m[32m[示例Cron任务] 执行完成: 示例Cron任务执行成功[39m
[95m[Nest] 26296  - [39m2026/08/14 11:30:00 [95m  DEBUG[39m [38;5;3m[SchedulerEngineService] [39m[95m立即执行任务: demo.cron.hello (triggerType=1)[39m
[32m[Nest] 26296  - [39m2026/08/14 11:30:00 [32m    LOG[39m [38;5;3m[DemoCronTaskHandler] [39m[32m[示例Cron任务] 执行中... triggeredAt=2026-08-14T03:30:00.001Z[39m
[32m[Nest] 26296  - [39m2026/08/14 11:30:00 [32m    LOG[39m [38;5;3m[DemoCronTaskHandler] [39m[32m[示例Cron任务] 执行完成: 示例Cron任务执行成功[39m
[32m[Nest] 26296  - [39m2026/08/14 11:30:37 [32m    LOG[39m [38;5;3m[LoggingInterceptor] [39m[32mGET /api/ext/ledger/accounts?page=1&pageSize=20 - 200 - 3ms[39m
[32m[Nest] 26296  - [39m2026/08/14 11:30:37 [32m    LOG[39m [38;5;3m[LoggingInterceptor] [39m[32mGET /api/ext/ledger/accounts?page=1&pageSize=20 - 200 - 4ms[39m
[32m[Nest] 26296  - [39m2026/08/14 11:30:42 [32m    LOG[39m [38;5;3m[LoggingInterceptor] [39m[32mGET /api/ext/ledger/accounts?page=1&pageSize=20 - 200 - 4ms[39m
[32m[Nest] 26296  - [39m2026/08/14 11:30:42 [32m    LOG[39m [38;5;3m[LoggingInterceptor] [39m[32mGET /api/ext/ledger/accounts?page=1&pageSize=20 - 200 - 5ms[39m
[95m[Nest] 26296  - [39m2026/08/14 11:31:00 [95m  DEBUG[39m [38;5;3m[SchedulerEngineService] [39m[95m立即执行任务: demo.cron.hello (triggerType=1)[39m
[32m[Nest] 26296  - [39m2026/08/14 11:31:00 [32m    LOG[39m [38;5;3m[DemoCronTaskHandler] [39m[32m[示例Cron任务] 执行中... triggeredAt=2026-08-14T03:31:00.004Z[39m
[32m[Nest] 26296  - [39m2026/08/14 11:31:00 [32m    LOG[39m [38;5;3m[DemoCronTaskHandler] [39m[32m[示例Cron任务] 执行完成: 示例Cron任务执行成功[39m
[95m[Nest] 26296  - [39m2026/08/14 11:32:00 [95m  DEBUG[39m [38;5;3m[SchedulerEngineService] [39m[95m立即执行任务: demo.cron.hello (triggerType=1)[39m
[32m[Nest] 26296  - [39m2026/08/14 11:32:00 [32m    LOG[39m [38;5;3m[DemoCronTaskHandler] [39m[32m[示例Cron任务] 执行中... triggeredAt=2026-08-14T03:32:00.006Z[39m
[32m[Nest] 26296  - [39m2026/08/14 11:32:00 [32m    LOG[39m [38;5;3m[DemoCronTaskHandler] [39m[32m[示例Cron任务] 执行完成: 示例Cron任务执行成功[39m
[95m[Nest] 26296  - [39m2026/08/14 11:33:00 [95m  DEBUG[39m [38;5;3m[SchedulerEngineService] [39m[95m立即执行任务: demo.cron.hello (triggerType=1)[39m
[32m[Nest] 26296  - [39m2026/08/14 11:33:00 [32m    LOG[39m [38;5;3m[DemoCronTaskHandler] [39m[32m[示例Cron任务] 执行中... triggeredAt=2026-08-14T03:33:00.005Z[39m
[32m[Nest] 26296  - [39m2026/08/14 11:33:00 [32m    LOG[39m [38;5;3m[DemoCronTaskHandler] [39m[32m[示例Cron任务] 执行完成: 示例Cron任务执行成功[39m
[95m[Nest] 26296  - [39m2026/08/14 11:34:00 [95m  DEBUG[39m [38;5;3m[SchedulerEngineService] [39m[95m立即执行任务: demo.cron.hello (triggerType=1)[39m
[32m[Nest] 26296  - [39m2026/08/14 11:34:00 [32m    LOG[39m [38;5;3m[DemoCronTaskHandler] [39m[32m[示例Cron任务] 执行中... triggeredAt=2026-08-14T03:34:00.014Z[39m
[32m[Nest] 26296  - [39m2026/08/14 11:34:00 [32m    LOG[39m [38;5;3m[DemoCronTaskHandler] [39m[32m[示例Cron任务] 执行完成: 示例Cron任务执行成功[39m
[95m[Nest] 26296  - [39m2026/08/14 11:35:00 [95m  DEBUG[39m [38;5;3m[SchedulerEngineService] [39m[95m立即执行任务: demo.cron.hello (triggerType=1)[39m
[32m[Nest] 26296  - [39m2026/08/14 11:35:00 [32m    LOG[39m [38;5;3m[DemoCronTaskHandler] [39m[32m[示例Cron任务] 执行中... triggeredAt=2026-08-14T03:35:00.005Z[39m
[32m[Nest] 26296  - [39m2026/08/14 11:35:00 [32m    LOG[39m [38;5;3m[DemoCronTaskHandler] [39m[32m[示例Cron任务] 执行完成: 示例Cron任务执行成功[39m
[95m[Nest] 26296  - [39m2026/08/14 11:36:00 [95m  DEBUG[39m [38;5;3m[SchedulerEngineService] [39m[95m立即执行任务: demo.cron.hello (triggerType=1)[39m
[32m[Nest] 26296  - [39m2026/08/14 11:36:00 [32m    LOG[39m [38;5;3m[DemoCronTaskHandler] [39m[32m[示例Cron任务] 执行中... triggeredAt=2026-08-14T03:36:00.011Z[39m
[32m[Nest] 26296  - [39m2026/08/14 11:36:00 [32m    LOG[39m [38;5;3m[DemoCronTaskHandler] [39m[32m[示例Cron任务] 执行完成: 示例Cron任务执行成功[39m
[32m[Nest] 26296  - [39m2026/08/14 11:36:08 [32m    LOG[39m [38;5;3m[LoggingInterceptor] [39m[32mGET /api/install/status - 200 - 4ms[39m
[32m[Nest] 26296  - [39m2026/08/14 11:36:08 [32m    LOG[39m [38;5;3m[LoggingInterceptor] [39m[32mGET /api/install/status - 200 - 5ms[39m
[32m[Nest] 26296  - [39m2026/08/14 11:36:08 [32m    LOG[39m [38;5;3m[LoggingInterceptor] [39m[32mGET /api/permission-values - 200 - 0ms[39m
[32m[Nest] 26296  - [39m2026/08/14 11:36:08 [32m    LOG[39m [38;5;3m[LoggingInterceptor] [39m[32mGET /api/permission-values - 200 - 0ms[39m
[32m[Nest] 26296  - [39m2026/08/14 11:36:41 [32m    LOG[39m [38;5;3m[LoggingInterceptor] [39m[32mGET /api/install/status - 200 - 2ms[39m
[32m[Nest] 26296  - [39m2026/08/14 11:36:41 [32m    LOG[39m [38;5;3m[LoggingInterceptor] [39m[32mGET /api/install/status - 200 - 2ms[39m
[32m[Nest] 26296  - [39m2026/08/14 11:36:41 [32m    LOG[39m [38;5;3m[LoggingInterceptor] [39m[32mGET /api/permission-values - 200 - 1ms[39m
[32m[Nest] 26296  - [39m2026/08/14 11:36:41 [32m    LOG[39m [38;5;3m[LoggingInterceptor] [39m[32mGET /api/permission-values - 200 - 1ms[39m
[95m[Nest] 26296  - [39m2026/08/14 11:37:00 [95m  DEBUG[39m [38;5;3m[SchedulerEngineService] [39m[95m立即执行任务: demo.cron.hello (triggerType=1)[39m
[32m[Nest] 26296  - [39m2026/08/14 11:37:00 [32m    LOG[39m [38;5;3m[DemoCronTaskHandler] [39m[32m[示例Cron任务] 执行中... triggeredAt=2026-08-14T03:37:00.016Z[39m
[32m[Nest] 26296  - [39m2026/08/14 11:37:00 [32m    LOG[39m [38;5;3m[DemoCronTaskHandler] [39m[32m[示例Cron任务] 执行完成: 示例Cron任务执行成功[39m
[钩子] 用户登录前: admin
[钩子] 用户登录成功: admin
[32m[Nest] 26296  - [39m2026/08/14 11:37:36 [32m    LOG[39m [38;5;3m[LoggingInterceptor] [39m[32mPOST /api/auth/login - 200 - 147ms[39m
[32m[Nest] 26296  - [39m2026/08/14 11:37:36 [32m    LOG[39m [38;5;3m[LoggingInterceptor] [39m[32mPOST /api/auth/login - 200 - 147ms[39m
[32m[Nest] 26296  - [39m2026/08/14 11:37:36 [32m    LOG[39m [38;5;3m[LoggingInterceptor] [39m[32mPOST /api/auth/userinfo - 200 - 3ms[39m
[32m[Nest] 26296  - [39m2026/08/14 11:37:36 [32m    LOG[39m [38;5;3m[LoggingInterceptor] [39m[32mPOST /api/auth/userinfo - 200 - 3ms[39m
[32m[Nest] 26296  - [39m2026/08/14 11:37:36 [32m    LOG[39m [38;5;3m[LoggingInterceptor] [39m[32mGET /api/auth/apps - 200 - 2ms[39m
[32m[Nest] 26296  - [39m2026/08/14 11:37:36 [32m    LOG[39m [38;5;3m[LoggingInterceptor] [39m[32mGET /api/auth/apps - 200 - 3ms[39m
[32m[Nest] 26296  - [39m2026/08/14 11:37:36 [32m    LOG[39m [38;5;3m[LoggingInterceptor] [39m[32mGET /api/auth/apps - 200 - 1ms[39m
[32m[Nest] 26296  - [39m2026/08/14 11:37:36 [32m    LOG[39m [38;5;3m[LoggingInterceptor] [39m[32mGET /api/auth/apps - 200 - 2ms[39m
[95m[Nest] 26296  - [39m2026/08/14 11:38:00 [95m  DEBUG[39m [38;5;3m[SchedulerEngineService] [39m[95m立即执行任务: demo.cron.hello (triggerType=1)[39m
[32m[Nest] 26296  - [39m2026/08/14 11:38:00 [32m    LOG[39m [38;5;3m[DemoCronTaskHandler] [39m[32m[示例Cron任务] 执行中... triggeredAt=2026-08-14T03:38:00.014Z[39m
[32m[Nest] 26296  - [39m2026/08/14 11:38:00 [32m    LOG[39m [38;5;3m[DemoCronTaskHandler] [39m[32m[示例Cron任务] 执行完成: 示例Cron任务执行成功[39m
[95m[Nest] 26296  - [39m2026/08/14 11:39:00 [95m  DEBUG[39m [38;5;3m[SchedulerEngineService] [39m[95m立即执行任务: demo.cron.hello (triggerType=1)[39m
[32m[Nest] 26296  - [39m2026/08/14 11:39:00 [32m    LOG[39m [38;5;3m[DemoCronTaskHandler] [39m[32m[示例Cron任务] 执行中... triggeredAt=2026-08-14T03:39:00.057Z[39m
[32m[Nest] 26296  - [39m2026/08/14 11:39:00 [32m    LOG[39m [38;5;3m[DemoCronTaskHandler] [39m[32m[示例Cron任务] 执行完成: 示例Cron任务执行成功[39m
[32m[Nest] 26296  - [39m2026/08/14 11:39:39 [32m    LOG[39m [38;5;3m[LoggingInterceptor] [39m[32mGET /api/auth/permissions?appId=b24d49c6-240f-465e-916f-cf72812d5be3 - 200 - 2ms[39m
[32m[Nest] 26296  - [39m2026/08/14 11:39:39 [32m    LOG[39m [38;5;3m[LoggingInterceptor] [39m[32mGET /api/auth/permissions?appId=b24d49c6-240f-465e-916f-cf72812d5be3 - 200 - 3ms[39m
[32m[Nest] 26296  - [39m2026/08/14 11:39:39 [32m    LOG[39m [38;5;3m[LoggingInterceptor] [39m[32mGET /api/auth/permissions?appId=b24d49c6-240f-465e-916f-cf72812d5be3 - 200 - 2ms[39m
[32m[Nest] 26296  - [39m2026/08/14 11:39:39 [32m    LOG[39m [38;5;3m[LoggingInterceptor] [39m[32mGET /api/auth/permissions?appId=b24d49c6-240f-465e-916f-cf72812d5be3 - 200 - 3ms[39m
[32m[Nest] 26296  - [39m2026/08/14 11:39:39 [32m    LOG[39m [38;5;3m[LoggingInterceptor] [39m[32mPOST /api/route-sync/check - 200 - 2ms[39m
[32m[Nest] 26296  - [39m2026/08/14 11:39:39 [32m    LOG[39m [38;5;3m[LoggingInterceptor] [39m[32mPOST /api/route-sync/check - 200 - 2ms[39m
[32m[Nest] 26296  - [39m2026/08/14 11:39:42 [32m    LOG[39m [38;5;3m[LoggingInterceptor] [39m[32mGET /api/ext/ledger/accounts?page=1&pageSize=20 - 200 - 3ms[39m
[32m[Nest] 26296  - [39m2026/08/14 11:39:42 [32m    LOG[39m [38;5;3m[LoggingInterceptor] [39m[32mGET /api/ext/ledger/accounts?page=1&pageSize=20 - 200 - 3ms[39m
[95m[Nest] 26296  - [39m2026/08/14 11:40:00 [95m  DEBUG[39m [38;5;3m[SchedulerEngineService] [39m[95m立即执行任务: demo.cron.hello (triggerType=1)[39m
[32m[Nest] 26296  - [39m2026/08/14 11:40:00 [32m    LOG[39m [38;5;3m[DemoCronTaskHandler] [39m[32m[示例Cron任务] 执行中... triggeredAt=2026-08-14T03:40:00.015Z[39m
[32m[Nest] 26296  - [39m2026/08/14 11:40:00 [32m    LOG[39m [38;5;3m[DemoCronTaskHandler] [39m[32m[示例Cron任务] 执行完成: 示例Cron任务执行成功[39m
[32m[Nest] 26296  - [39m2026/08/14 11:40:02 [32m    LOG[39m [38;5;3m[LoggingInterceptor] [39m[32mGET /api/ext/ledger/transfers?page=1&pageSize=20 - 200 - 6ms[39m
[32m[Nest] 26296  - [39m2026/08/14 11:40:02 [32m    LOG[39m [38;5;3m[LoggingInterceptor] [39m[32mGET /api/ext/ledger/transfers?page=1&pageSize=20 - 200 - 8ms[39m
[95m[Nest] 26296  - [39m2026/08/14 11:41:00 [95m  DEBUG[39m [38;5;3m[SchedulerEngineService] [39m[95m立即执行任务: demo.cron.hello (triggerType=1)[39m
[32m[Nest] 26296  - [39m2026/08/14 11:41:00 [32m    LOG[39m [38;5;3m[DemoCronTaskHandler] [39m[32m[示例Cron任务] 执行中... triggeredAt=2026-08-14T03:41:00.003Z[39m
[32m[Nest] 26296  - [39m2026/08/14 11:41:00 [32m    LOG[39m [38;5;3m[DemoCronTaskHandler] [39m[32m[示例Cron任务] 执行完成: 示例Cron任务执行成功[39m
[95m[Nest] 26296  - [39m2026/08/14 11:42:00 [95m  DEBUG[39m [38;5;3m[SchedulerEngineService] [39m[95m立即执行任务: demo.cron.hello (triggerType=1)[39m
[32m[Nest] 26296  - [39m2026/08/14 11:42:00 [32m    LOG[39m [38;5;3m[DemoCronTaskHandler] [39m[32m[示例Cron任务] 执行中... triggeredAt=2026-08-14T03:42:00.028Z[39m
[32m[Nest] 26296  - [39m2026/08/14 11:42:00 [32m    LOG[39m [38;5;3m[DemoCronTaskHandler] [39m[32m[示例Cron任务] 执行完成: 示例Cron任务执行成功[39m
[32m[Nest] 26296  - [39m2026/08/14 11:42:05 [32m    LOG[39m [38;5;3m[LoggingInterceptor] [39m[32mGET /api/install/status - 200 - 6ms[39m
[32m[Nest] 26296  - [39m2026/08/14 11:42:05 [32m    LOG[39m [38;5;3m[LoggingInterceptor] [39m[32mGET /api/install/status - 200 - 6ms[39m
[32m[Nest] 26296  - [39m2026/08/14 11:42:05 [32m    LOG[39m [38;5;3m[LoggingInterceptor] [39m[32mGET /api/permission-values - 200 - 1ms[39m
[32m[Nest] 26296  - [39m2026/08/14 11:42:05 [32m    LOG[39m [38;5;3m[LoggingInterceptor] [39m[32mGET /api/permission-values - 200 - 1ms[39m
[32m[Nest] 26296  - [39m2026/08/14 11:42:05 [32m    LOG[39m [38;5;3m[LoggingInterceptor] [39m[32mGET /api/permission-values - 200 - 1ms[39m
[32m[Nest] 26296  - [39m2026/08/14 11:42:05 [32m    LOG[39m [38;5;3m[LoggingInterceptor] [39m[32mGET /api/permission-values - 200 - 1ms[39m
[32m[Nest] 26296  - [39m2026/08/14 11:42:05 [32m    LOG[39m [38;5;3m[LoggingInterceptor] [39m[32mPOST /api/auth/userinfo - 200 - 5ms[39m
[32m[Nest] 26296  - [39m2026/08/14 11:42:05 [32m    LOG[39m [38;5;3m[LoggingInterceptor] [39m[32mPOST /api/auth/userinfo - 200 - 5ms[39m
[32m[Nest] 26296  - [39m2026/08/14 11:42:05 [32m    LOG[39m [38;5;3m[LoggingInterceptor] [39m[32mGET /api/auth/apps - 200 - 2ms[39m
[32m[Nest] 26296  - [39m2026/08/14 11:42:05 [32m    LOG[39m [38;5;3m[LoggingInterceptor] [39m[32mGET /api/auth/apps - 200 - 2ms[39m
[32m[Nest] 26296  - [39m2026/08/14 11:42:05 [32m    LOG[39m [38;5;3m[LoggingInterceptor] [39m[32mGET /api/auth/permissions?appId=b24d49c6-240f-465e-916f-cf72812d5be3 - 200 - 8ms[39m
[32m[Nest] 26296  - [39m2026/08/14 11:42:05 [32m    LOG[39m [38;5;3m[LoggingInterceptor] [39m[32mGET /api/auth/permissions?appId=b24d49c6-240f-465e-916f-cf72812d5be3 - 200 - 10ms[39m
[32m[Nest] 26296  - [39m2026/08/14 11:42:06 [32m    LOG[39m [38;5;3m[LoggingInterceptor] [39m[32mPOST /api/route-sync/check - 200 - 12ms[39m
[32m[Nest] 26296  - [39m2026/08/14 11:42:06 [32m    LOG[39m [38;5;3m[LoggingInterceptor] [39m[32mPOST /api/route-sync/check - 200 - 13ms[39m
[32m[Nest] 26296  - [39m2026/08/14 11:42:06 [32m    LOG[39m [38;5;3m[LoggingInterceptor] [39m[32mGET /api/ext/ledger/accounts?page=1&pageSize=20 - 200 - 12ms[39m
[32m[Nest] 26296  - [39m2026/08/14 11:42:06 [32m    LOG[39m [38;5;3m[LoggingInterceptor] [39m[32mGET /api/ext/ledger/accounts?page=1&pageSize=20 - 200 - 13ms[39m
[32m[Nest] 26296  - [39m2026/08/14 11:42:08 [32m    LOG[39m [38;5;3m[LoggingInterceptor] [39m[32mGET /api/ext/ledger/transfers?page=1&pageSize=20 - 200 - 11ms[39m
[32m[Nest] 26296  - [39m2026/08/14 11:42:08 [32m    LOG[39m [38;5;3m[LoggingInterceptor] [39m[32mGET /api/ext/ledger/transfers?page=1&pageSize=20 - 200 - 15ms[39m
[95m[Nest] 26296  - [39m2026/08/14 11:43:00 [95m  DEBUG[39m [38;5;3m[SchedulerEngineService] [39m[95m立即执行任务: demo.cron.hello (triggerType=1)[39m
[32m[Nest] 26296  - [39m2026/08/14 11:43:00 [32m    LOG[39m [38;5;3m[DemoCronTaskHandler] [39m[32m[示例Cron任务] 执行中... triggeredAt=2026-08-14T03:43:00.010Z[39m
[32m[Nest] 26296  - [39m2026/08/14 11:43:00 [32m    LOG[39m [38;5;3m[DemoCronTaskHandler] [39m[32m[示例Cron任务] 执行完成: 示例Cron任务执行成功[39m
[32m[Nest] 26296  - [39m2026/08/14 11:43:38 [32m    LOG[39m [38;5;3m[LoggingInterceptor] [39m[32mGET /api/install/status - 200 - 5ms[39m
[32m[Nest] 26296  - [39m2026/08/14 11:43:38 [32m    LOG[39m [38;5;3m[LoggingInterceptor] [39m[32mGET /api/install/status - 200 - 5ms[39m
[32m[Nest] 26296  - [39m2026/08/14 11:43:38 [32m    LOG[39m [38;5;3m[LoggingInterceptor] [39m[32mGET /api/permission-values - 200 - 0ms[39m
[32m[Nest] 26296  - [39m2026/08/14 11:43:38 [32m    LOG[39m [38;5;3m[LoggingInterceptor] [39m[32mGET /api/permission-values - 200 - 1ms[39m
[32m[Nest] 26296  - [39m2026/08/14 11:43:38 [32m    LOG[39m [38;5;3m[LoggingInterceptor] [39m[32mGET /api/permission-values - 200 - 0ms[39m
[32m[Nest] 26296  - [39m2026/08/14 11:43:38 [32m    LOG[39m [38;5;3m[LoggingInterceptor] [39m[32mGET /api/permission-values - 200 - 0ms[39m
[32m[Nest] 26296  - [39m2026/08/14 11:43:39 [32m    LOG[39m [38;5;3m[LoggingInterceptor] [39m[32mPOST /api/auth/userinfo - 200 - 4ms[39m
[32m[Nest] 26296  - [39m2026/08/14 11:43:39 [32m    LOG[39m [38;5;3m[LoggingInterceptor] [39m[32mPOST /api/auth/userinfo - 200 - 4ms[39m
[32m[Nest] 26296  - [39m2026/08/14 11:43:39 [32m    LOG[39m [38;5;3m[LoggingInterceptor] [39m[32mGET /api/auth/apps - 200 - 2ms[39m
[32m[Nest] 26296  - [39m2026/08/14 11:43:39 [32m    LOG[39m [38;5;3m[LoggingInterceptor] [39m[32mGET /api/auth/apps - 200 - 3ms[39m
[32m[Nest] 26296  - [39m2026/08/14 11:43:39 [32m    LOG[39m [38;5;3m[LoggingInterceptor] [39m[32mGET /api/auth/permissions?appId=b24d49c6-240f-465e-916f-cf72812d5be3 - 200 - 6ms[39m
[32m[Nest] 26296  - [39m2026/08/14 11:43:39 [32m    LOG[39m [38;5;3m[LoggingInterceptor] [39m[32mGET /api/auth/permissions?appId=b24d49c6-240f-465e-916f-cf72812d5be3 - 200 - 7ms[39m
[32m[Nest] 26296  - [39m2026/08/14 11:43:39 [32m    LOG[39m [38;5;3m[LoggingInterceptor] [39m[32mPOST /api/route-sync/check - 200 - 5ms[39m
[32m[Nest] 26296  - [39m2026/08/14 11:43:39 [32m    LOG[39m [38;5;3m[LoggingInterceptor] [39m[32mPOST /api/route-sync/check - 200 - 5ms[39m
[32m[Nest] 26296  - [39m2026/08/14 11:43:39 [32m    LOG[39m [38;5;3m[LoggingInterceptor] [39m[32mGET /api/ext/ledger/accounts?page=1&pageSize=20 - 200 - 6ms[39m
[32m[Nest] 26296  - [39m2026/08/14 11:43:39 [32m    LOG[39m [38;5;3m[LoggingInterceptor] [39m[32mGET /api/ext/ledger/accounts?page=1&pageSize=20 - 200 - 8ms[39m
[32m[Nest] 26296  - [39m2026/08/14 11:43:41 [32m    LOG[39m [38;5;3m[LoggingInterceptor] [39m[32mGET /api/ext/ledger/transfers?page=1&pageSize=20 - 200 - 7ms[39m
[32m[Nest] 26296  - [39m2026/08/14 11:43:41 [32m    LOG[39m [38;5;3m[LoggingInterceptor] [39m[32mGET /api/ext/ledger/transfers?page=1&pageSize=20 - 200 - 9ms[39m
[95m[Nest] 26296  - [39m2026/08/14 11:44:00 [95m  DEBUG[39m [38;5;3m[SchedulerEngineService] [39m[95m立即执行任务: demo.cron.hello (triggerType=1)[39m
[32m[Nest] 26296  - [39m2026/08/14 11:44:00 [32m    LOG[39m [38;5;3m[DemoCronTaskHandler] [39m[32m[示例Cron任务] 执行中... triggeredAt=2026-08-14T03:44:00.001Z[39m
[32m[Nest] 26296  - [39m2026/08/14 11:44:00 [32m    LOG[39m [38;5;3m[DemoCronTaskHandler] [39m[32m[示例Cron任务] 执行完成: 示例Cron任务执行成功[39m
[32m[Nest] 26296  - [39m2026/08/14 11:44:08 [32m    LOG[39m [38;5;3m[LoggingInterceptor] [39m[32mGET /api/ext/ledger/transfers?page=1&pageSize=20 - 200 - 9ms[39m
[32m[Nest] 26296  - [39m2026/08/14 11:44:08 [32m    LOG[39m [38;5;3m[LoggingInterceptor] [39m[32mGET /api/ext/ledger/transfers?page=1&pageSize=20 - 200 - 13ms[39m
[32m[Nest] 26296  - [39m2026/08/14 11:44:17 [32m    LOG[39m [38;5;3m[LoggingInterceptor] [39m[32mGET /api/ext/ledger/transfers?page=1&pageSize=20 - 200 - 12ms[39m
[32m[Nest] 26296  - [39m2026/08/14 11:44:17 [32m    LOG[39m [38;5;3m[LoggingInterceptor] [39m[32mGET /api/ext/ledger/transfers?page=1&pageSize=20 - 200 - 14ms[39m
[95m[Nest] 26296  - [39m2026/08/14 11:45:00 [95m  DEBUG[39m [38;5;3m[SchedulerEngineService] [39m[95m立即执行任务: demo.cron.hello (triggerType=1)[39m
[32m[Nest] 26296  - [39m2026/08/14 11:45:00 [32m    LOG[39m [38;5;3m[DemoCronTaskHandler] [39m[32m[示例Cron任务] 执行中... triggeredAt=2026-08-14T03:45:00.004Z[39m
[32m[Nest] 26296  - [39m2026/08/14 11:45:00 [32m    LOG[39m [38;5;3m[DemoCronTaskHandler] [39m[32m[示例Cron任务] 执行完成: 示例Cron任务执行成功[39m
[95m[Nest] 26296  - [39m2026/08/14 11:46:00 [95m  DEBUG[39m [38;5;3m[SchedulerEngineService] [39m[95m立即执行任务: demo.cron.hello (triggerType=1)[39m
[32m[Nest] 26296  - [39m2026/08/14 11:46:00 [32m    LOG[39m [38;5;3m[DemoCronTaskHandler] [39m[32m[示例Cron任务] 执行中... triggeredAt=2026-08-14T03:46:00.002Z[39m
[32m[Nest] 26296  - [39m2026/08/14 11:46:00 [32m    LOG[39m [38;5;3m[DemoCronTaskHandler] [39m[32m[示例Cron任务] 执行完成: 示例Cron任务执行成功[39m
[95m[Nest] 26296  - [39m2026/08/14 11:47:00 [95m  DEBUG[39m [38;5;3m[SchedulerEngineService] [39m[95m立即执行任务: demo.cron.hello (triggerType=1)[39m
[32m[Nest] 26296  - [39m2026/08/14 11:47:00 [32m    LOG[39m [38;5;3m[DemoCronTaskHandler] [39m[32m[示例Cron任务] 执行中... triggeredAt=2026-08-14T03:47:00.003Z[39m
[32m[Nest] 26296  - [39m2026/08/14 11:47:00 [32m    LOG[39m [38;5;3m[DemoCronTaskHandler] [39m[32m[示例Cron任务] 执行完成: 示例Cron任务执行成功[39m
[95m[Nest] 26296  - [39m2026/08/14 11:48:00 [95m  DEBUG[39m [38;5;3m[SchedulerEngineService] [39m[95m立即执行任务: demo.cron.hello (triggerType=1)[39m
[32m[Nest] 26296  - [39m2026/08/14 11:48:00 [32m    LOG[39m [38;5;3m[DemoCronTaskHandler] [39m[32m[示例Cron任务] 执行中... triggeredAt=2026-08-14T03:48:00.006Z[39m
[32m[Nest] 26296  - [39m2026/08/14 11:48:00 [32m    LOG[39m [38;5;3m[DemoCronTaskHandler] [39m[32m[示例Cron任务] 执行完成: 示例Cron任务执行成功[39m
[95m[Nest] 26296  - [39m2026/08/14 11:49:00 [95m  DEBUG[39m [38;5;3m[SchedulerEngineService] [39m[95m立即执行任务: demo.cron.hello (triggerType=1)[39m
[32m[Nest] 26296  - [39m2026/08/14 11:49:00 [32m    LOG[39m [38;5;3m[DemoCronTaskHandler] [39m[32m[示例Cron任务] 执行中... triggeredAt=2026-08-14T03:49:00.012Z[39m
[32m[Nest] 26296  - [39m2026/08/14 11:49:00 [32m    LOG[39m [38;5;3m[DemoCronTaskHandler] [39m[32m[示例Cron任务] 执行完成: 示例Cron任务执行成功[39m
[95m[Nest] 26296  - [39m2026/08/14 11:50:00 [95m  DEBUG[39m [38;5;3m[SchedulerEngineService] [39m[95m立即执行任务: demo.cron.hello (triggerType=1)[39m
[32m[Nest] 26296  - [39m2026/08/14 11:50:00 [32m    LOG[39m [38;5;3m[DemoCronTaskHandler] [39m[32m[示例Cron任务] 执行中... triggeredAt=2026-08-14T03:50:00.003Z[39m
[32m[Nest] 26296  - [39m2026/08/14 11:50:00 [32m    LOG[39m [38;5;3m[DemoCronTaskHandler] [39m[32m[示例Cron任务] 执行完成: 示例Cron任务执行成功[39m
[95m[Nest] 26296  - [39m2026/08/14 11:51:00 [95m  DEBUG[39m [38;5;3m[SchedulerEngineService] [39m[95m立即执行任务: demo.cron.hello (triggerType=1)[39m
[32m[Nest] 26296  - [39m2026/08/14 11:51:00 [32m    LOG[39m [38;5;3m[DemoCronTaskHandler] [39m[32m[示例Cron任务] 执行中... triggeredAt=2026-08-14T03:51:00.008Z[39m
[32m[Nest] 26296  - [39m2026/08/14 11:51:00 [32m    LOG[39m [38;5;3m[DemoCronTaskHandler] [39m[32m[示例Cron任务] 执行完成: 示例Cron任务执行成功[39m
[32m[Nest] 26296  - [39m2026/08/14 11:51:39 [32m    LOG[39m [38;5;3m[LoggingInterceptor] [39m[32mGET /api/install/status - 200 - 3ms[39m
[32m[Nest] 26296  - [39m2026/08/14 11:51:39 [32m    LOG[39m [38;5;3m[LoggingInterceptor] [39m[32mGET /api/install/status - 200 - 4ms[39m
[32m[Nest] 26296  - [39m2026/08/14 11:51:39 [32m    LOG[39m [38;5;3m[LoggingInterceptor] [39m[32mGET /api/permission-values - 200 - 0ms[39m
[32m[Nest] 26296  - [39m2026/08/14 11:51:39 [32m    LOG[39m [38;5;3m[LoggingInterceptor] [39m[32mGET /api/permission-values - 200 - 0ms[39m
[32m[Nest] 26296  - [39m2026/08/14 11:51:39 [32m    LOG[39m [38;5;3m[LoggingInterceptor] [39m[32mGET /api/permission-values - 200 - 1ms[39m
[32m[Nest] 26296  - [39m2026/08/14 11:51:39 [32m    LOG[39m [38;5;3m[LoggingInterceptor] [39m[32mGET /api/permission-values - 200 - 1ms[39m
[32m[Nest] 26296  - [39m2026/08/14 11:51:39 [32m    LOG[39m [38;5;3m[LoggingInterceptor] [39m[32mPOST /api/auth/userinfo - 200 - 4ms[39m
[32m[Nest] 26296  - [39m2026/08/14 11:51:39 [32m    LOG[39m [38;5;3m[LoggingInterceptor] [39m[32mPOST /api/auth/userinfo - 200 - 4ms[39m
[32m[Nest] 26296  - [39m2026/08/14 11:51:39 [32m    LOG[39m [38;5;3m[LoggingInterceptor] [39m[32mGET /api/auth/apps - 200 - 1ms[39m
[32m[Nest] 26296  - [39m2026/08/14 11:51:39 [32m    LOG[39m [38;5;3m[LoggingInterceptor] [39m[32mGET /api/auth/apps - 200 - 2ms[39m
[32m[Nest] 26296  - [39m2026/08/14 11:51:39 [32m    LOG[39m [38;5;3m[LoggingInterceptor] [39m[32mGET /api/auth/permissions?appId=b24d49c6-240f-465e-916f-cf72812d5be3 - 200 - 5ms[39m
[32m[Nest] 26296  - [39m2026/08/14 11:51:39 [32m    LOG[39m [38;5;3m[LoggingInterceptor] [39m[32mGET /api/auth/permissions?appId=b24d49c6-240f-465e-916f-cf72812d5be3 - 200 - 7ms[39m
[32m[Nest] 26296  - [39m2026/08/14 11:51:40 [32m    LOG[39m [38;5;3m[LoggingInterceptor] [39m[32mPOST /api/route-sync/check - 200 - 4ms[39m
[32m[Nest] 26296  - [39m2026/08/14 11:51:40 [32m    LOG[39m [38;5;3m[LoggingInterceptor] [39m[32mPOST /api/route-sync/check - 200 - 4ms[39m
[32m[Nest] 26296  - [39m2026/08/14 11:51:40 [32m    LOG[39m [38;5;3m[LoggingInterceptor] [39m[32mGET /api/ext/ledger/accounts?page=1&pageSize=20 - 200 - 4ms[39m
[32m[Nest] 26296  - [39m2026/08/14 11:51:40 [32m    LOG[39m [38;5;3m[LoggingInterceptor] [39m[32mGET /api/ext/ledger/accounts?page=1&pageSize=20 - 200 - 6ms[39m
[95m[Nest] 26296  - [39m2026/08/14 11:52:00 [95m  DEBUG[39m [38;5;3m[SchedulerEngineService] [39m[95m立即执行任务: demo.cron.hello (triggerType=1)[39m
[32m[Nest] 26296  - [39m2026/08/14 11:52:00 [32m    LOG[39m [38;5;3m[DemoCronTaskHandler] [39m[32m[示例Cron任务] 执行中... triggeredAt=2026-08-14T03:52:00.007Z[39m
[32m[Nest] 26296  - [39m2026/08/14 11:52:00 [32m    LOG[39m [38;5;3m[DemoCronTaskHandler] [39m[32m[示例Cron任务] 执行完成: 示例Cron任务执行成功[39m
[95m[Nest] 26296  - [39m2026/08/14 11:53:00 [95m  DEBUG[39m [38;5;3m[SchedulerEngineService] [39m[95m立即执行任务: demo.cron.hello (triggerType=1)[39m
[32m[Nest] 26296  - [39m2026/08/14 11:53:00 [32m    LOG[39m [38;5;3m[DemoCronTaskHandler] [39m[32m[示例Cron任务] 执行中... triggeredAt=2026-08-14T03:53:00.003Z[39m
[32m[Nest] 26296  - [39m2026/08/14 11:53:00 [32m    LOG[39m [38;5;3m[DemoCronTaskHandler] [39m[32m[示例Cron任务] 执行完成: 示例Cron任务执行成功[39m
[95m[Nest] 26296  - [39m2026/08/14 11:54:00 [95m  DEBUG[39m [38;5;3m[SchedulerEngineService] [39m[95m立即执行任务: demo.cron.hello (triggerType=1)[39m
[32m[Nest] 26296  - [39m2026/08/14 11:54:00 [32m    LOG[39m [38;5;3m[DemoCronTaskHandler] [39m[32m[示例Cron任务] 执行中... triggeredAt=2026-08-14T03:54:00.005Z[39m
[32m[Nest] 26296  - [39m2026/08/14 11:54:00 [32m    LOG[39m [38;5;3m[DemoCronTaskHandler] [39m[32m[示例Cron任务] 执行完成: 示例Cron任务执行成功[39m
[95m[Nest] 26296  - [39m2026/08/14 11:55:00 [95m  DEBUG[39m [38;5;3m[SchedulerEngineService] [39m[95m立即执行任务: demo.cron.hello (triggerType=1)[39m
[32m[Nest] 26296  - [39m2026/08/14 11:55:00 [32m    LOG[39m [38;5;3m[DemoCronTaskHandler] [39m[32m[示例Cron任务] 执行中... triggeredAt=2026-08-14T03:55:00.001Z[39m
[32m[Nest] 26296  - [39m2026/08/14 11:55:00 [32m    LOG[39m [38;5;3m[DemoCronTaskHandler] [39m[32m[示例Cron任务] 执行完成: 示例Cron任务执行成功[39m
[32m[Nest] 26296  - [39m2026/08/14 11:55:05 [32m    LOG[39m [38;5;3m[LoggingInterceptor] [39m[32mGET /api/health - 200 - 2ms[39m
[32m[Nest] 26296  - [39m2026/08/14 11:55:05 [32m    LOG[39m [38;5;3m[LoggingInterceptor] [39m[32mGET /api/health - 200 - 2ms[39m
[32m[Nest] 26296  - [39m2026/08/14 11:55:12 [32m    LOG[39m [38;5;3m[LoggingInterceptor] [39m[32mGET /api/install/status - 200 - 5ms[39m
[32m[Nest] 26296  - [39m2026/08/14 11:55:12 [32m    LOG[39m [38;5;3m[LoggingInterceptor] [39m[32mGET /api/install/status - 200 - 5ms[39m
[32m[Nest] 26296  - [39m2026/08/14 11:55:12 [32m    LOG[39m [38;5;3m[LoggingInterceptor] [39m[32mGET /api/permission-values - 200 - 1ms[39m
[32m[Nest] 26296  - [39m2026/08/14 11:55:12 [32m    LOG[39m [38;5;3m[LoggingInterceptor] [39m[32mGET /api/permission-values - 200 - 1ms[39m
[钩子] 用户登录前: admin
[钩子] 用户登录成功: admin
[32m[Nest] 26296  - [39m2026/08/14 11:55:45 [32m    LOG[39m [38;5;3m[LoggingInterceptor] [39m[32mPOST /api/auth/login - 200 - 131ms[39m
[32m[Nest] 26296  - [39m2026/08/14 11:55:45 [32m    LOG[39m [38;5;3m[LoggingInterceptor] [39m[32mPOST /api/auth/login - 200 - 131ms[39m
[32m[Nest] 26296  - [39m2026/08/14 11:55:45 [32m    LOG[39m [38;5;3m[LoggingInterceptor] [39m[32mPOST /api/auth/userinfo - 200 - 3ms[39m
[32m[Nest] 26296  - [39m2026/08/14 11:55:45 [32m    LOG[39m [38;5;3m[LoggingInterceptor] [39m[32mPOST /api/auth/userinfo - 200 - 3ms[39m
[32m[Nest] 26296  - [39m2026/08/14 11:55:45 [32m    LOG[39m [38;5;3m[LoggingInterceptor] [39m[32mGET /api/auth/apps - 200 - 1ms[39m
[32m[Nest] 26296  - [39m2026/08/14 11:55:45 [32m    LOG[39m [38;5;3m[LoggingInterceptor] [39m[32mGET /api/auth/apps - 200 - 1ms[39m
[32m[Nest] 26296  - [39m2026/08/14 11:55:45 [32m    LOG[39m [38;5;3m[LoggingInterceptor] [39m[32mGET /api/auth/apps - 200 - 2ms[39m
[32m[Nest] 26296  - [39m2026/08/14 11:55:45 [32m    LOG[39m [38;5;3m[LoggingInterceptor] [39m[32mGET /api/auth/apps - 200 - 2ms[39m
[32m[Nest] 26296  - [39m2026/08/14 11:55:53 [32m    LOG[39m [38;5;3m[LoggingInterceptor] [39m[32mGET /api/auth/permissions?appId=b24d49c6-240f-465e-916f-cf72812d5be3 - 200 - 4ms[39m
[32m[Nest] 26296  - [39m2026/08/14 11:55:53 [32m    LOG[39m [38;5;3m[LoggingInterceptor] [39m[32mGET /api/auth/permissions?appId=b24d49c6-240f-465e-916f-cf72812d5be3 - 200 - 4ms[39m
[32m[Nest] 26296  - [39m2026/08/14 11:55:53 [32m    LOG[39m [38;5;3m[LoggingInterceptor] [39m[32mGET /api/auth/permissions?appId=b24d49c6-240f-465e-916f-cf72812d5be3 - 200 - 3ms[39m
[32m[Nest] 26296  - [39m2026/08/14 11:55:53 [32m    LOG[39m [38;5;3m[LoggingInterceptor] [39m[32mGET /api/auth/permissions?appId=b24d49c6-240f-465e-916f-cf72812d5be3 - 200 - 4ms[39m
[32m[Nest] 26296  - [39m2026/08/14 11:55:53 [32m    LOG[39m [38;5;3m[LoggingInterceptor] [39m[32mPOST /api/route-sync/check - 200 - 3ms[39m
[32m[Nest] 26296  - [39m2026/08/14 11:55:53 [32m    LOG[39m [38;5;3m[LoggingInterceptor] [39m[32mPOST /api/route-sync/check - 200 - 3ms[39m
[95m[Nest] 26296  - [39m2026/08/14 11:56:00 [95m  DEBUG[39m [38;5;3m[SchedulerEngineService] [39m[95m立即执行任务: demo.cron.hello (triggerType=1)[39m
[32m[Nest] 26296  - [39m2026/08/14 11:56:00 [32m    LOG[39m [38;5;3m[DemoCronTaskHandler] [39m[32m[示例Cron任务] 执行中... triggeredAt=2026-08-14T03:56:00.007Z[39m
[32m[Nest] 26296  - [39m2026/08/14 11:56:00 [32m    LOG[39m [38;5;3m[DemoCronTaskHandler] [39m[32m[示例Cron任务] 执行完成: 示例Cron任务执行成功[39m
[32m[Nest] 26296  - [39m2026/08/14 11:56:43 [32m    LOG[39m [38;5;3m[LoggingInterceptor] [39m[32mGET /api/install/status - 200 - 3ms[39m
[32m[Nest] 26296  - [39m2026/08/14 11:56:43 [32m    LOG[39m [38;5;3m[LoggingInterceptor] [39m[32mGET /api/install/status - 200 - 3ms[39m
[32m[Nest] 26296  - [39m2026/08/14 11:56:43 [32m    LOG[39m [38;5;3m[LoggingInterceptor] [39m[32mGET /api/permission-values - 200 - 0ms[39m
[32m[Nest] 26296  - [39m2026/08/14 11:56:43 [32m    LOG[39m [38;5;3m[LoggingInterceptor] [39m[32mGET /api/permission-values - 200 - 1ms[39m
[32m[Nest] 26296  - [39m2026/08/14 11:56:51 [32m    LOG[39m [38;5;3m[LoggingInterceptor] [39m[32mPOST /api/auth/userinfo - 200 - 4ms[39m
[32m[Nest] 26296  - [39m2026/08/14 11:56:51 [32m    LOG[39m [38;5;3m[LoggingInterceptor] [39m[32mPOST /api/auth/userinfo - 200 - 4ms[39m
[32m[Nest] 26296  - [39m2026/08/14 11:56:51 [32m    LOG[39m [38;5;3m[LoggingInterceptor] [39m[32mGET /api/auth/apps - 200 - 1ms[39m
[32m[Nest] 26296  - [39m2026/08/14 11:56:51 [32m    LOG[39m [38;5;3m[LoggingInterceptor] [39m[32mGET /api/auth/apps - 200 - 1ms[39m
[32m[Nest] 26296  - [39m2026/08/14 11:56:51 [32m    LOG[39m [38;5;3m[LoggingInterceptor] [39m[32mGET /api/auth/permissions?appId=b24d49c6-240f-465e-916f-cf72812d5be3 - 200 - 4ms[39m
[32m[Nest] 26296  - [39m2026/08/14 11:56:51 [32m    LOG[39m [38;5;3m[LoggingInterceptor] [39m[32mGET /api/auth/permissions?appId=b24d49c6-240f-465e-916f-cf72812d5be3 - 200 - 5ms[39m
[32m[Nest] 26296  - [39m2026/08/14 11:56:51 [32m    LOG[39m [38;5;3m[LoggingInterceptor] [39m[32mPOST /api/route-sync/check - 200 - 3ms[39m
[32m[Nest] 26296  - [39m2026/08/14 11:56:51 [32m    LOG[39m [38;5;3m[LoggingInterceptor] [39m[32mPOST /api/route-sync/check - 200 - 3ms[39m
[32m[Nest] 26296  - [39m2026/08/14 11:56:57 [32m    LOG[39m [38;5;3m[LoggingInterceptor] [39m[32mGET /api/ext/ledger/accounts?page=1&pageSize=20 - 200 - 5ms[39m
[32m[Nest] 26296  - [39m2026/08/14 11:56:57 [32m    LOG[39m [38;5;3m[LoggingInterceptor] [39m[32mGET /api/ext/ledger/accounts?page=1&pageSize=20 - 200 - 6ms[39m
[95m[Nest] 26296  - [39m2026/08/14 11:57:00 [95m  DEBUG[39m [38;5;3m[SchedulerEngineService] [39m[95m立即执行任务: demo.cron.hello (triggerType=1)[39m
[32m[Nest] 26296  - [39m2026/08/14 11:57:00 [32m    LOG[39m [38;5;3m[DemoCronTaskHandler] [39m[32m[示例Cron任务] 执行中... triggeredAt=2026-08-14T03:57:00.003Z[39m
[32m[Nest] 26296  - [39m2026/08/14 11:57:00 [32m    LOG[39m [38;5;3m[DemoCronTaskHandler] [39m[32m[示例Cron任务] 执行完成: 示例Cron任务执行成功[39m
[32m[Nest] 26296  - [39m2026/08/14 11:57:05 [32m    LOG[39m [38;5;3m[LoggingInterceptor] [39m[32mGET /api/ext/ledger/transfers?page=1&pageSize=20 - 200 - 8ms[39m
[32m[Nest] 26296  - [39m2026/08/14 11:57:05 [32m    LOG[39m [38;5;3m[LoggingInterceptor] [39m[32mGET /api/ext/ledger/transfers?page=1&pageSize=20 - 200 - 12ms[39m
[32m[Nest] 26296  - [39m2026/08/14 11:57:19 [32m    LOG[39m [38;5;3m[LoggingInterceptor] [39m[32mGET /api/install/status - 200 - 4ms[39m
[32m[Nest] 26296  - [39m2026/08/14 11:57:19 [32m    LOG[39m [38;5;3m[LoggingInterceptor] [39m[32mGET /api/install/status - 200 - 5ms[39m
[32m[Nest] 26296  - [39m2026/08/14 11:57:19 [32m    LOG[39m [38;5;3m[LoggingInterceptor] [39m[32mGET /api/permission-values - 200 - 1ms[39m
[32m[Nest] 26296  - [39m2026/08/14 11:57:19 [32m    LOG[39m [38;5;3m[LoggingInterceptor] [39m[32mGET /api/permission-values - 200 - 1ms[39m
[32m[Nest] 26296  - [39m2026/08/14 11:57:43 [32m    LOG[39m [38;5;3m[LoggingInterceptor] [39m[32mGET /api/install/status - 200 - 4ms[39m
[32m[Nest] 26296  - [39m2026/08/14 11:57:43 [32m    LOG[39m [38;5;3m[LoggingInterceptor] [39m[32mGET /api/install/status - 200 - 4ms[39m
[32m[Nest] 26296  - [39m2026/08/14 11:57:43 [32m    LOG[39m [38;5;3m[LoggingInterceptor] [39m[32mGET /api/permission-values - 200 - 1ms[39m
[32m[Nest] 26296  - [39m2026/08/14 11:57:43 [32m    LOG[39m [38;5;3m[LoggingInterceptor] [39m[32mGET /api/permission-values - 200 - 1ms[39m
[32m[Nest] 26296  - [39m2026/08/14 11:57:43 [32m    LOG[39m [38;5;3m[LoggingInterceptor] [39m[32mPOST /api/auth/userinfo - 200 - 5ms[39m
[32m[Nest] 26296  - [39m2026/08/14 11:57:43 [32m    LOG[39m [38;5;3m[LoggingInterceptor] [39m[32mPOST /api/auth/userinfo - 200 - 5ms[39m
[32m[Nest] 26296  - [39m2026/08/14 11:57:43 [32m    LOG[39m [38;5;3m[LoggingInterceptor] [39m[32mGET /api/auth/apps - 200 - 2ms[39m
[32m[Nest] 26296  - [39m2026/08/14 11:57:43 [32m    LOG[39m [38;5;3m[LoggingInterceptor] [39m[32mGET /api/auth/apps - 200 - 2ms[39m
[32m[Nest] 26296  - [39m2026/08/14 11:57:43 [32m    LOG[39m [38;5;3m[LoggingInterceptor] [39m[32mGET /api/auth/permissions?appId=b24d49c6-240f-465e-916f-cf72812d5be3 - 200 - 5ms[39m
[32m[Nest] 26296  - [39m2026/08/14 11:57:43 [32m    LOG[39m [38;5;3m[LoggingInterceptor] [39m[32mGET /api/auth/permissions?appId=b24d49c6-240f-465e-916f-cf72812d5be3 - 200 - 6ms[39m
[32m[Nest] 26296  - [39m2026/08/14 11:57:43 [32m    LOG[39m [38;5;3m[LoggingInterceptor] [39m[32mPOST /api/route-sync/check - 200 - 4ms[39m
[32m[Nest] 26296  - [39m2026/08/14 11:57:43 [32m    LOG[39m [38;5;3m[LoggingInterceptor] [39m[32mPOST /api/route-sync/check - 200 - 4ms[39m
[32m[Nest] 26296  - [39m2026/08/14 11:57:43 [32m    LOG[39m [38;5;3m[LoggingInterceptor] [39m[32mGET /api/ext/ledger/accounts?page=1&pageSize=20 - 200 - 4ms[39m
[32m[Nest] 26296  - [39m2026/08/14 11:57:43 [32m    LOG[39m [38;5;3m[LoggingInterceptor] [39m[32mGET /api/ext/ledger/accounts?page=1&pageSize=20 - 200 - 5ms[39m
[95m[Nest] 26296  - [39m2026/08/14 11:58:00 [95m  DEBUG[39m [38;5;3m[SchedulerEngineService] [39m[95m立即执行任务: demo.cron.hello (triggerType=1)[39m
[32m[Nest] 26296  - [39m2026/08/14 11:58:00 [32m    LOG[39m [38;5;3m[DemoCronTaskHandler] [39m[32m[示例Cron任务] 执行中... triggeredAt=2026-08-14T03:58:00.014Z[39m
[32m[Nest] 26296  - [39m2026/08/14 11:58:00 [32m    LOG[39m [38;5;3m[DemoCronTaskHandler] [39m[32m[示例Cron任务] 执行完成: 示例Cron任务执行成功[39m
[32m[Nest] 26296  - [39m2026/08/14 11:58:05 [32m    LOG[39m [38;5;3m[LoggingInterceptor] [39m[32mGET /api/ext/ledger/entries?accountId=54901412-cf68-4482-9245-6d5c0c1cfd23&page=1&pageSize=20 - 200 - 17ms[39m
[32m[Nest] 26296  - [39m2026/08/14 11:58:05 [32m    LOG[39m [38;5;3m[LoggingInterceptor] [39m[32mGET /api/ext/ledger/entries?accountId=54901412-cf68-4482-9245-6d5c0c1cfd23&page=1&pageSize=20 - 200 - 18ms[39m
[32m[Nest] 26296  - [39m2026/08/14 11:58:18 [32m    LOG[39m [38;5;3m[LoggingInterceptor] [39m[32mGET /api/ext/ledger/transfers?page=1&pageSize=20 - 200 - 6ms[39m
[32m[Nest] 26296  - [39m2026/08/14 11:58:18 [32m    LOG[39m [38;5;3m[LoggingInterceptor] [39m[32mGET /api/ext/ledger/transfers?page=1&pageSize=20 - 200 - 8ms[39m
[32m[Nest] 26296  - [39m2026/08/14 11:58:53 [32m    LOG[39m [38;5;3m[LoggingInterceptor] [39m[32mGET /api/install/status - 200 - 5ms[39m
[32m[Nest] 26296  - [39m2026/08/14 11:58:53 [32m    LOG[39m [38;5;3m[LoggingInterceptor] [39m[32mGET /api/install/status - 200 - 5ms[39m
[32m[Nest] 26296  - [39m2026/08/14 11:58:53 [32m    LOG[39m [38;5;3m[LoggingInterceptor] [39m[32mGET /api/permission-values - 200 - 0ms[39m
[32m[Nest] 26296  - [39m2026/08/14 11:58:53 [32m    LOG[39m [38;5;3m[LoggingInterceptor] [39m[32mGET /api/permission-values - 200 - 0ms[39m
[32m[Nest] 26296  - [39m2026/08/14 11:58:53 [32m    LOG[39m [38;5;3m[LoggingInterceptor] [39m[32mPOST /api/auth/userinfo - 200 - 6ms[39m
[32m[Nest] 26296  - [39m2026/08/14 11:58:53 [32m    LOG[39m [38;5;3m[LoggingInterceptor] [39m[32mPOST /api/auth/userinfo - 200 - 6ms[39m
[32m[Nest] 26296  - [39m2026/08/14 11:58:53 [32m    LOG[39m [38;5;3m[LoggingInterceptor] [39m[32mGET /api/auth/apps - 200 - 2ms[39m
[32m[Nest] 26296  - [39m2026/08/14 11:58:53 [32m    LOG[39m [38;5;3m[LoggingInterceptor] [39m[32mGET /api/auth/apps - 200 - 2ms[39m
[32m[Nest] 26296  - [39m2026/08/14 11:58:53 [32m    LOG[39m [38;5;3m[LoggingInterceptor] [39m[32mGET /api/auth/permissions?appId=b24d49c6-240f-465e-916f-cf72812d5be3 - 200 - 7ms[39m
[32m[Nest] 26296  - [39m2026/08/14 11:58:53 [32m    LOG[39m [38;5;3m[LoggingInterceptor] [39m[32mGET /api/auth/permissions?appId=b24d49c6-240f-465e-916f-cf72812d5be3 - 200 - 7ms[39m
[32m[Nest] 26296  - [39m2026/08/14 11:58:53 [32m    LOG[39m [38;5;3m[LoggingInterceptor] [39m[32mPOST /api/route-sync/check - 200 - 11ms[39m
[32m[Nest] 26296  - [39m2026/08/14 11:58:53 [32m    LOG[39m [38;5;3m[LoggingInterceptor] [39m[32mPOST /api/route-sync/check - 200 - 12ms[39m
[32m[Nest] 26296  - [39m2026/08/14 11:58:53 [32m    LOG[39m [38;5;3m[LoggingInterceptor] [39m[32mGET /api/ext/scheduler/tasks - 200 - 13ms[39m
[32m[Nest] 26296  - [39m2026/08/14 11:58:53 [32m    LOG[39m [38;5;3m[LoggingInterceptor] [39m[32mGET /api/ext/scheduler/tasks - 200 - 14ms[39m
[95m[Nest] 26296  - [39m2026/08/14 11:59:00 [95m  DEBUG[39m [38;5;3m[SchedulerEngineService] [39m[95m立即执行任务: demo.cron.hello (triggerType=1)[39m
[32m[Nest] 26296  - [39m2026/08/14 11:59:00 [32m    LOG[39m [38;5;3m[DemoCronTaskHandler] [39m[32m[示例Cron任务] 执行中... triggeredAt=2026-08-14T03:59:00.008Z[39m
[32m[Nest] 26296  - [39m2026/08/14 11:59:00 [32m    LOG[39m [38;5;3m[DemoCronTaskHandler] [39m[32m[示例Cron任务] 执行完成: 示例Cron任务执行成功[39m
[32m[Nest] 26296  - [39m2026/08/14 11:59:05 [32m    LOG[39m [38;5;3m[LoggingInterceptor] [39m[32mGET /api/ext/scheduler/instances?page=1&pageSize=20 - 200 - 18ms[39m
[32m[Nest] 26296  - [39m2026/08/14 11:59:05 [32m    LOG[39m [38;5;3m[LoggingInterceptor] [39m[32mGET /api/ext/scheduler/instances?page=1&pageSize=20 - 200 - 18ms[39m
[32m[Nest] 26296  - [39m2026/08/14 11:59:24 [32m    LOG[39m [38;5;3m[LoggingInterceptor] [39m[32mGET /api/ext/scheduler/logs?page=1&pageSize=20 - 200 - 9ms[39m
[32m[Nest] 26296  - [39m2026/08/14 11:59:24 [32m    LOG[39m [38;5;3m[LoggingInterceptor] [39m[32mGET /api/ext/scheduler/logs?page=1&pageSize=20 - 200 - 10ms[39m
[95m[Nest] 26296  - [39m2026/08/14 12:00:00 [95m  DEBUG[39m [38;5;3m[SchedulerEngineService] [39m[95m立即执行任务: demo.cron.hello (triggerType=1)[39m
[32m[Nest] 26296  - [39m2026/08/14 12:00:00 [32m    LOG[39m [38;5;3m[DemoCronTaskHandler] [39m[32m[示例Cron任务] 执行中... triggeredAt=2026-08-14T04:00:00.006Z[39m
[32m[Nest] 26296  - [39m2026/08/14 12:00:00 [32m    LOG[39m [38;5;3m[DemoCronTaskHandler] [39m[32m[示例Cron任务] 执行完成: 示例Cron任务执行成功[39m
[95m[Nest] 26296  - [39m2026/08/14 12:01:00 [95m  DEBUG[39m [38;5;3m[SchedulerEngineService] [39m[95m立即执行任务: demo.cron.hello (triggerType=1)[39m
[32m[Nest] 26296  - [39m2026/08/14 12:01:00 [32m    LOG[39m [38;5;3m[DemoCronTaskHandler] [39m[32m[示例Cron任务] 执行中... triggeredAt=2026-08-14T04:01:00.005Z[39m
[32m[Nest] 26296  - [39m2026/08/14 12:01:00 [32m    LOG[39m [38;5;3m[DemoCronTaskHandler] [39m[32m[示例Cron任务] 执行完成: 示例Cron任务执行成功[39m
[95m[Nest] 26296  - [39m2026/08/14 12:02:00 [95m  DEBUG[39m [38;5;3m[SchedulerEngineService] [39m[95m立即执行任务: demo.cron.hello (triggerType=1)[39m
[32m[Nest] 26296  - [39m2026/08/14 12:02:00 [32m    LOG[39m [38;5;3m[DemoCronTaskHandler] [39m[32m[示例Cron任务] 执行中... triggeredAt=2026-08-14T04:02:00.003Z[39m
[32m[Nest] 26296  - [39m2026/08/14 12:02:00 [32m    LOG[39m [38;5;3m[DemoCronTaskHandler] [39m[32m[示例Cron任务] 执行完成: 示例Cron任务执行成功[39m
[95m[Nest] 26296  - [39m2026/08/14 12:03:00 [95m  DEBUG[39m [38;5;3m[SchedulerEngineService] [39m[95m立即执行任务: demo.cron.hello (triggerType=1)[39m
[32m[Nest] 26296  - [39m2026/08/14 12:03:00 [32m    LOG[39m [38;5;3m[DemoCronTaskHandler] [39m[32m[示例Cron任务] 执行中... triggeredAt=2026-08-14T04:03:00.009Z[39m
[32m[Nest] 26296  - [39m2026/08/14 12:03:00 [32m    LOG[39m [38;5;3m[DemoCronTaskHandler] [39m[32m[示例Cron任务] 执行完成: 示例Cron任务执行成功[39m
[95m[Nest] 26296  - [39m2026/08/14 12:04:00 [95m  DEBUG[39m [38;5;3m[SchedulerEngineService] [39m[95m立即执行任务: demo.cron.hello (triggerType=1)[39m
[32m[Nest] 26296  - [39m2026/08/14 12:04:00 [32m    LOG[39m [38;5;3m[DemoCronTaskHandler] [39m[32m[示例Cron任务] 执行中... triggeredAt=2026-08-14T04:04:00.014Z[39m
[32m[Nest] 26296  - [39m2026/08/14 12:04:00 [32m    LOG[39m [38;5;3m[DemoCronTaskHandler] [39m[32m[示例Cron任务] 执行完成: 示例Cron任务执行成功[39m
[95m[Nest] 26296  - [39m2026/08/14 12:05:00 [95m  DEBUG[39m [38;5;3m[SchedulerEngineService] [39m[95m立即执行任务: demo.cron.hello (triggerType=1)[39m
[32m[Nest] 26296  - [39m2026/08/14 12:05:00 [32m    LOG[39m [38;5;3m[DemoCronTaskHandler] [39m[32m[示例Cron任务] 执行中... triggeredAt=2026-08-14T04:05:00.009Z[39m
[32m[Nest] 26296  - [39m2026/08/14 12:05:00 [32m    LOG[39m [38;5;3m[DemoCronTaskHandler] [39m[32m[示例Cron任务] 执行完成: 示例Cron任务执行成功[39m
[95m[Nest] 26296  - [39m2026/08/14 12:06:00 [95m  DEBUG[39m [38;5;3m[SchedulerEngineService] [39m[95m立即执行任务: demo.cron.hello (triggerType=1)[39m
[32m[Nest] 26296  - [39m2026/08/14 12:06:00 [32m    LOG[39m [38;5;3m[DemoCronTaskHandler] [39m[32m[示例Cron任务] 执行中... triggeredAt=2026-08-14T04:06:00.001Z[39m
[32m[Nest] 26296  - [39m2026/08/14 12:06:00 [32m    LOG[39m [38;5;3m[DemoCronTaskHandler] [39m[32m[示例Cron任务] 执行完成: 示例Cron任务执行成功[39m
[95m[Nest] 26296  - [39m2026/08/14 12:07:00 [95m  DEBUG[39m [38;5;3m[SchedulerEngineService] [39m[95m立即执行任务: demo.cron.hello (triggerType=1)[39m
[32m[Nest] 26296  - [39m2026/08/14 12:07:00 [32m    LOG[39m [38;5;3m[DemoCronTaskHandler] [39m[32m[示例Cron任务] 执行中... triggeredAt=2026-08-14T04:07:00.002Z[39m
[32m[Nest] 26296  - [39m2026/08/14 12:07:00 [32m    LOG[39m [38;5;3m[DemoCronTaskHandler] [39m[32m[示例Cron任务] 执行完成: 示例Cron任务执行成功[39m
[95m[Nest] 26296  - [39m2026/08/14 12:08:00 [95m  DEBUG[39m [38;5;3m[SchedulerEngineService] [39m[95m立即执行任务: demo.cron.hello (triggerType=1)[39m
[32m[Nest] 26296  - [39m2026/08/14 12:08:00 [32m    LOG[39m [38;5;3m[DemoCronTaskHandler] [39m[32m[示例Cron任务] 执行中... triggeredAt=2026-08-14T04:08:00.004Z[39m
[32m[Nest] 26296  - [39m2026/08/14 12:08:00 [32m    LOG[39m [38;5;3m[DemoCronTaskHandler] [39m[32m[示例Cron任务] 执行完成: 示例Cron任务执行成功[39m
[95m[Nest] 26296  - [39m2026/08/14 12:09:00 [95m  DEBUG[39m [38;5;3m[SchedulerEngineService] [39m[95m立即执行任务: demo.cron.hello (triggerType=1)[39m
[32m[Nest] 26296  - [39m2026/08/14 12:09:00 [32m    LOG[39m [38;5;3m[DemoCronTaskHandler] [39m[32m[示例Cron任务] 执行中... triggeredAt=2026-08-14T04:09:00.011Z[39m
[32m[Nest] 26296  - [39m2026/08/14 12:09:00 [32m    LOG[39m [38;5;3m[DemoCronTaskHandler] [39m[32m[示例Cron任务] 执行完成: 示例Cron任务执行成功[39m
[95m[Nest] 26296  - [39m2026/08/14 12:10:00 [95m  DEBUG[39m [38;5;3m[SchedulerEngineService] [39m[95m立即执行任务: demo.cron.hello (triggerType=1)[39m
[32m[Nest] 26296  - [39m2026/08/14 12:10:00 [32m    LOG[39m [38;5;3m[DemoCronTaskHandler] [39m[32m[示例Cron任务] 执行中... triggeredAt=2026-08-14T04:10:00.002Z[39m
[32m[Nest] 26296  - [39m2026/08/14 12:10:00 [32m    LOG[39m [38;5;3m[DemoCronTaskHandler] [39m[32m[示例Cron任务] 执行完成: 示例Cron任务执行成功[39m
[95m[Nest] 26296  - [39m2026/08/14 12:11:00 [95m  DEBUG[39m [38;5;3m[SchedulerEngineService] [39m[95m立即执行任务: demo.cron.hello (triggerType=1)[39m
[32m[Nest] 26296  - [39m2026/08/14 12:11:00 [32m    LOG[39m [38;5;3m[DemoCronTaskHandler] [39m[32m[示例Cron任务] 执行中... triggeredAt=2026-08-14T04:11:00.010Z[39m
[32m[Nest] 26296  - [39m2026/08/14 12:11:00 [32m    LOG[39m [38;5;3m[DemoCronTaskHandler] [39m[32m[示例Cron任务] 执行完成: 示例Cron任务执行成功[39m
[95m[Nest] 26296  - [39m2026/08/14 12:12:00 [95m  DEBUG[39m [38;5;3m[SchedulerEngineService] [39m[95m立即执行任务: demo.cron.hello (triggerType=1)[39m
[32m[Nest] 26296  - [39m2026/08/14 12:12:00 [32m    LOG[39m [38;5;3m[DemoCronTaskHandler] [39m[32m[示例Cron任务] 执行中... triggeredAt=2026-08-14T04:12:00.004Z[39m
[32m[Nest] 26296  - [39m2026/08/14 12:12:00 [32m    LOG[39m [38;5;3m[DemoCronTaskHandler] [39m[32m[示例Cron任务] 执行完成: 示例Cron任务执行成功[39m
[95m[Nest] 26296  - [39m2026/08/14 12:13:00 [95m  DEBUG[39m [38;5;3m[SchedulerEngineService] [39m[95m立即执行任务: demo.cron.hello (triggerType=1)[39m
[32m[Nest] 26296  - [39m2026/08/14 12:13:00 [32m    LOG[39m [38;5;3m[DemoCronTaskHandler] [39m[32m[示例Cron任务] 执行中... triggeredAt=2026-08-14T04:13:00.011Z[39m
[32m[Nest] 26296  - [39m2026/08/14 12:13:00 [32m    LOG[39m [38;5;3m[DemoCronTaskHandler] [39m[32m[示例Cron任务] 执行完成: 示例Cron任务执行成功[39m
[95m[Nest] 26296  - [39m2026/08/14 12:14:00 [95m  DEBUG[39m [38;5;3m[SchedulerEngineService] [39m[95m立即执行任务: demo.cron.hello (triggerType=1)[39m
[32m[Nest] 26296  - [39m2026/08/14 12:14:00 [32m    LOG[39m [38;5;3m[DemoCronTaskHandler] [39m[32m[示例Cron任务] 执行中... triggeredAt=2026-08-14T04:14:00.010Z[39m
[32m[Nest] 26296  - [39m2026/08/14 12:14:00 [32m    LOG[39m [38;5;3m[DemoCronTaskHandler] [39m[32m[示例Cron任务] 执行完成: 示例Cron任务执行成功[39m
[95m[Nest] 26296  - [39m2026/08/14 12:15:00 [95m  DEBUG[39m [38;5;3m[SchedulerEngineService] [39m[95m立即执行任务: demo.cron.hello (triggerType=1)[39m
[32m[Nest] 26296  - [39m2026/08/14 12:15:00 [32m    LOG[39m [38;5;3m[DemoCronTaskHandler] [39m[32m[示例Cron任务] 执行中... triggeredAt=2026-08-14T04:15:00.011Z[39m
[32m[Nest] 26296  - [39m2026/08/14 12:15:00 [32m    LOG[39m [38;5;3m[DemoCronTaskHandler] [39m[32m[示例Cron任务] 执行完成: 示例Cron任务执行成功[39m
[95m[Nest] 26296  - [39m2026/08/14 12:16:00 [95m  DEBUG[39m [38;5;3m[SchedulerEngineService] [39m[95m立即执行任务: demo.cron.hello (triggerType=1)[39m
[32m[Nest] 26296  - [39m2026/08/14 12:16:00 [32m    LOG[39m [38;5;3m[DemoCronTaskHandler] [39m[32m[示例Cron任务] 执行中... triggeredAt=2026-08-14T04:16:00.011Z[39m
[32m[Nest] 26296  - [39m2026/08/14 12:16:00 [32m    LOG[39m [38;5;3m[DemoCronTaskHandler] [39m[32m[示例Cron任务] 执行完成: 示例Cron任务执行成功[39m
[95m[Nest] 26296  - [39m2026/08/14 12:17:00 [95m  DEBUG[39m [38;5;3m[SchedulerEngineService] [39m[95m立即执行任务: demo.cron.hello (triggerType=1)[39m
[32m[Nest] 26296  - [39m2026/08/14 12:17:00 [32m    LOG[39m [38;5;3m[DemoCronTaskHandler] [39m[32m[示例Cron任务] 执行中... triggeredAt=2026-08-14T04:17:00.009Z[39m
[32m[Nest] 26296  - [39m2026/08/14 12:17:00 [32m    LOG[39m [38;5;3m[DemoCronTaskHandler] [39m[32m[示例Cron任务] 执行完成: 示例Cron任务执行成功[39m
[95m[Nest] 26296  - [39m2026/08/14 12:18:00 [95m  DEBUG[39m [38;5;3m[SchedulerEngineService] [39m[95m立即执行任务: demo.cron.hello (triggerType=1)[39m
[32m[Nest] 26296  - [39m2026/08/14 12:18:00 [32m    LOG[39m [38;5;3m[DemoCronTaskHandler] [39m[32m[示例Cron任务] 执行中... triggeredAt=2026-08-14T04:18:00.014Z[39m
[32m[Nest] 26296  - [39m2026/08/14 12:18:00 [32m    LOG[39m [38;5;3m[DemoCronTaskHandler] [39m[32m[示例Cron任务] 执行完成: 示例Cron任务执行成功[39m
[95m[Nest] 26296  - [39m2026/08/14 12:19:00 [95m  DEBUG[39m [38;5;3m[SchedulerEngineService] [39m[95m立即执行任务: demo.cron.hello (triggerType=1)[39m
[32m[Nest] 26296  - [39m2026/08/14 12:19:00 [32m    LOG[39m [38;5;3m[DemoCronTaskHandler] [39m[32m[示例Cron任务] 执行中... triggeredAt=2026-08-14T04:19:00.007Z[39m
[32m[Nest] 26296  - [39m2026/08/14 12:19:00 [32m    LOG[39m [38;5;3m[DemoCronTaskHandler] [39m[32m[示例Cron任务] 执行完成: 示例Cron任务执行成功[39m
[95m[Nest] 26296  - [39m2026/08/14 12:20:00 [95m  DEBUG[39m [38;5;3m[SchedulerEngineService] [39m[95m立即执行任务: demo.cron.hello (triggerType=1)[39m
[32m[Nest] 26296  - [39m2026/08/14 12:20:00 [32m    LOG[39m [38;5;3m[DemoCronTaskHandler] [39m[32m[示例Cron任务] 执行中... triggeredAt=2026-08-14T04:20:00.016Z[39m
[32m[Nest] 26296  - [39m2026/08/14 12:20:00 [32m    LOG[39m [38;5;3m[DemoCronTaskHandler] [39m[32m[示例Cron任务] 执行完成: 示例Cron任务执行成功[39m
[95m[Nest] 26296  - [39m2026/08/14 12:21:00 [95m  DEBUG[39m [38;5;3m[SchedulerEngineService] [39m[95m立即执行任务: demo.cron.hello (triggerType=1)[39m
[32m[Nest] 26296  - [39m2026/08/14 12:21:00 [32m    LOG[39m [38;5;3m[DemoCronTaskHandler] [39m[32m[示例Cron任务] 执行中... triggeredAt=2026-08-14T04:21:00.018Z[39m
[32m[Nest] 26296  - [39m2026/08/14 12:21:00 [32m    LOG[39m [38;5;3m[DemoCronTaskHandler] [39m[32m[示例Cron任务] 执行完成: 示例Cron任务执行成功[39m
[95m[Nest] 26296  - [39m2026/08/14 12:22:00 [95m  DEBUG[39m [38;5;3m[SchedulerEngineService] [39m[95m立即执行任务: demo.cron.hello (triggerType=1)[39m
[32m[Nest] 26296  - [39m2026/08/14 12:22:00 [32m    LOG[39m [38;5;3m[DemoCronTaskHandler] [39m[32m[示例Cron任务] 执行中... triggeredAt=2026-08-14T04:22:00.010Z[39m
[32m[Nest] 26296  - [39m2026/08/14 12:22:00 [32m    LOG[39m [38;5;3m[DemoCronTaskHandler] [39m[32m[示例Cron任务] 执行完成: 示例Cron任务执行成功[39m
[95m[Nest] 26296  - [39m2026/08/14 12:23:00 [95m  DEBUG[39m [38;5;3m[SchedulerEngineService] [39m[95m立即执行任务: demo.cron.hello (triggerType=1)[39m
[32m[Nest] 26296  - [39m2026/08/14 12:23:00 [32m    LOG[39m [38;5;3m[DemoCronTaskHandler] [39m[32m[示例Cron任务] 执行中... triggeredAt=2026-08-14T04:23:00.016Z[39m
[32m[Nest] 26296  - [39m2026/08/14 12:23:00 [32m    LOG[39m [38;5;3m[DemoCronTaskHandler] [39m[32m[示例Cron任务] 执行完成: 示例Cron任务执行成功[39m
[95m[Nest] 26296  - [39m2026/08/14 12:24:00 [95m  DEBUG[39m [38;5;3m[SchedulerEngineService] [39m[95m立即执行任务: demo.cron.hello (triggerType=1)[39m
[32m[Nest] 26296  - [39m2026/08/14 12:24:00 [32m    LOG[39m [38;5;3m[DemoCronTaskHandler] [39m[32m[示例Cron任务] 执行中... triggeredAt=2026-08-14T04:24:00.006Z[39m
[32m[Nest] 26296  - [39m2026/08/14 12:24:00 [32m    LOG[39m [38;5;3m[DemoCronTaskHandler] [39m[32m[示例Cron任务] 执行完成: 示例Cron任务执行成功[39m
[95m[Nest] 26296  - [39m2026/08/14 12:25:00 [95m  DEBUG[39m [38;5;3m[SchedulerEngineService] [39m[95m立即执行任务: demo.cron.hello (triggerType=1)[39m
[32m[Nest] 26296  - [39m2026/08/14 12:25:00 [32m    LOG[39m [38;5;3m[DemoCronTaskHandler] [39m[32m[示例Cron任务] 执行中... triggeredAt=2026-08-14T04:25:00.004Z[39m
[32m[Nest] 26296  - [39m2026/08/14 12:25:00 [32m    LOG[39m [38;5;3m[DemoCronTaskHandler] [39m[32m[示例Cron任务] 执行完成: 示例Cron任务执行成功[39m
[32m[Nest] 26296  - [39m2026/08/14 12:25:23 [32m    LOG[39m [38;5;3m[LoggingInterceptor] [39m[32mGET /api/install/status - 200 - 15ms[39m
[32m[Nest] 26296  - [39m2026/08/14 12:25:23 [32m    LOG[39m [38;5;3m[LoggingInterceptor] [39m[32mGET /api/install/status - 200 - 16ms[39m
[32m[Nest] 26296  - [39m2026/08/14 12:25:23 [32m    LOG[39m [38;5;3m[LoggingInterceptor] [39m[32mGET /api/permission-values - 200 - 1ms[39m
[32m[Nest] 26296  - [39m2026/08/14 12:25:23 [32m    LOG[39m [38;5;3m[LoggingInterceptor] [39m[32mGET /api/permission-values - 200 - 3ms[39m
[钩子] 用户登录前: admin
[钩子] 用户登录成功: admin
[32m[Nest] 26296  - [39m2026/08/14 12:25:43 [32m    LOG[39m [38;5;3m[LoggingInterceptor] [39m[32mPOST /api/auth/login - 200 - 213ms[39m
[32m[Nest] 26296  - [39m2026/08/14 12:25:43 [32m    LOG[39m [38;5;3m[LoggingInterceptor] [39m[32mPOST /api/auth/login - 200 - 213ms[39m
[32m[Nest] 26296  - [39m2026/08/14 12:25:43 [32m    LOG[39m [38;5;3m[LoggingInterceptor] [39m[32mPOST /api/auth/userinfo - 200 - 2ms[39m
[32m[Nest] 26296  - [39m2026/08/14 12:25:43 [32m    LOG[39m [38;5;3m[LoggingInterceptor] [39m[32mPOST /api/auth/userinfo - 200 - 3ms[39m
[32m[Nest] 26296  - [39m2026/08/14 12:25:43 [32m    LOG[39m [38;5;3m[LoggingInterceptor] [39m[32mGET /api/auth/apps - 200 - 1ms[39m
[32m[Nest] 26296  - [39m2026/08/14 12:25:43 [32m    LOG[39m [38;5;3m[LoggingInterceptor] [39m[32mGET /api/auth/apps - 200 - 2ms[39m
[32m[Nest] 26296  - [39m2026/08/14 12:25:43 [32m    LOG[39m [38;5;3m[LoggingInterceptor] [39m[32mGET /api/auth/apps - 200 - 1ms[39m
[32m[Nest] 26296  - [39m2026/08/14 12:25:43 [32m    LOG[39m [38;5;3m[LoggingInterceptor] [39m[32mGET /api/auth/apps - 200 - 2ms[39m
[32m[Nest] 26296  - [39m2026/08/14 12:25:47 [32m    LOG[39m [38;5;3m[LoggingInterceptor] [39m[32mGET /api/auth/permissions?appId=b24d49c6-240f-465e-916f-cf72812d5be3 - 200 - 4ms[39m
[32m[Nest] 26296  - [39m2026/08/14 12:25:47 [32m    LOG[39m [38;5;3m[LoggingInterceptor] [39m[32mGET /api/auth/permissions?appId=b24d49c6-240f-465e-916f-cf72812d5be3 - 200 - 4ms[39m
[32m[Nest] 26296  - [39m2026/08/14 12:25:47 [32m    LOG[39m [38;5;3m[LoggingInterceptor] [39m[32mGET /api/auth/permissions?appId=b24d49c6-240f-465e-916f-cf72812d5be3 - 200 - 3ms[39m
[32m[Nest] 26296  - [39m2026/08/14 12:25:47 [32m    LOG[39m [38;5;3m[LoggingInterceptor] [39m[32mGET /api/auth/permissions?appId=b24d49c6-240f-465e-916f-cf72812d5be3 - 200 - 4ms[39m
[32m[Nest] 26296  - [39m2026/08/14 12:25:47 [32m    LOG[39m [38;5;3m[LoggingInterceptor] [39m[32mPOST /api/route-sync/check - 200 - 2ms[39m
[32m[Nest] 26296  - [39m2026/08/14 12:25:47 [32m    LOG[39m [38;5;3m[LoggingInterceptor] [39m[32mPOST /api/route-sync/check - 200 - 2ms[39m
[32m[Nest] 26296  - [39m2026/08/14 12:25:50 [32m    LOG[39m [38;5;3m[LoggingInterceptor] [39m[32mGET /api/permission-values - 200 - 0ms[39m
[32m[Nest] 26296  - [39m2026/08/14 12:25:50 [32m    LOG[39m [38;5;3m[LoggingInterceptor] [39m[32mGET /api/permission-values - 200 - 1ms[39m
[32m[Nest] 26296  - [39m2026/08/14 12:25:50 [32m    LOG[39m [38;5;3m[LoggingInterceptor] [39m[32mGET /api/install/status - 200 - 108ms[39m
[32m[Nest] 26296  - [39m2026/08/14 12:25:50 [32m    LOG[39m [38;5;3m[LoggingInterceptor] [39m[32mGET /api/install/status - 200 - 108ms[39m
[32m[Nest] 26296  - [39m2026/08/14 12:25:50 [32m    LOG[39m [38;5;3m[LoggingInterceptor] [39m[32mPOST /api/auth/userinfo - 200 - 3ms[39m
[32m[Nest] 26296  - [39m2026/08/14 12:25:50 [32m    LOG[39m [38;5;3m[LoggingInterceptor] [39m[32mPOST /api/auth/userinfo - 200 - 3ms[39m
[32m[Nest] 26296  - [39m2026/08/14 12:25:50 [32m    LOG[39m [38;5;3m[LoggingInterceptor] [39m[32mGET /api/auth/apps - 200 - 1ms[39m
[32m[Nest] 26296  - [39m2026/08/14 12:25:50 [32m    LOG[39m [38;5;3m[LoggingInterceptor] [39m[32mGET /api/auth/apps - 200 - 2ms[39m
[32m[Nest] 26296  - [39m2026/08/14 12:25:50 [32m    LOG[39m [38;5;3m[LoggingInterceptor] [39m[32mGET /api/auth/permissions?appId=b24d49c6-240f-465e-916f-cf72812d5be3 - 200 - 3ms[39m
[32m[Nest] 26296  - [39m2026/08/14 12:25:50 [32m    LOG[39m [38;5;3m[LoggingInterceptor] [39m[32mGET /api/auth/permissions?appId=b24d49c6-240f-465e-916f-cf72812d5be3 - 200 - 3ms[39m
[32m[Nest] 26296  - [39m2026/08/14 12:25:50 [32m    LOG[39m [38;5;3m[LoggingInterceptor] [39m[32mPOST /api/route-sync/check - 200 - 2ms[39m
[32m[Nest] 26296  - [39m2026/08/14 12:25:50 [32m    LOG[39m [38;5;3m[LoggingInterceptor] [39m[32mPOST /api/route-sync/check - 200 - 2ms[39m
[32m[Nest] 26296  - [39m2026/08/14 12:25:50 [32m    LOG[39m [38;5;3m[LoggingInterceptor] [39m[32mGET /api/ext/ledger/accounts?page=1&pageSize=20 - 200 - 2ms[39m
[32m[Nest] 26296  - [39m2026/08/14 12:25:50 [32m    LOG[39m [38;5;3m[LoggingInterceptor] [39m[32mGET /api/ext/ledger/accounts?page=1&pageSize=20 - 200 - 3ms[39m
[95m[Nest] 26296  - [39m2026/08/14 12:26:00 [95m  DEBUG[39m [38;5;3m[SchedulerEngineService] [39m[95m立即执行任务: demo.cron.hello (triggerType=1)[39m
[32m[Nest] 26296  - [39m2026/08/14 12:26:00 [32m    LOG[39m [38;5;3m[DemoCronTaskHandler] [39m[32m[示例Cron任务] 执行中... triggeredAt=2026-08-14T04:26:00.124Z[39m
[32m[Nest] 26296  - [39m2026/08/14 12:26:00 [32m    LOG[39m [38;5;3m[DemoCronTaskHandler] [39m[32m[示例Cron任务] 执行完成: 示例Cron任务执行成功[39m
[32m[Nest] 26296  - [39m2026/08/14 12:26:39 [32m    LOG[39m [38;5;3m[LoggingInterceptor] [39m[32mGET /api/permission-values - 200 - 0ms[39m
[32m[Nest] 26296  - [39m2026/08/14 12:26:39 [32m    LOG[39m [38;5;3m[LoggingInterceptor] [39m[32mGET /api/permission-values - 200 - 0ms[39m
[32m[Nest] 26296  - [39m2026/08/14 12:26:39 [32m    LOG[39m [38;5;3m[LoggingInterceptor] [39m[32mGET /api/install/status - 200 - 296ms[39m
[32m[Nest] 26296  - [39m2026/08/14 12:26:39 [32m    LOG[39m [38;5;3m[LoggingInterceptor] [39m[32mGET /api/install/status - 200 - 296ms[39m
[32m[Nest] 26296  - [39m2026/08/14 12:26:39 [32m    LOG[39m [38;5;3m[LoggingInterceptor] [39m[32mPOST /api/auth/userinfo - 200 - 2ms[39m
[32m[Nest] 26296  - [39m2026/08/14 12:26:39 [32m    LOG[39m [38;5;3m[LoggingInterceptor] [39m[32mPOST /api/auth/userinfo - 200 - 2ms[39m
[32m[Nest] 26296  - [39m2026/08/14 12:26:39 [32m    LOG[39m [38;5;3m[LoggingInterceptor] [39m[32mGET /api/auth/apps - 200 - 1ms[39m
[32m[Nest] 26296  - [39m2026/08/14 12:26:39 [32m    LOG[39m [38;5;3m[LoggingInterceptor] [39m[32mGET /api/auth/apps - 200 - 1ms[39m
[32m[Nest] 26296  - [39m2026/08/14 12:26:39 [32m    LOG[39m [38;5;3m[LoggingInterceptor] [39m[32mGET /api/auth/permissions?appId=b24d49c6-240f-465e-916f-cf72812d5be3 - 200 - 4ms[39m
[32m[Nest] 26296  - [39m2026/08/14 12:26:39 [32m    LOG[39m [38;5;3m[LoggingInterceptor] [39m[32mGET /api/auth/permissions?appId=b24d49c6-240f-465e-916f-cf72812d5be3 - 200 - 5ms[39m
[32m[Nest] 26296  - [39m2026/08/14 12:26:39 [32m    LOG[39m [38;5;3m[LoggingInterceptor] [39m[32mPOST /api/route-sync/check - 200 - 2ms[39m
[32m[Nest] 26296  - [39m2026/08/14 12:26:39 [32m    LOG[39m [38;5;3m[LoggingInterceptor] [39m[32mPOST /api/route-sync/check - 200 - 2ms[39m
[32m[Nest] 26296  - [39m2026/08/14 12:26:39 [32m    LOG[39m [38;5;3m[LoggingInterceptor] [39m[32mGET /api/ext/ledger/accounts?page=1&pageSize=20 - 200 - 3ms[39m
[32m[Nest] 26296  - [39m2026/08/14 12:26:39 [32m    LOG[39m [38;5;3m[LoggingInterceptor] [39m[32mGET /api/ext/ledger/accounts?page=1&pageSize=20 - 200 - 5ms[39m
[95m[Nest] 26296  - [39m2026/08/14 12:27:00 [95m  DEBUG[39m [38;5;3m[SchedulerEngineService] [39m[95m立即执行任务: demo.cron.hello (triggerType=1)[39m
[32m[Nest] 26296  - [39m2026/08/14 12:27:00 [32m    LOG[39m [38;5;3m[DemoCronTaskHandler] [39m[32m[示例Cron任务] 执行中... triggeredAt=2026-08-14T04:27:00.080Z[39m
[32m[Nest] 26296  - [39m2026/08/14 12:27:00 [32m    LOG[39m [38;5;3m[DemoCronTaskHandler] [39m[32m[示例Cron任务] 执行完成: 示例Cron任务执行成功[39m
[32m[Nest] 26296  - [39m2026/08/14 12:27:43 [32m    LOG[39m [38;5;3m[LoggingInterceptor] [39m[32mGET /api/permission-values - 200 - 0ms[39m
[32m[Nest] 26296  - [39m2026/08/14 12:27:43 [32m    LOG[39m [38;5;3m[LoggingInterceptor] [39m[32mGET /api/permission-values - 200 - 0ms[39m
[32m[Nest] 26296  - [39m2026/08/14 12:27:43 [32m    LOG[39m [38;5;3m[LoggingInterceptor] [39m[32mGET /api/install/status - 200 - 78ms[39m
[32m[Nest] 26296  - [39m2026/08/14 12:27:43 [32m    LOG[39m [38;5;3m[LoggingInterceptor] [39m[32mGET /api/install/status - 200 - 78ms[39m
[32m[Nest] 26296  - [39m2026/08/14 12:27:43 [32m    LOG[39m [38;5;3m[LoggingInterceptor] [39m[32mPOST /api/auth/userinfo - 200 - 3ms[39m
[32m[Nest] 26296  - [39m2026/08/14 12:27:43 [32m    LOG[39m [38;5;3m[LoggingInterceptor] [39m[32mPOST /api/auth/userinfo - 200 - 3ms[39m
[32m[Nest] 26296  - [39m2026/08/14 12:27:43 [32m    LOG[39m [38;5;3m[LoggingInterceptor] [39m[32mGET /api/auth/apps - 200 - 2ms[39m
[32m[Nest] 26296  - [39m2026/08/14 12:27:43 [32m    LOG[39m [38;5;3m[LoggingInterceptor] [39m[32mGET /api/auth/apps - 200 - 2ms[39m
[32m[Nest] 26296  - [39m2026/08/14 12:27:43 [32m    LOG[39m [38;5;3m[LoggingInterceptor] [39m[32mGET /api/auth/permissions?appId=b24d49c6-240f-465e-916f-cf72812d5be3 - 200 - 3ms[39m
[32m[Nest] 26296  - [39m2026/08/14 12:27:43 [32m    LOG[39m [38;5;3m[LoggingInterceptor] [39m[32mGET /api/auth/permissions?appId=b24d49c6-240f-465e-916f-cf72812d5be3 - 200 - 3ms[39m
[32m[Nest] 26296  - [39m2026/08/14 12:27:43 [32m    LOG[39m [38;5;3m[LoggingInterceptor] [39m[32mPOST /api/route-sync/check - 200 - 2ms[39m
[32m[Nest] 26296  - [39m2026/08/14 12:27:43 [32m    LOG[39m [38;5;3m[LoggingInterceptor] [39m[32mPOST /api/route-sync/check - 200 - 2ms[39m
[32m[Nest] 26296  - [39m2026/08/14 12:27:43 [32m    LOG[39m [38;5;3m[LoggingInterceptor] [39m[32mGET /api/ext/ledger/accounts?page=1&pageSize=20 - 200 - 3ms[39m
[32m[Nest] 26296  - [39m2026/08/14 12:27:43 [32m    LOG[39m [38;5;3m[LoggingInterceptor] [39m[32mGET /api/ext/ledger/accounts?page=1&pageSize=20 - 200 - 4ms[39m
[95m[Nest] 26296  - [39m2026/08/14 12:28:00 [95m  DEBUG[39m [38;5;3m[SchedulerEngineService] [39m[95m立即执行任务: demo.cron.hello (triggerType=1)[39m
[32m[Nest] 26296  - [39m2026/08/14 12:28:00 [32m    LOG[39m [38;5;3m[DemoCronTaskHandler] [39m[32m[示例Cron任务] 执行中... triggeredAt=2026-08-14T04:28:00.016Z[39m
[32m[Nest] 26296  - [39m2026/08/14 12:28:00 [32m    LOG[39m [38;5;3m[DemoCronTaskHandler] [39m[32m[示例Cron任务] 执行完成: 示例Cron任务执行成功[39m
[32m[Nest] 26296  - [39m2026/08/14 12:28:26 [32m    LOG[39m [38;5;3m[LoggingInterceptor] [39m[32mGET /api/ext/ledger/transfers?page=1&pageSize=20 - 200 - 7ms[39m
[32m[Nest] 26296  - [39m2026/08/14 12:28:26 [32m    LOG[39m [38;5;3m[LoggingInterceptor] [39m[32mGET /api/ext/ledger/transfers?page=1&pageSize=20 - 200 - 9ms[39m
[32m[Nest] 26296  - [39m2026/08/14 12:28:34 [32m    LOG[39m [38;5;3m[LoggingInterceptor] [39m[32mGET /api/ext/ledger/accounts?page=1&pageSize=20 - 200 - 2ms[39m
[32m[Nest] 26296  - [39m2026/08/14 12:28:34 [32m    LOG[39m [38;5;3m[LoggingInterceptor] [39m[32mGET /api/ext/ledger/accounts?page=1&pageSize=20 - 200 - 3ms[39m
[95m[Nest] 26296  - [39m2026/08/14 12:29:00 [95m  DEBUG[39m [38;5;3m[SchedulerEngineService] [39m[95m立即执行任务: demo.cron.hello (triggerType=1)[39m
[32m[Nest] 26296  - [39m2026/08/14 12:29:00 [32m    LOG[39m [38;5;3m[DemoCronTaskHandler] [39m[32m[示例Cron任务] 执行中... triggeredAt=2026-08-14T04:29:00.027Z[39m
[32m[Nest] 26296  - [39m2026/08/14 12:29:00 [32m    LOG[39m [38;5;3m[DemoCronTaskHandler] [39m[32m[示例Cron任务] 执行完成: 示例Cron任务执行成功[39m
[32m[Nest] 26296  - [39m2026/08/14 12:29:19 [32m    LOG[39m [38;5;3m[LoggingInterceptor] [39m[32mGET /api/ext/ledger/accounts?page=1&pageSize=20 - 200 - 3ms[39m
[32m[Nest] 26296  - [39m2026/08/14 12:29:19 [32m    LOG[39m [38;5;3m[LoggingInterceptor] [39m[32mGET /api/ext/ledger/accounts?page=1&pageSize=20 - 200 - 3ms[39m
[95m[Nest] 26296  - [39m2026/08/14 12:30:00 [95m  DEBUG[39m [38;5;3m[SchedulerEngineService] [39m[95m立即执行任务: demo.cron.hello (triggerType=1)[39m
[32m[Nest] 26296  - [39m2026/08/14 12:30:00 [32m    LOG[39m [38;5;3m[DemoCronTaskHandler] [39m[32m[示例Cron任务] 执行中... triggeredAt=2026-08-14T04:30:00.002Z[39m
[32m[Nest] 26296  - [39m2026/08/14 12:30:00 [32m    LOG[39m [38;5;3m[DemoCronTaskHandler] [39m[32m[示例Cron任务] 执行完成: 示例Cron任务执行成功[39m
[32m[Nest] 26296  - [39m2026/08/14 12:30:26 [32m    LOG[39m [38;5;3m[LoggingInterceptor] [39m[32mGET /api/permission-values - 200 - 0ms[39m
[32m[Nest] 26296  - [39m2026/08/14 12:30:26 [32m    LOG[39m [38;5;3m[LoggingInterceptor] [39m[32mGET /api/permission-values - 200 - 0ms[39m
[32m[Nest] 26296  - [39m2026/08/14 12:30:26 [32m    LOG[39m [38;5;3m[LoggingInterceptor] [39m[32mGET /api/install/status - 200 - 60ms[39m
[32m[Nest] 26296  - [39m2026/08/14 12:30:26 [32m    LOG[39m [38;5;3m[LoggingInterceptor] [39m[32mGET /api/install/status - 200 - 60ms[39m
[32m[Nest] 26296  - [39m2026/08/14 12:30:26 [32m    LOG[39m [38;5;3m[LoggingInterceptor] [39m[32mPOST /api/auth/userinfo - 200 - 4ms[39m
[32m[Nest] 26296  - [39m2026/08/14 12:30:26 [32m    LOG[39m [38;5;3m[LoggingInterceptor] [39m[32mPOST /api/auth/userinfo - 200 - 4ms[39m
[32m[Nest] 26296  - [39m2026/08/14 12:30:26 [32m    LOG[39m [38;5;3m[LoggingInterceptor] [39m[32mGET /api/auth/apps - 200 - 1ms[39m
[32m[Nest] 26296  - [39m2026/08/14 12:30:26 [32m    LOG[39m [38;5;3m[LoggingInterceptor] [39m[32mGET /api/auth/apps - 200 - 1ms[39m
[32m[Nest] 26296  - [39m2026/08/14 12:30:26 [32m    LOG[39m [38;5;3m[LoggingInterceptor] [39m[32mGET /api/auth/permissions?appId=b24d49c6-240f-465e-916f-cf72812d5be3 - 200 - 3ms[39m
[32m[Nest] 26296  - [39m2026/08/14 12:30:26 [32m    LOG[39m [38;5;3m[LoggingInterceptor] [39m[32mGET /api/auth/permissions?appId=b24d49c6-240f-465e-916f-cf72812d5be3 - 200 - 5ms[39m
[32m[Nest] 26296  - [39m2026/08/14 12:30:26 [32m    LOG[39m [38;5;3m[LoggingInterceptor] [39m[32mPOST /api/route-sync/check - 200 - 3ms[39m
[32m[Nest] 26296  - [39m2026/08/14 12:30:26 [32m    LOG[39m [38;5;3m[LoggingInterceptor] [39m[32mPOST /api/route-sync/check - 200 - 3ms[39m
[32m[Nest] 26296  - [39m2026/08/14 12:30:26 [32m    LOG[39m [38;5;3m[LoggingInterceptor] [39m[32mGET /api/ext/ledger/accounts?page=1&pageSize=20 - 200 - 5ms[39m
[32m[Nest] 26296  - [39m2026/08/14 12:30:26 [32m    LOG[39m [38;5;3m[LoggingInterceptor] [39m[32mGET /api/ext/ledger/accounts?page=1&pageSize=20 - 200 - 5ms[39m
[32m[Nest] 26296  - [39m2026/08/14 12:30:44 [32m    LOG[39m [38;5;3m[LoggingInterceptor] [39m[32mGET /api/ext/ledger/entries?accountId=54901412-cf68-4482-9245-6d5c0c1cfd23&page=1&pageSize=20 - 200 - 2ms[39m
[32m[Nest] 26296  - [39m2026/08/14 12:30:44 [32m    LOG[39m [38;5;3m[LoggingInterceptor] [39m[32mGET /api/ext/ledger/entries?accountId=54901412-cf68-4482-9245-6d5c0c1cfd23&page=1&pageSize=20 - 200 - 2ms[39m
[32m[Nest] 26296  - [39m2026/08/14 12:30:56 [32m    LOG[39m [38;5;3m[LoggingInterceptor] [39m[32mGET /api/permission-values - 200 - 0ms[39m
[32m[Nest] 26296  - [39m2026/08/14 12:30:56 [32m    LOG[39m [38;5;3m[LoggingInterceptor] [39m[32mGET /api/permission-values - 200 - 0ms[39m
[32m[Nest] 26296  - [39m2026/08/14 12:30:56 [32m    LOG[39m [38;5;3m[LoggingInterceptor] [39m[32mGET /api/install/status - 200 - 118ms[39m
[32m[Nest] 26296  - [39m2026/08/14 12:30:56 [32m    LOG[39m [38;5;3m[LoggingInterceptor] [39m[32mGET /api/install/status - 200 - 118ms[39m
[32m[Nest] 26296  - [39m2026/08/14 12:30:56 [32m    LOG[39m [38;5;3m[LoggingInterceptor] [39m[32mPOST /api/auth/userinfo - 200 - 3ms[39m
[32m[Nest] 26296  - [39m2026/08/14 12:30:56 [32m    LOG[39m [38;5;3m[LoggingInterceptor] [39m[32mPOST /api/auth/userinfo - 200 - 4ms[39m
[32m[Nest] 26296  - [39m2026/08/14 12:30:56 [32m    LOG[39m [38;5;3m[LoggingInterceptor] [39m[32mGET /api/auth/apps - 200 - 4ms[39m
[32m[Nest] 26296  - [39m2026/08/14 12:30:56 [32m    LOG[39m [38;5;3m[LoggingInterceptor] [39m[32mGET /api/auth/apps - 200 - 4ms[39m
[32m[Nest] 26296  - [39m2026/08/14 12:30:57 [32m    LOG[39m [38;5;3m[LoggingInterceptor] [39m[32mGET /api/auth/permissions?appId=b24d49c6-240f-465e-916f-cf72812d5be3 - 200 - 4ms[39m
[32m[Nest] 26296  - [39m2026/08/14 12:30:57 [32m    LOG[39m [38;5;3m[LoggingInterceptor] [39m[32mGET /api/auth/permissions?appId=b24d49c6-240f-465e-916f-cf72812d5be3 - 200 - 4ms[39m
[32m[Nest] 26296  - [39m2026/08/14 12:30:57 [32m    LOG[39m [38;5;3m[LoggingInterceptor] [39m[32mPOST /api/route-sync/check - 200 - 1ms[39m
[32m[Nest] 26296  - [39m2026/08/14 12:30:57 [32m    LOG[39m [38;5;3m[LoggingInterceptor] [39m[32mPOST /api/route-sync/check - 200 - 2ms[39m
[32m[Nest] 26296  - [39m2026/08/14 12:30:57 [32m    LOG[39m [38;5;3m[LoggingInterceptor] [39m[32mGET /api/ext/scheduler/tasks - 200 - 24ms[39m
[32m[Nest] 26296  - [39m2026/08/14 12:30:57 [32m    LOG[39m [38;5;3m[LoggingInterceptor] [39m[32mGET /api/ext/scheduler/tasks - 200 - 24ms[39m
[95m[Nest] 26296  - [39m2026/08/14 12:31:00 [95m  DEBUG[39m [38;5;3m[SchedulerEngineService] [39m[95m立即执行任务: demo.cron.hello (triggerType=1)[39m
[32m[Nest] 26296  - [39m2026/08/14 12:31:00 [32m    LOG[39m [38;5;3m[DemoCronTaskHandler] [39m[32m[示例Cron任务] 执行中... triggeredAt=2026-08-14T04:31:00.014Z[39m
[32m[Nest] 26296  - [39m2026/08/14 12:31:00 [32m    LOG[39m [38;5;3m[DemoCronTaskHandler] [39m[32m[示例Cron任务] 执行完成: 示例Cron任务执行成功[39m
[32m[Nest] 26296  - [39m2026/08/14 12:31:08 [32m    LOG[39m [38;5;3m[LoggingInterceptor] [39m[32mGET /api/ext/scheduler/logs?page=1&pageSize=20 - 200 - 5ms[39m
[32m[Nest] 26296  - [39m2026/08/14 12:31:08 [32m    LOG[39m [38;5;3m[LoggingInterceptor] [39m[32mGET /api/ext/scheduler/logs?page=1&pageSize=20 - 200 - 6ms[39m
[95m[Nest] 26296  - [39m2026/08/14 12:32:00 [95m  DEBUG[39m [38;5;3m[SchedulerEngineService] [39m[95m立即执行任务: demo.cron.hello (triggerType=1)[39m
[32m[Nest] 26296  - [39m2026/08/14 12:32:00 [32m    LOG[39m [38;5;3m[DemoCronTaskHandler] [39m[32m[示例Cron任务] 执行中... triggeredAt=2026-08-14T04:32:00.019Z[39m
[32m[Nest] 26296  - [39m2026/08/14 12:32:00 [32m    LOG[39m [38;5;3m[DemoCronTaskHandler] [39m[32m[示例Cron任务] 执行完成: 示例Cron任务执行成功[39m
[95m[Nest] 26296  - [39m2026/08/14 12:33:00 [95m  DEBUG[39m [38;5;3m[SchedulerEngineService] [39m[95m立即执行任务: demo.cron.hello (triggerType=1)[39m
[32m[Nest] 26296  - [39m2026/08/14 12:33:00 [32m    LOG[39m [38;5;3m[DemoCronTaskHandler] [39m[32m[示例Cron任务] 执行中... triggeredAt=2026-08-14T04:33:00.016Z[39m
[32m[Nest] 26296  - [39m2026/08/14 12:33:00 [32m    LOG[39m [38;5;3m[DemoCronTaskHandler] [39m[32m[示例Cron任务] 执行完成: 示例Cron任务执行成功[39m
[95m[Nest] 26296  - [39m2026/08/14 12:34:00 [95m  DEBUG[39m [38;5;3m[SchedulerEngineService] [39m[95m立即执行任务: demo.cron.hello (triggerType=1)[39m
[32m[Nest] 26296  - [39m2026/08/14 12:34:00 [32m    LOG[39m [38;5;3m[DemoCronTaskHandler] [39m[32m[示例Cron任务] 执行中... triggeredAt=2026-08-14T04:34:00.015Z[39m
[32m[Nest] 26296  - [39m2026/08/14 12:34:00 [32m    LOG[39m [38;5;3m[DemoCronTaskHandler] [39m[32m[示例Cron任务] 执行完成: 示例Cron任务执行成功[39m
[95m[Nest] 26296  - [39m2026/08/14 12:35:00 [95m  DEBUG[39m [38;5;3m[SchedulerEngineService] [39m[95m立即执行任务: demo.cron.hello (triggerType=1)[39m
[32m[Nest] 26296  - [39m2026/08/14 12:35:00 [32m    LOG[39m [38;5;3m[DemoCronTaskHandler] [39m[32m[示例Cron任务] 执行中... triggeredAt=2026-08-14T04:35:00.010Z[39m
[32m[Nest] 26296  - [39m2026/08/14 12:35:00 [32m    LOG[39m [38;5;3m[DemoCronTaskHandler] [39m[32m[示例Cron任务] 执行完成: 示例Cron任务执行成功[39m
[95m[Nest] 26296  - [39m2026/08/14 12:36:00 [95m  DEBUG[39m [38;5;3m[SchedulerEngineService] [39m[95m立即执行任务: demo.cron.hello (triggerType=1)[39m
[32m[Nest] 26296  - [39m2026/08/14 12:36:00 [32m    LOG[39m [38;5;3m[DemoCronTaskHandler] [39m[32m[示例Cron任务] 执行中... triggeredAt=2026-08-14T04:36:00.008Z[39m
[32m[Nest] 26296  - [39m2026/08/14 12:36:00 [32m    LOG[39m [38;5;3m[DemoCronTaskHandler] [39m[32m[示例Cron任务] 执行完成: 示例Cron任务执行成功[39m
[95m[Nest] 26296  - [39m2026/08/14 12:37:00 [95m  DEBUG[39m [38;5;3m[SchedulerEngineService] [39m[95m立即执行任务: demo.cron.hello (triggerType=1)[39m
[32m[Nest] 26296  - [39m2026/08/14 12:37:00 [32m    LOG[39m [38;5;3m[DemoCronTaskHandler] [39m[32m[示例Cron任务] 执行中... triggeredAt=2026-08-14T04:37:00.011Z[39m
[32m[Nest] 26296  - [39m2026/08/14 12:37:00 [32m    LOG[39m [38;5;3m[DemoCronTaskHandler] [39m[32m[示例Cron任务] 执行完成: 示例Cron任务执行成功[39m
[95m[Nest] 26296  - [39m2026/08/14 12:38:00 [95m  DEBUG[39m [38;5;3m[SchedulerEngineService] [39m[95m立即执行任务: demo.cron.hello (triggerType=1)[39m
[32m[Nest] 26296  - [39m2026/08/14 12:38:00 [32m    LOG[39m [38;5;3m[DemoCronTaskHandler] [39m[32m[示例Cron任务] 执行中... triggeredAt=2026-08-14T04:38:00.010Z[39m
[32m[Nest] 26296  - [39m2026/08/14 12:38:00 [32m    LOG[39m [38;5;3m[DemoCronTaskHandler] [39m[32m[示例Cron任务] 执行完成: 示例Cron任务执行成功[39m
[95m[Nest] 26296  - [39m2026/08/14 12:39:00 [95m  DEBUG[39m [38;5;3m[SchedulerEngineService] [39m[95m立即执行任务: demo.cron.hello (triggerType=1)[39m
[32m[Nest] 26296  - [39m2026/08/14 12:39:00 [32m    LOG[39m [38;5;3m[DemoCronTaskHandler] [39m[32m[示例Cron任务] 执行中... triggeredAt=2026-08-14T04:39:00.012Z[39m
[32m[Nest] 26296  - [39m2026/08/14 12:39:00 [32m    LOG[39m [38;5;3m[DemoCronTaskHandler] [39m[32m[示例Cron任务] 执行完成: 示例Cron任务执行成功[39m
[95m[Nest] 26296  - [39m2026/08/14 12:40:00 [95m  DEBUG[39m [38;5;3m[SchedulerEngineService] [39m[95m立即执行任务: demo.cron.hello (triggerType=1)[39m
[32m[Nest] 26296  - [39m2026/08/14 12:40:00 [32m    LOG[39m [38;5;3m[DemoCronTaskHandler] [39m[32m[示例Cron任务] 执行中... triggeredAt=2026-08-14T04:40:00.010Z[39m
[32m[Nest] 26296  - [39m2026/08/14 12:40:00 [32m    LOG[39m [38;5;3m[DemoCronTaskHandler] [39m[32m[示例Cron任务] 执行完成: 示例Cron任务执行成功[39m
[95m[Nest] 26296  - [39m2026/08/14 12:41:00 [95m  DEBUG[39m [38;5;3m[SchedulerEngineService] [39m[95m立即执行任务: demo.cron.hello (triggerType=1)[39m
[32m[Nest] 26296  - [39m2026/08/14 12:41:00 [32m    LOG[39m [38;5;3m[DemoCronTaskHandler] [39m[32m[示例Cron任务] 执行中... triggeredAt=2026-08-14T04:41:00.020Z[39m
[32m[Nest] 26296  - [39m2026/08/14 12:41:00 [32m    LOG[39m [38;5;3m[DemoCronTaskHandler] [39m[32m[示例Cron任务] 执行完成: 示例Cron任务执行成功[39m
[95m[Nest] 26296  - [39m2026/08/14 12:42:00 [95m  DEBUG[39m [38;5;3m[SchedulerEngineService] [39m[95m立即执行任务: demo.cron.hello (triggerType=1)[39m
[32m[Nest] 26296  - [39m2026/08/14 12:42:00 [32m    LOG[39m [38;5;3m[DemoCronTaskHandler] [39m[32m[示例Cron任务] 执行中... triggeredAt=2026-08-14T04:42:00.006Z[39m
[32m[Nest] 26296  - [39m2026/08/14 12:42:00 [32m    LOG[39m [38;5;3m[DemoCronTaskHandler] [39m[32m[示例Cron任务] 执行完成: 示例Cron任务执行成功[39m
[95m[Nest] 26296  - [39m2026/08/14 12:43:00 [95m  DEBUG[39m [38;5;3m[SchedulerEngineService] [39m[95m立即执行任务: demo.cron.hello (triggerType=1)[39m
[32m[Nest] 26296  - [39m2026/08/14 12:43:00 [32m    LOG[39m [38;5;3m[DemoCronTaskHandler] [39m[32m[示例Cron任务] 执行中... triggeredAt=2026-08-14T04:43:00.003Z[39m
[32m[Nest] 26296  - [39m2026/08/14 12:43:00 [32m    LOG[39m [38;5;3m[DemoCronTaskHandler] [39m[32m[示例Cron任务] 执行完成: 示例Cron任务执行成功[39m
[95m[Nest] 26296  - [39m2026/08/14 12:44:00 [95m  DEBUG[39m [38;5;3m[SchedulerEngineService] [39m[95m立即执行任务: demo.cron.hello (triggerType=1)[39m
[32m[Nest] 26296  - [39m2026/08/14 12:44:00 [32m    LOG[39m [38;5;3m[DemoCronTaskHandler] [39m[32m[示例Cron任务] 执行中... triggeredAt=2026-08-14T04:44:00.017Z[39m
[32m[Nest] 26296  - [39m2026/08/14 12:44:00 [32m    LOG[39m [38;5;3m[DemoCronTaskHandler] [39m[32m[示例Cron任务] 执行完成: 示例Cron任务执行成功[39m
[95m[Nest] 26296  - [39m2026/08/14 12:45:00 [95m  DEBUG[39m [38;5;3m[SchedulerEngineService] [39m[95m立即执行任务: demo.cron.hello (triggerType=1)[39m
[32m[Nest] 26296  - [39m2026/08/14 12:45:00 [32m    LOG[39m [38;5;3m[DemoCronTaskHandler] [39m[32m[示例Cron任务] 执行中... triggeredAt=2026-08-14T04:45:00.015Z[39m
[32m[Nest] 26296  - [39m2026/08/14 12:45:00 [32m    LOG[39m [38;5;3m[DemoCronTaskHandler] [39m[32m[示例Cron任务] 执行完成: 示例Cron任务执行成功[39m
[32m[Nest] 26296  - [39m2026/08/14 12:45:47 [32m    LOG[39m [38;5;3m[LoggingInterceptor] [39m[32mGET /api/install/status - 200 - 2ms[39m
[32m[Nest] 26296  - [39m2026/08/14 12:45:47 [32m    LOG[39m [38;5;3m[LoggingInterceptor] [39m[32mGET /api/install/status - 200 - 3ms[39m
[32m[Nest] 26296  - [39m2026/08/14 12:45:48 [32m    LOG[39m [38;5;3m[LoggingInterceptor] [39m[32mGET /api/permission-values - 200 - 1ms[39m
[32m[Nest] 26296  - [39m2026/08/14 12:45:48 [32m    LOG[39m [38;5;3m[LoggingInterceptor] [39m[32mGET /api/permission-values - 200 - 1ms[39m
[32m[Nest] 26296  - [39m2026/08/14 12:45:48 [32m    LOG[39m [38;5;3m[LoggingInterceptor] [39m[32mGET /api/permission-values - 200 - 0ms[39m
[32m[Nest] 26296  - [39m2026/08/14 12:45:48 [32m    LOG[39m [38;5;3m[LoggingInterceptor] [39m[32mGET /api/permission-values - 200 - 0ms[39m
[32m[Nest] 26296  - [39m2026/08/14 12:45:48 [32m    LOG[39m [38;5;3m[LoggingInterceptor] [39m[32mPOST /api/auth/userinfo - 200 - 4ms[39m
[32m[Nest] 26296  - [39m2026/08/14 12:45:48 [32m    LOG[39m [38;5;3m[LoggingInterceptor] [39m[32mPOST /api/auth/userinfo - 200 - 4ms[39m
[32m[Nest] 26296  - [39m2026/08/14 12:45:48 [32m    LOG[39m [38;5;3m[LoggingInterceptor] [39m[32mGET /api/auth/apps - 200 - 2ms[39m
[32m[Nest] 26296  - [39m2026/08/14 12:45:48 [32m    LOG[39m [38;5;3m[LoggingInterceptor] [39m[32mGET /api/auth/apps - 200 - 2ms[39m
[32m[Nest] 26296  - [39m2026/08/14 12:45:48 [32m    LOG[39m [38;5;3m[LoggingInterceptor] [39m[32mGET /api/auth/permissions?appId=b24d49c6-240f-465e-916f-cf72812d5be3 - 200 - 5ms[39m
[32m[Nest] 26296  - [39m2026/08/14 12:45:48 [32m    LOG[39m [38;5;3m[LoggingInterceptor] [39m[32mGET /api/auth/permissions?appId=b24d49c6-240f-465e-916f-cf72812d5be3 - 200 - 5ms[39m
[32m[Nest] 26296  - [39m2026/08/14 12:45:48 [32m    LOG[39m [38;5;3m[LoggingInterceptor] [39m[32mPOST /api/route-sync/check - 200 - 3ms[39m
[32m[Nest] 26296  - [39m2026/08/14 12:45:48 [32m    LOG[39m [38;5;3m[LoggingInterceptor] [39m[32mPOST /api/route-sync/check - 200 - 3ms[39m
[32m[Nest] 26296  - [39m2026/08/14 12:45:48 [32m    LOG[39m [38;5;3m[LoggingInterceptor] [39m[32mGET /api/ext/ledger/accounts?page=1&pageSize=20 - 200 - 4ms[39m
[32m[Nest] 26296  - [39m2026/08/14 12:45:48 [32m    LOG[39m [38;5;3m[LoggingInterceptor] [39m[32mGET /api/ext/ledger/accounts?page=1&pageSize=20 - 200 - 4ms[39m
[32m[Nest] 26296  - [39m2026/08/14 12:45:55 [32m    LOG[39m [38;5;3m[LoggingInterceptor] [39m[32mGET /api/install/status - 200 - 3ms[39m
[32m[Nest] 26296  - [39m2026/08/14 12:45:55 [32m    LOG[39m [38;5;3m[LoggingInterceptor] [39m[32mGET /api/install/status - 200 - 3ms[39m
[32m[Nest] 26296  - [39m2026/08/14 12:45:55 [32m    LOG[39m [38;5;3m[LoggingInterceptor] [39m[32mGET /api/permission-values - 200 - 0ms[39m
[32m[Nest] 26296  - [39m2026/08/14 12:45:55 [32m    LOG[39m [38;5;3m[LoggingInterceptor] [39m[32mGET /api/permission-values - 200 - 1ms[39m
[32m[Nest] 26296  - [39m2026/08/14 12:45:55 [32m    LOG[39m [38;5;3m[LoggingInterceptor] [39m[32mPOST /api/auth/userinfo - 200 - 4ms[39m
[32m[Nest] 26296  - [39m2026/08/14 12:45:55 [32m    LOG[39m [38;5;3m[LoggingInterceptor] [39m[32mPOST /api/auth/userinfo - 200 - 4ms[39m
[32m[Nest] 26296  - [39m2026/08/14 12:45:55 [32m    LOG[39m [38;5;3m[LoggingInterceptor] [39m[32mGET /api/auth/apps - 200 - 1ms[39m
[32m[Nest] 26296  - [39m2026/08/14 12:45:55 [32m    LOG[39m [38;5;3m[LoggingInterceptor] [39m[32mGET /api/auth/apps - 200 - 2ms[39m
[32m[Nest] 26296  - [39m2026/08/14 12:45:55 [32m    LOG[39m [38;5;3m[LoggingInterceptor] [39m[32mGET /api/auth/permissions?appId=b24d49c6-240f-465e-916f-cf72812d5be3 - 200 - 3ms[39m
[32m[Nest] 26296  - [39m2026/08/14 12:45:55 [32m    LOG[39m [38;5;3m[LoggingInterceptor] [39m[32mGET /api/auth/permissions?appId=b24d49c6-240f-465e-916f-cf72812d5be3 - 200 - 4ms[39m
[32m[Nest] 26296  - [39m2026/08/14 12:45:56 [32m    LOG[39m [38;5;3m[LoggingInterceptor] [39m[32mPOST /api/route-sync/check - 200 - 2ms[39m
[32m[Nest] 26296  - [39m2026/08/14 12:45:56 [32m    LOG[39m [38;5;3m[LoggingInterceptor] [39m[32mPOST /api/route-sync/check - 200 - 2ms[39m
[32m[Nest] 26296  - [39m2026/08/14 12:45:56 [32m    LOG[39m [38;5;3m[LoggingInterceptor] [39m[32mGET /api/ext/ledger/accounts?page=1&pageSize=20 - 200 - 3ms[39m
[32m[Nest] 26296  - [39m2026/08/14 12:45:56 [32m    LOG[39m [38;5;3m[LoggingInterceptor] [39m[32mGET /api/ext/ledger/accounts?page=1&pageSize=20 - 200 - 4ms[39m
[32m[Nest] 26296  - [39m2026/08/14 12:45:57 [32m    LOG[39m [38;5;3m[LoggingInterceptor] [39m[32mGET /api/ext/ledger/transfers?page=1&pageSize=20 - 200 - 3ms[39m
[32m[Nest] 26296  - [39m2026/08/14 12:45:57 [32m    LOG[39m [38;5;3m[LoggingInterceptor] [39m[32mGET /api/ext/ledger/transfers?page=1&pageSize=20 - 200 - 4ms[39m
[95m[Nest] 26296  - [39m2026/08/14 12:46:00 [95m  DEBUG[39m [38;5;3m[SchedulerEngineService] [39m[95m立即执行任务: demo.cron.hello (triggerType=1)[39m
[32m[Nest] 26296  - [39m2026/08/14 12:46:00 [32m    LOG[39m [38;5;3m[DemoCronTaskHandler] [39m[32m[示例Cron任务] 执行中... triggeredAt=2026-08-14T04:46:00.002Z[39m
[32m[Nest] 26296  - [39m2026/08/14 12:46:00 [32m    LOG[39m [38;5;3m[DemoCronTaskHandler] [39m[32m[示例Cron任务] 执行完成: 示例Cron任务执行成功[39m
[32m[Nest] 26296  - [39m2026/08/14 12:46:05 [32m    LOG[39m [38;5;3m[LoggingInterceptor] [39m[32mGET /api/ext/ledger/accounts?page=1&pageSize=20 - 200 - 3ms[39m
[32m[Nest] 26296  - [39m2026/08/14 12:46:05 [32m    LOG[39m [38;5;3m[LoggingInterceptor] [39m[32mGET /api/ext/ledger/accounts?page=1&pageSize=20 - 200 - 4ms[39m
[95m[Nest] 26296  - [39m2026/08/14 12:47:00 [95m  DEBUG[39m [38;5;3m[SchedulerEngineService] [39m[95m立即执行任务: demo.cron.hello (triggerType=1)[39m
[32m[Nest] 26296  - [39m2026/08/14 12:47:00 [32m    LOG[39m [38;5;3m[DemoCronTaskHandler] [39m[32m[示例Cron任务] 执行中... triggeredAt=2026-08-14T04:47:00.001Z[39m
[32m[Nest] 26296  - [39m2026/08/14 12:47:00 [32m    LOG[39m [38;5;3m[DemoCronTaskHandler] [39m[32m[示例Cron任务] 执行完成: 示例Cron任务执行成功[39m
[95m[Nest] 26296  - [39m2026/08/14 12:48:00 [95m  DEBUG[39m [38;5;3m[SchedulerEngineService] [39m[95m立即执行任务: demo.cron.hello (triggerType=1)[39m
[32m[Nest] 26296  - [39m2026/08/14 12:48:00 [32m    LOG[39m [38;5;3m[DemoCronTaskHandler] [39m[32m[示例Cron任务] 执行中... triggeredAt=2026-08-14T04:48:00.020Z[39m
[32m[Nest] 26296  - [39m2026/08/14 12:48:00 [32m    LOG[39m [38;5;3m[DemoCronTaskHandler] [39m[32m[示例Cron任务] 执行完成: 示例Cron任务执行成功[39m
[32m[Nest] 26296  - [39m2026/08/14 12:48:10 [32m    LOG[39m [38;5;3m[LoggingInterceptor] [39m[32mGET /api/ext/ledger/transfers?page=1&pageSize=20 - 200 - 7ms[39m
[32m[Nest] 26296  - [39m2026/08/14 12:48:10 [32m    LOG[39m [38;5;3m[LoggingInterceptor] [39m[32mGET /api/ext/ledger/transfers?page=1&pageSize=20 - 200 - 8ms[39m
[95m[Nest] 26296  - [39m2026/08/14 12:49:00 [95m  DEBUG[39m [38;5;3m[SchedulerEngineService] [39m[95m立即执行任务: demo.cron.hello (triggerType=1)[39m
[32m[Nest] 26296  - [39m2026/08/14 12:49:00 [32m    LOG[39m [38;5;3m[DemoCronTaskHandler] [39m[32m[示例Cron任务] 执行中... triggeredAt=2026-08-14T04:49:00.011Z[39m
[32m[Nest] 26296  - [39m2026/08/14 12:49:00 [32m    LOG[39m [38;5;3m[DemoCronTaskHandler] [39m[32m[示例Cron任务] 执行完成: 示例Cron任务执行成功[39m
[32m[Nest] 26296  - [39m2026/08/14 12:49:17 [32m    LOG[39m [38;5;3m[LoggingInterceptor] [39m[32mGET /api/ext/ledger/reconcile/reports?page=1&pageSize=20 - 200 - 2ms[39m
[32m[Nest] 26296  - [39m2026/08/14 12:49:17 [32m    LOG[39m [38;5;3m[LoggingInterceptor] [39m[32mGET /api/ext/ledger/reconcile/reports?page=1&pageSize=20 - 200 - 2ms[39m
[95m[Nest] 26296  - [39m2026/08/14 12:50:00 [95m  DEBUG[39m [38;5;3m[SchedulerEngineService] [39m[95m立即执行任务: demo.cron.hello (triggerType=1)[39m
[32m[Nest] 26296  - [39m2026/08/14 12:50:00 [32m    LOG[39m [38;5;3m[DemoCronTaskHandler] [39m[32m[示例Cron任务] 执行中... triggeredAt=2026-08-14T04:50:00.004Z[39m
[32m[Nest] 26296  - [39m2026/08/14 12:50:00 [32m    LOG[39m [38;5;3m[DemoCronTaskHandler] [39m[32m[示例Cron任务] 执行完成: 示例Cron任务执行成功[39m
[95m[Nest] 26296  - [39m2026/08/14 12:51:00 [95m  DEBUG[39m [38;5;3m[SchedulerEngineService] [39m[95m立即执行任务: demo.cron.hello (triggerType=1)[39m
[32m[Nest] 26296  - [39m2026/08/14 12:51:00 [32m    LOG[39m [38;5;3m[DemoCronTaskHandler] [39m[32m[示例Cron任务] 执行中... triggeredAt=2026-08-14T04:51:00.005Z[39m
[32m[Nest] 26296  - [39m2026/08/14 12:51:00 [32m    LOG[39m [38;5;3m[DemoCronTaskHandler] [39m[32m[示例Cron任务] 执行完成: 示例Cron任务执行成功[39m
[95m[Nest] 26296  - [39m2026/08/14 12:52:00 [95m  DEBUG[39m [38;5;3m[SchedulerEngineService] [39m[95m立即执行任务: demo.cron.hello (triggerType=1)[39m
[32m[Nest] 26296  - [39m2026/08/14 12:52:00 [32m    LOG[39m [38;5;3m[DemoCronTaskHandler] [39m[32m[示例Cron任务] 执行中... triggeredAt=2026-08-14T04:52:00.006Z[39m
[32m[Nest] 26296  - [39m2026/08/14 12:52:00 [32m    LOG[39m [38;5;3m[DemoCronTaskHandler] [39m[32m[示例Cron任务] 执行完成: 示例Cron任务执行成功[39m
[95m[Nest] 26296  - [39m2026/08/14 12:53:00 [95m  DEBUG[39m [38;5;3m[SchedulerEngineService] [39m[95m立即执行任务: demo.cron.hello (triggerType=1)[39m
[32m[Nest] 26296  - [39m2026/08/14 12:53:00 [32m    LOG[39m [38;5;3m[DemoCronTaskHandler] [39m[32m[示例Cron任务] 执行中... triggeredAt=2026-08-14T04:53:00.007Z[39m
[32m[Nest] 26296  - [39m2026/08/14 12:53:00 [32m    LOG[39m [38;5;3m[DemoCronTaskHandler] [39m[32m[示例Cron任务] 执行完成: 示例Cron任务执行成功[39m
[95m[Nest] 26296  - [39m2026/08/14 12:54:00 [95m  DEBUG[39m [38;5;3m[SchedulerEngineService] [39m[95m立即执行任务: demo.cron.hello (triggerType=1)[39m
[32m[Nest] 26296  - [39m2026/08/14 12:54:00 [32m    LOG[39m [38;5;3m[DemoCronTaskHandler] [39m[32m[示例Cron任务] 执行中... triggeredAt=2026-08-14T04:54:00.004Z[39m
[32m[Nest] 26296  - [39m2026/08/14 12:54:00 [32m    LOG[39m [38;5;3m[DemoCronTaskHandler] [39m[32m[示例Cron任务] 执行完成: 示例Cron任务执行成功[39m
[95m[Nest] 26296  - [39m2026/08/14 12:55:00 [95m  DEBUG[39m [38;5;3m[SchedulerEngineService] [39m[95m立即执行任务: demo.cron.hello (triggerType=1)[39m
[32m[Nest] 26296  - [39m2026/08/14 12:55:00 [32m    LOG[39m [38;5;3m[DemoCronTaskHandler] [39m[32m[示例Cron任务] 执行中... triggeredAt=2026-08-14T04:55:00.011Z[39m
[32m[Nest] 26296  - [39m2026/08/14 12:55:00 [32m    LOG[39m [38;5;3m[DemoCronTaskHandler] [39m[32m[示例Cron任务] 执行完成: 示例Cron任务执行成功[39m
[95m[Nest] 26296  - [39m2026/08/14 12:56:02 [95m  DEBUG[39m [38;5;3m[SchedulerEngineService] [39m[95m立即执行任务: demo.cron.hello (triggerType=1)[39m
[32m[Nest] 26296  - [39m2026/08/14 12:56:02 [32m    LOG[39m [38;5;3m[DemoCronTaskHandler] [39m[32m[示例Cron任务] 执行中... triggeredAt=2026-08-14T04:56:02.577Z[39m
[32m[Nest] 26296  - [39m2026/08/14 12:56:02 [32m    LOG[39m [38;5;3m[DemoCronTaskHandler] [39m[32m[示例Cron任务] 执行完成: 示例Cron任务执行成功[39m
[95m[Nest] 26296  - [39m2026/08/14 12:57:00 [95m  DEBUG[39m [38;5;3m[SchedulerEngineService] [39m[95m立即执行任务: demo.cron.hello (triggerType=1)[39m
[32m[Nest] 26296  - [39m2026/08/14 12:57:00 [32m    LOG[39m [38;5;3m[DemoCronTaskHandler] [39m[32m[示例Cron任务] 执行中... triggeredAt=2026-08-14T04:57:00.004Z[39m
[32m[Nest] 26296  - [39m2026/08/14 12:57:00 [32m    LOG[39m [38;5;3m[DemoCronTaskHandler] [39m[32m[示例Cron任务] 执行完成: 示例Cron任务执行成功[39m
[95m[Nest] 26296  - [39m2026/08/14 12:58:00 [95m  DEBUG[39m [38;5;3m[SchedulerEngineService] [39m[95m立即执行任务: demo.cron.hello (triggerType=1)[39m
[32m[Nest] 26296  - [39m2026/08/14 12:58:00 [32m    LOG[39m [38;5;3m[DemoCronTaskHandler] [39m[32m[示例Cron任务] 执行中... triggeredAt=2026-08-14T04:58:00.009Z[39m
[32m[Nest] 26296  - [39m2026/08/14 12:58:00 [32m    LOG[39m [38;5;3m[DemoCronTaskHandler] [39m[32m[示例Cron任务] 执行完成: 示例Cron任务执行成功[39m
[95m[Nest] 26296  - [39m2026/08/14 12:59:00 [95m  DEBUG[39m [38;5;3m[SchedulerEngineService] [39m[95m立即执行任务: demo.cron.hello (triggerType=1)[39m
[32m[Nest] 26296  - [39m2026/08/14 12:59:00 [32m    LOG[39m [38;5;3m[DemoCronTaskHandler] [39m[32m[示例Cron任务] 执行中... triggeredAt=2026-08-14T04:59:00.003Z[39m
[32m[Nest] 26296  - [39m2026/08/14 12:59:00 [32m    LOG[39m [38;5;3m[DemoCronTaskHandler] [39m[32m[示例Cron任务] 执行完成: 示例Cron任务执行成功[39m
[95m[Nest] 26296  - [39m2026/08/14 13:00:00 [95m  DEBUG[39m [38;5;3m[SchedulerEngineService] [39m[95m立即执行任务: demo.cron.hello (triggerType=1)[39m
[32m[Nest] 26296  - [39m2026/08/14 13:00:00 [32m    LOG[39m [38;5;3m[DemoCronTaskHandler] [39m[32m[示例Cron任务] 执行中... triggeredAt=2026-08-14T05:00:00.015Z[39m
[32m[Nest] 26296  - [39m2026/08/14 13:00:00 [32m    LOG[39m [38;5;3m[DemoCronTaskHandler] [39m[32m[示例Cron任务] 执行完成: 示例Cron任务执行成功[39m
[95m[Nest] 26296  - [39m2026/08/14 13:01:00 [95m  DEBUG[39m [38;5;3m[SchedulerEngineService] [39m[95m立即执行任务: demo.cron.hello (triggerType=1)[39m
[32m[Nest] 26296  - [39m2026/08/14 13:01:00 [32m    LOG[39m [38;5;3m[DemoCronTaskHandler] [39m[32m[示例Cron任务] 执行中... triggeredAt=2026-08-14T05:01:00.012Z[39m
[32m[Nest] 26296  - [39m2026/08/14 13:01:00 [32m    LOG[39m [38;5;3m[DemoCronTaskHandler] [39m[32m[示例Cron任务] 执行完成: 示例Cron任务执行成功[39m
[95m[Nest] 26296  - [39m2026/08/14 13:02:00 [95m  DEBUG[39m [38;5;3m[SchedulerEngineService] [39m[95m立即执行任务: demo.cron.hello (triggerType=1)[39m
[32m[Nest] 26296  - [39m2026/08/14 13:02:00 [32m    LOG[39m [38;5;3m[DemoCronTaskHandler] [39m[32m[示例Cron任务] 执行中... triggeredAt=2026-08-14T05:02:00.012Z[39m
[32m[Nest] 26296  - [39m2026/08/14 13:02:00 [32m    LOG[39m [38;5;3m[DemoCronTaskHandler] [39m[32m[示例Cron任务] 执行完成: 示例Cron任务执行成功[39m
[95m[Nest] 26296  - [39m2026/08/14 13:03:00 [95m  DEBUG[39m [38;5;3m[SchedulerEngineService] [39m[95m立即执行任务: demo.cron.hello (triggerType=1)[39m
[32m[Nest] 26296  - [39m2026/08/14 13:03:00 [32m    LOG[39m [38;5;3m[DemoCronTaskHandler] [39m[32m[示例Cron任务] 执行中... triggeredAt=2026-08-14T05:03:00.005Z[39m
[32m[Nest] 26296  - [39m2026/08/14 13:03:00 [32m    LOG[39m [38;5;3m[DemoCronTaskHandler] [39m[32m[示例Cron任务] 执行完成: 示例Cron任务执行成功[39m
[95m[Nest] 26296  - [39m2026/08/14 13:04:00 [95m  DEBUG[39m [38;5;3m[SchedulerEngineService] [39m[95m立即执行任务: demo.cron.hello (triggerType=1)[39m
[32m[Nest] 26296  - [39m2026/08/14 13:04:00 [32m    LOG[39m [38;5;3m[DemoCronTaskHandler] [39m[32m[示例Cron任务] 执行中... triggeredAt=2026-08-14T05:04:00.011Z[39m
[32m[Nest] 26296  - [39m2026/08/14 13:04:00 [32m    LOG[39m [38;5;3m[DemoCronTaskHandler] [39m[32m[示例Cron任务] 执行完成: 示例Cron任务执行成功[39m
[95m[Nest] 26296  - [39m2026/08/14 13:05:00 [95m  DEBUG[39m [38;5;3m[SchedulerEngineService] [39m[95m立即执行任务: demo.cron.hello (triggerType=1)[39m
[32m[Nest] 26296  - [39m2026/08/14 13:05:00 [32m    LOG[39m [38;5;3m[DemoCronTaskHandler] [39m[32m[示例Cron任务] 执行中... triggeredAt=2026-08-14T05:05:00.002Z[39m
[32m[Nest] 26296  - [39m2026/08/14 13:05:00 [32m    LOG[39m [38;5;3m[DemoCronTaskHandler] [39m[32m[示例Cron任务] 执行完成: 示例Cron任务执行成功[39m
[95m[Nest] 26296  - [39m2026/08/14 13:06:00 [95m  DEBUG[39m [38;5;3m[SchedulerEngineService] [39m[95m立即执行任务: demo.cron.hello (triggerType=1)[39m
[32m[Nest] 26296  - [39m2026/08/14 13:06:00 [32m    LOG[39m [38;5;3m[DemoCronTaskHandler] [39m[32m[示例Cron任务] 执行中... triggeredAt=2026-08-14T05:06:00.002Z[39m
[32m[Nest] 26296  - [39m2026/08/14 13:06:00 [32m    LOG[39m [38;5;3m[DemoCronTaskHandler] [39m[32m[示例Cron任务] 执行完成: 示例Cron任务执行成功[39m
[95m[Nest] 26296  - [39m2026/08/14 13:07:00 [95m  DEBUG[39m [38;5;3m[SchedulerEngineService] [39m[95m立即执行任务: demo.cron.hello (triggerType=1)[39m
[32m[Nest] 26296  - [39m2026/08/14 13:07:00 [32m    LOG[39m [38;5;3m[DemoCronTaskHandler] [39m[32m[示例Cron任务] 执行中... triggeredAt=2026-08-14T05:07:00.002Z[39m
[32m[Nest] 26296  - [39m2026/08/14 13:07:00 [32m    LOG[39m [38;5;3m[DemoCronTaskHandler] [39m[32m[示例Cron任务] 执行完成: 示例Cron任务执行成功[39m
[95m[Nest] 26296  - [39m2026/08/14 13:08:00 [95m  DEBUG[39m [38;5;3m[SchedulerEngineService] [39m[95m立即执行任务: demo.cron.hello (triggerType=1)[39m
[32m[Nest] 26296  - [39m2026/08/14 13:08:00 [32m    LOG[39m [38;5;3m[DemoCronTaskHandler] [39m[32m[示例Cron任务] 执行中... triggeredAt=2026-08-14T05:08:00.014Z[39m
[32m[Nest] 26296  - [39m2026/08/14 13:08:00 [32m    LOG[39m [38;5;3m[DemoCronTaskHandler] [39m[32m[示例Cron任务] 执行完成: 示例Cron任务执行成功[39m
[95m[Nest] 26296  - [39m2026/08/14 13:09:00 [95m  DEBUG[39m [38;5;3m[SchedulerEngineService] [39m[95m立即执行任务: demo.cron.hello (triggerType=1)[39m
[32m[Nest] 26296  - [39m2026/08/14 13:09:00 [32m    LOG[39m [38;5;3m[DemoCronTaskHandler] [39m[32m[示例Cron任务] 执行中... triggeredAt=2026-08-14T05:09:00.006Z[39m
[32m[Nest] 26296  - [39m2026/08/14 13:09:00 [32m    LOG[39m [38;5;3m[DemoCronTaskHandler] [39m[32m[示例Cron任务] 执行完成: 示例Cron任务执行成功[39m
[钩子] 用户登录前: admin
[钩子] 用户登录成功: admin
[32m[Nest] 26296  - [39m2026/08/14 13:09:32 [32m    LOG[39m [38;5;3m[LoggingInterceptor] [39m[32mPOST /api/auth/login - 200 - 540ms[39m
[32m[Nest] 26296  - [39m2026/08/14 13:09:32 [32m    LOG[39m [38;5;3m[LoggingInterceptor] [39m[32mPOST /api/auth/login - 200 - 540ms[39m
[钩子] 用户登录前: admin
[钩子] 用户登录成功: admin
[32m[Nest] 26296  - [39m2026/08/14 13:09:40 [32m    LOG[39m [38;5;3m[LoggingInterceptor] [39m[32mPOST /api/auth/login - 200 - 399ms[39m
[32m[Nest] 26296  - [39m2026/08/14 13:09:40 [32m    LOG[39m [38;5;3m[LoggingInterceptor] [39m[32mPOST /api/auth/login - 200 - 399ms[39m
[33m[Nest] 26296  - [39m2026/08/14 13:09:40 [33m   WARN[39m [38;5;3m[AllExceptionsFilter] [39m[33m[GET] /api/demo/ledger-spi/overview - 404: Cannot GET /api/demo/ledger-spi/overview[39m
[95m[Nest] 26296  - [39m2026/08/14 13:10:00 [95m  DEBUG[39m [38;5;3m[SchedulerEngineService] [39m[95m立即执行任务: demo.cron.hello (triggerType=1)[39m
[32m[Nest] 26296  - [39m2026/08/14 13:10:00 [32m    LOG[39m [38;5;3m[DemoCronTaskHandler] [39m[32m[示例Cron任务] 执行中... triggeredAt=2026-08-14T05:10:00.015Z[39m
[32m[Nest] 26296  - [39m2026/08/14 13:10:00 [32m    LOG[39m [38;5;3m[DemoCronTaskHandler] [39m[32m[示例Cron任务] 执行完成: 示例Cron任务执行成功[39m
